{"level":"INFO","message":"[5:21:16.243 AM]: Creating new connection object"}
{"level":"INFO","message":"[5:21:16.250 AM]: Creating Connection[id: b00d4d1a-aa16-4038-9060-ce77d3ff68d5] with host: NJ39494.ap-southeast-2.snowflakecomputing.com, account: NJ39494, accessUrl: https://NJ39494.ap-southeast-2.snowflakecomputing.com, user: ARMADHANIHIRO, role: ACCOUNTADMIN, database: ECHO_DB, schema: CORE, warehouse: ECHO_WH, proxy was not configured, password is provided, region: ap-southeast-2, authenticator: SNOWFLAKE, ocsp mode: FAIL_OPEN, os: win32, os version: 10.0.26200"}
{"level":"INFO","message":"[5:21:16.250 AM]: Connection[id: b00d4d1a-aa16-4038-9060-ce77d3ff68d5] additional details: passcode in password is provided, passcode is not provided, private key is not provided, application: ECHO, client name: snowflake-sdk, client version: 3.1.0, retry timeout: 300, private key path: undefined, private key pass is not provided, client store temporary credential: false, browser response timeout: 120000"}
{"level":"INFO","message":"[5:21:16.251 AM]: Connection[id: b00d4d1a-aa16-4038-9060-ce77d3ff68d5] - connection object created successfully."}
{"level":"INFO","message":"[5:21:16.251 AM]: Connection[id: b00d4d1a-aa16-4038-9060-ce77d3ff68d5] - async connecting. Associated Snowflake domain: GLOBAL"}
{"level":"INFO","message":"[5:21:16.252 AM]: Trying to initialize Easy Logging"}
{"level":"INFO","message":"[5:21:16.279 AM]: No client config detected."}
{"level":"INFO","message":"[5:21:16.281 AM]: No config file path found. Client config will not be used."}
{"level":"INFO","message":"[5:21:16.282 AM]: Easy Logging is disabled as no config has been found"}
{"level":"INFO","message":"[5:21:16.284 AM]: Connection[id: b00d4d1a-aa16-4038-9060-ce77d3ff68d5] - authentication successful using: SNOWFLAKE"}
{"level":"ERROR","message":"[5:21:19.864 AM]: Connection[id: b00d4d1a-aa16-4038-9060-ce77d3ff68d5] - connection failed after 3612.49 milliseconds. Error: Incorrect username or password was specified. [0d24f249-2e9b-4405-bab6-af2548e33d3b]"}
{"level":"INFO","message":"[5:25:40.655 AM]: Creating new connection object"}
{"level":"INFO","message":"[5:25:40.661 AM]: Creating Connection[id: ed3cd968-47cf-4b65-aef5-0871e39ca045] with host: NJ39494.ap-southeast-2.snowflakecomputing.com, account: NJ39494, accessUrl: https://NJ39494.ap-southeast-2.snowflakecomputing.com, user: ARMADHANIHIRO, role: ACCOUNTADMIN, database: ECHO_DB, schema: CORE, warehouse: ECHO_WH, proxy was not configured, password is provided, region: ap-southeast-2, authenticator: SNOWFLAKE, ocsp mode: FAIL_OPEN, os: win32, os version: 10.0.26200"}
{"level":"INFO","message":"[5:25:40.662 AM]: Connection[id: ed3cd968-47cf-4b65-aef5-0871e39ca045] additional details: passcode in password is provided, passcode is not provided, private key is not provided, application: ECHO, client name: snowflake-sdk, client version: 3.1.0, retry timeout: 300, private key path: undefined, private key pass is not provided, client store temporary credential: false, browser response timeout: 120000"}
{"level":"INFO","message":"[5:25:40.662 AM]: Connection[id: ed3cd968-47cf-4b65-aef5-0871e39ca045] - connection object created successfully."}
{"level":"INFO","message":"[5:25:40.663 AM]: Connection[id: ed3cd968-47cf-4b65-aef5-0871e39ca045] - async connecting. Associated Snowflake domain: GLOBAL"}
{"level":"INFO","message":"[5:25:40.663 AM]: Trying to initialize Easy Logging"}
{"level":"INFO","message":"[5:25:40.671 AM]: No client config detected."}
{"level":"INFO","message":"[5:25:40.671 AM]: No config file path found. Client config will not be used."}
{"level":"INFO","message":"[5:25:40.671 AM]: Easy Logging is disabled as no config has been found"}
{"level":"INFO","message":"[5:25:40.672 AM]: Connection[id: ed3cd968-47cf-4b65-aef5-0871e39ca045] - authentication successful using: SNOWFLAKE"}
{"level":"ERROR","message":"[5:25:42.875 AM]: Connection[id: ed3cd968-47cf-4b65-aef5-0871e39ca045] - connection failed after 2211.8 milliseconds. Error: Incorrect username or password was specified. [9a440d22-8eee-488d-992c-6ed88c2f6fce]"}
{"level":"INFO","message":"[5:27:54.864 AM]: Creating new connection object"}
{"level":"INFO","message":"[5:27:54.872 AM]: Creating Connection[id: 8e57ecbe-7221-4b75-acd1-ebbb823e59a6] with host: NJ39494.ap-southeast-2.snowflakecomputing.com, account: NJ39494, accessUrl: https://NJ39494.ap-southeast-2.snowflakecomputing.com, user: ARMADHANIHIRO, role: ACCOUNTADMIN, database: ECHO_DB, schema: CORE, warehouse: ECHO_WH, proxy was not configured, password is not provided, region: ap-southeast-2, authenticator: PROGRAMMATIC_ACCESS_TOKEN, ocsp mode: FAIL_OPEN, os: win32, os version: 10.0.26200"}
{"level":"INFO","message":"[5:27:54.874 AM]: Connection[id: 8e57ecbe-7221-4b75-acd1-ebbb823e59a6] additional details: passcode in password is provided, passcode is not provided, private key is not provided, application: ECHO, client name: snowflake-sdk, client version: 3.1.0, retry timeout: 300, private key path: undefined, private key pass is not provided, client store temporary credential: false, browser response timeout: 120000"}
{"level":"INFO","message":"[5:27:54.875 AM]: Connection[id: 8e57ecbe-7221-4b75-acd1-ebbb823e59a6] - connection object created successfully."}
{"level":"INFO","message":"[5:27:54.876 AM]: Connection[id: 8e57ecbe-7221-4b75-acd1-ebbb823e59a6] - async connecting. Associated Snowflake domain: GLOBAL"}
{"level":"INFO","message":"[5:27:54.877 AM]: Trying to initialize Easy Logging"}
{"level":"INFO","message":"[5:27:54.896 AM]: No client config detected."}
{"level":"INFO","message":"[5:27:54.897 AM]: No config file path found. Client config will not be used."}
{"level":"INFO","message":"[5:27:54.898 AM]: Easy Logging is disabled as no config has been found"}
{"level":"INFO","message":"[5:27:54.899 AM]: Connection[id: 8e57ecbe-7221-4b75-acd1-ebbb823e59a6] - authentication successful using: PROGRAMMATIC_ACCESS_TOKEN"}
{"level":"INFO","message":"[5:27:57.027 AM]: Connection[id: 8e57ecbe-7221-4b75-acd1-ebbb823e59a6] - connection established successfully after 2151.11 milliseconds"}
{"level":"INFO","message":"[5:44:14.330 AM]: Creating new connection object"}
{"level":"INFO","message":"[5:44:14.339 AM]: Creating Connection[id: 1c3fa60d-c5a2-4a87-8462-8206a7eff1db] with host: NJ39494.ap-southeast-2.snowflakecomputing.com, account: NJ39494, accessUrl: https://NJ39494.ap-southeast-2.snowflakecomputing.com, user: ARMADHANIHIRO, role: ACCOUNTADMIN, database: ECHO_DB, schema: CORE, warehouse: ECHO_WH, proxy was not configured, password is not provided, region: ap-southeast-2, authenticator: PROGRAMMATIC_ACCESS_TOKEN, ocsp mode: FAIL_OPEN, os: win32, os version: 10.0.26200"}
{"level":"INFO","message":"[5:44:14.339 AM]: Connection[id: 1c3fa60d-c5a2-4a87-8462-8206a7eff1db] additional details: passcode in password is provided, passcode is not provided, private key is not provided, application: ECHO, client name: snowflake-sdk, client version: 3.1.0, retry timeout: 300, private key path: undefined, private key pass is not provided, client store temporary credential: false, browser response timeout: 120000"}
{"level":"INFO","message":"[5:44:14.340 AM]: Connection[id: 1c3fa60d-c5a2-4a87-8462-8206a7eff1db] - connection object created successfully."}
{"level":"INFO","message":"[5:44:14.341 AM]: Connection[id: 1c3fa60d-c5a2-4a87-8462-8206a7eff1db] - async connecting. Associated Snowflake domain: GLOBAL"}
{"level":"INFO","message":"[5:44:14.342 AM]: Trying to initialize Easy Logging"}
{"level":"INFO","message":"[5:44:14.366 AM]: No client config detected."}
{"level":"INFO","message":"[5:44:14.368 AM]: No config file path found. Client config will not be used."}
{"level":"INFO","message":"[5:44:14.369 AM]: Easy Logging is disabled as no config has been found"}
{"level":"INFO","message":"[5:44:14.371 AM]: Connection[id: 1c3fa60d-c5a2-4a87-8462-8206a7eff1db] - authentication successful using: PROGRAMMATIC_ACCESS_TOKEN"}
{"level":"INFO","message":"[5:44:17.195 AM]: Connection[id: 1c3fa60d-c5a2-4a87-8462-8206a7eff1db] - connection established successfully after 2853.75 milliseconds"}
{"level":"INFO","message":"[5:51:12.831 AM]: Creating new connection object"}
{"level":"INFO","message":"[5:51:12.834 AM]: Creating Connection[id: 91996644-178d-4b61-b126-256576a3f7c9] with host: NJ39494.ap-southeast-2.snowflakecomputing.com, account: NJ39494, accessUrl: https://NJ39494.ap-southeast-2.snowflakecomputing.com, user: ARMADHANIHIRO, role: ACCOUNTADMIN, database: ECHO_DB, schema: CORE, warehouse: ECHO_WH, proxy was not configured, password is not provided, region: ap-southeast-2, authenticator: PROGRAMMATIC_ACCESS_TOKEN, ocsp mode: FAIL_OPEN, os: win32, os version: 10.0.26200"}
{"level":"INFO","message":"[5:51:12.835 AM]: Connection[id: 91996644-178d-4b61-b126-256576a3f7c9] additional details: passcode in password is provided, passcode is not provided, private key is not provided, application: ECHO, client name: snowflake-sdk, client version: 3.1.0, retry timeout: 300, private key path: undefined, private key pass is not provided, client store temporary credential: false, browser response timeout: 120000"}
{"level":"INFO","message":"[5:51:12.835 AM]: Connection[id: 91996644-178d-4b61-b126-256576a3f7c9] - connection object created successfully."}
{"level":"INFO","message":"[5:51:12.835 AM]: Connection[id: 91996644-178d-4b61-b126-256576a3f7c9] - async connecting. Associated Snowflake domain: GLOBAL"}
{"level":"INFO","message":"[5:51:12.835 AM]: Trying to initialize Easy Logging"}
{"level":"INFO","message":"[5:51:12.835 AM]: Creating new connection object"}
{"level":"INFO","message":"[5:51:12.836 AM]: Creating Connection[id: d357855a-c3a6-4c46-8fdb-3d9df8f10607] with host: NJ39494.ap-southeast-2.snowflakecomputing.com, account: NJ39494, accessUrl: https://NJ39494.ap-southeast-2.snowflakecomputing.com, user: ARMADHANIHIRO, role: ACCOUNTADMIN, database: ECHO_DB, schema: CORE, warehouse: ECHO_WH, proxy was not configured, password is not provided, region: ap-southeast-2, authenticator: PROGRAMMATIC_ACCESS_TOKEN, ocsp mode: FAIL_OPEN, os: win32, os version: 10.0.26200"}
{"level":"INFO","message":"[5:51:12.836 AM]: Connection[id: d357855a-c3a6-4c46-8fdb-3d9df8f10607] additional details: passcode in password is provided, passcode is not provided, private key is not provided, application: ECHO, client name: snowflake-sdk, client version: 3.1.0, retry timeout: 300, private key path: undefined, private key pass is not provided, client store temporary credential: false, browser response timeout: 120000"}
{"level":"INFO","message":"[5:51:12.836 AM]: Connection[id: d357855a-c3a6-4c46-8fdb-3d9df8f10607] - connection object created successfully."}
{"level":"INFO","message":"[5:51:12.836 AM]: Connection[id: d357855a-c3a6-4c46-8fdb-3d9df8f10607] - async connecting. Associated Snowflake domain: GLOBAL"}
{"level":"INFO","message":"[5:51:12.836 AM]: Trying to initialize Easy Logging"}
{"level":"INFO","message":"[5:51:12.837 AM]: Creating new connection object"}
{"level":"INFO","message":"[5:51:12.837 AM]: Creating Connection[id: 88a61f73-7f91-470d-afe9-7b9d9d8e3a71] with host: NJ39494.ap-southeast-2.snowflakecomputing.com, account: NJ39494, accessUrl: https://NJ39494.ap-southeast-2.snowflakecomputing.com, user: ARMADHANIHIRO, role: ACCOUNTADMIN, database: ECHO_DB, schema: CORE, warehouse: ECHO_WH, proxy was not configured, password is not provided, region: ap-southeast-2, authenticator: PROGRAMMATIC_ACCESS_TOKEN, ocsp mode: FAIL_OPEN, os: win32, os version: 10.0.26200"}
{"level":"INFO","message":"[5:51:12.837 AM]: Connection[id: 88a61f73-7f91-470d-afe9-7b9d9d8e3a71] additional details: passcode in password is provided, passcode is not provided, private key is not provided, application: ECHO, client name: snowflake-sdk, client version: 3.1.0, retry timeout: 300, private key path: undefined, private key pass is not provided, client store temporary credential: false, browser response timeout: 120000"}
{"level":"INFO","message":"[5:51:12.838 AM]: Connection[id: 88a61f73-7f91-470d-afe9-7b9d9d8e3a71] - connection object created successfully."}
{"level":"INFO","message":"[5:51:12.838 AM]: Connection[id: 88a61f73-7f91-470d-afe9-7b9d9d8e3a71] - async connecting. Associated Snowflake domain: GLOBAL"}
{"level":"INFO","message":"[5:51:12.838 AM]: Trying to initialize Easy Logging"}
{"level":"INFO","message":"[5:51:12.838 AM]: Creating new connection object"}
{"level":"INFO","message":"[5:51:12.838 AM]: Creating Connection[id: 60c9c080-831a-430b-9b15-c4b58e6e2336] with host: NJ39494.ap-southeast-2.snowflakecomputing.com, account: NJ39494, accessUrl: https://NJ39494.ap-southeast-2.snowflakecomputing.com, user: ARMADHANIHIRO, role: ACCOUNTADMIN, database: ECHO_DB, schema: CORE, warehouse: ECHO_WH, proxy was not configured, password is not provided, region: ap-southeast-2, authenticator: PROGRAMMATIC_ACCESS_TOKEN, ocsp mode: FAIL_OPEN, os: win32, os version: 10.0.26200"}
{"level":"INFO","message":"[5:51:12.839 AM]: Connection[id: 60c9c080-831a-430b-9b15-c4b58e6e2336] additional details: passcode in password is provided, passcode is not provided, private key is not provided, application: ECHO, client name: snowflake-sdk, client version: 3.1.0, retry timeout: 300, private key path: undefined, private key pass is not provided, client store temporary credential: false, browser response timeout: 120000"}
{"level":"INFO","message":"[5:51:12.839 AM]: Connection[id: 60c9c080-831a-430b-9b15-c4b58e6e2336] - connection object created successfully."}
{"level":"INFO","message":"[5:51:12.839 AM]: Connection[id: 60c9c080-831a-430b-9b15-c4b58e6e2336] - async connecting. Associated Snowflake domain: GLOBAL"}
{"level":"INFO","message":"[5:51:12.839 AM]: Trying to initialize Easy Logging"}
{"level":"INFO","message":"[5:51:12.842 AM]: No client config detected."}
{"level":"INFO","message":"[5:51:12.842 AM]: No config file path found. Client config will not be used."}
{"level":"INFO","message":"[5:51:12.842 AM]: Easy Logging is disabled as no config has been found"}
{"level":"INFO","message":"[5:51:12.842 AM]: Connection[id: 91996644-178d-4b61-b126-256576a3f7c9] - authentication successful using: PROGRAMMATIC_ACCESS_TOKEN"}
{"level":"INFO","message":"[5:51:12.854 AM]: No client config detected."}
{"level":"INFO","message":"[5:51:12.854 AM]: No config file path found. Client config will not be used."}
{"level":"INFO","message":"[5:51:12.854 AM]: Easy Logging is disabled as no config has been found"}
{"level":"INFO","message":"[5:51:12.855 AM]: Connection[id: d357855a-c3a6-4c46-8fdb-3d9df8f10607] - authentication successful using: PROGRAMMATIC_ACCESS_TOKEN"}
{"level":"INFO","message":"[5:51:12.861 AM]: No client config detected."}
{"level":"INFO","message":"[5:51:12.862 AM]: No config file path found. Client config will not be used."}
{"level":"INFO","message":"[5:51:12.863 AM]: Easy Logging is disabled as no config has been found"}
{"level":"INFO","message":"[5:51:12.863 AM]: Connection[id: 88a61f73-7f91-470d-afe9-7b9d9d8e3a71] - authentication successful using: PROGRAMMATIC_ACCESS_TOKEN"}
{"level":"INFO","message":"[5:51:12.866 AM]: No client config detected."}
{"level":"INFO","message":"[5:51:12.866 AM]: No config file path found. Client config will not be used."}
{"level":"INFO","message":"[5:51:12.867 AM]: Easy Logging is disabled as no config has been found"}
{"level":"INFO","message":"[5:51:12.867 AM]: Connection[id: 60c9c080-831a-430b-9b15-c4b58e6e2336] - authentication successful using: PROGRAMMATIC_ACCESS_TOKEN"}
{"level":"INFO","message":"[5:51:14.392 AM]: Connection[id: 88a61f73-7f91-470d-afe9-7b9d9d8e3a71] - connection established successfully after 1554.1 milliseconds"}
{"level":"INFO","message":"[5:51:14.407 AM]: Connection[id: d357855a-c3a6-4c46-8fdb-3d9df8f10607] - connection established successfully after 1570.84 milliseconds"}
{"level":"INFO","message":"[5:51:14.423 AM]: Connection[id: 60c9c080-831a-430b-9b15-c4b58e6e2336] - connection established successfully after 1584 milliseconds"}
{"level":"INFO","message":"[5:51:14.457 AM]: Connection[id: 91996644-178d-4b61-b126-256576a3f7c9] - connection established successfully after 1622.13 milliseconds"}
{"level":"INFO","message":"[6:08:43.500 AM]: Creating new connection object"}
{"level":"INFO","message":"[6:08:43.508 AM]: Creating Connection[id: b53d7844-41ba-4287-8d82-a22eb4ec0faa] with host: NJ39494.ap-southeast-2.snowflakecomputing.com, account: NJ39494, accessUrl: https://NJ39494.ap-southeast-2.snowflakecomputing.com, user: ARMADHANIHIRO, role: ACCOUNTADMIN, database: ECHO_DB, schema: CORE, warehouse: ECHO_WH, proxy was not configured, password is not provided, region: ap-southeast-2, authenticator: PROGRAMMATIC_ACCESS_TOKEN, ocsp mode: FAIL_OPEN, os: win32, os version: 10.0.26200"}
{"level":"INFO","message":"[6:08:43.510 AM]: Connection[id: b53d7844-41ba-4287-8d82-a22eb4ec0faa] additional details: passcode in password is provided, passcode is not provided, private key is not provided, application: ECHO, client name: snowflake-sdk, client version: 3.1.0, retry timeout: 300, private key path: undefined, private key pass is not provided, client store temporary credential: false, browser response timeout: 120000"}
{"level":"INFO","message":"[6:08:43.511 AM]: Connection[id: b53d7844-41ba-4287-8d82-a22eb4ec0faa] - connection object created successfully."}
{"level":"INFO","message":"[6:08:43.512 AM]: Connection[id: b53d7844-41ba-4287-8d82-a22eb4ec0faa] - async connecting. Associated Snowflake domain: GLOBAL"}
{"level":"INFO","message":"[6:08:43.513 AM]: Trying to initialize Easy Logging"}
{"level":"INFO","message":"[6:08:43.531 AM]: No client config detected."}
{"level":"INFO","message":"[6:08:43.534 AM]: No config file path found. Client config will not be used."}
{"level":"INFO","message":"[6:08:43.536 AM]: Easy Logging is disabled as no config has been found"}
{"level":"INFO","message":"[6:08:43.537 AM]: Connection[id: b53d7844-41ba-4287-8d82-a22eb4ec0faa] - authentication successful using: PROGRAMMATIC_ACCESS_TOKEN"}
{"level":"INFO","message":"[6:08:46.402 AM]: Connection[id: b53d7844-41ba-4287-8d82-a22eb4ec0faa] - connection established successfully after 2889.54 milliseconds"}
{"level":"INFO","message":"[6:08:47.279 AM]: Creating new connection object"}
{"level":"INFO","message":"[6:08:47.283 AM]: Creating Connection[id: 74d0b7bb-7084-42c5-8fb1-ff10f47f2261] with host: NJ39494.ap-southeast-2.snowflakecomputing.com, account: NJ39494, accessUrl: https://NJ39494.ap-southeast-2.snowflakecomputing.com, user: ARMADHANIHIRO, role: ACCOUNTADMIN, database: ECHO_DB, schema: CORE, warehouse: ECHO_WH, proxy was not configured, password is not provided, region: ap-southeast-2, authenticator: PROGRAMMATIC_ACCESS_TOKEN, ocsp mode: FAIL_OPEN, os: win32, os version: 10.0.26200"}
{"level":"INFO","message":"[6:08:47.283 AM]: Connection[id: 74d0b7bb-7084-42c5-8fb1-ff10f47f2261] additional details: passcode in password is provided, passcode is not provided, private key is not provided, application: ECHO, client name: snowflake-sdk, client version: 3.1.0, retry timeout: 300, private key path: undefined, private key pass is not provided, client store temporary credential: false, browser response timeout: 120000"}
{"level":"INFO","message":"[6:08:47.284 AM]: Connection[id: 74d0b7bb-7084-42c5-8fb1-ff10f47f2261] - connection object created successfully."}
{"level":"INFO","message":"[6:08:47.284 AM]: Connection[id: 74d0b7bb-7084-42c5-8fb1-ff10f47f2261] - async connecting. Associated Snowflake domain: GLOBAL"}
{"level":"INFO","message":"[6:08:47.284 AM]: Trying to initialize Easy Logging"}
{"level":"INFO","message":"[6:08:47.285 AM]: Creating new connection object"}
{"level":"INFO","message":"[6:08:47.285 AM]: Creating Connection[id: f1836142-84a6-46d5-a750-b9f4b4407c29] with host: NJ39494.ap-southeast-2.snowflakecomputing.com, account: NJ39494, accessUrl: https://NJ39494.ap-southeast-2.snowflakecomputing.com, user: ARMADHANIHIRO, role: ACCOUNTADMIN, database: ECHO_DB, schema: CORE, warehouse: ECHO_WH, proxy was not configured, password is not provided, region: ap-southeast-2, authenticator: PROGRAMMATIC_ACCESS_TOKEN, ocsp mode: FAIL_OPEN, os: win32, os version: 10.0.26200"}
{"level":"INFO","message":"[6:08:47.286 AM]: Connection[id: f1836142-84a6-46d5-a750-b9f4b4407c29] additional details: passcode in password is provided, passcode is not provided, private key is not provided, application: ECHO, client name: snowflake-sdk, client version: 3.1.0, retry timeout: 300, private key path: undefined, private key pass is not provided, client store temporary credential: false, browser response timeout: 120000"}
{"level":"INFO","message":"[6:08:47.286 AM]: Connection[id: f1836142-84a6-46d5-a750-b9f4b4407c29] - connection object created successfully."}
{"level":"INFO","message":"[6:08:47.286 AM]: Connection[id: f1836142-84a6-46d5-a750-b9f4b4407c29] - async connecting. Associated Snowflake domain: GLOBAL"}
{"level":"INFO","message":"[6:08:47.286 AM]: Trying to initialize Easy Logging"}
{"level":"INFO","message":"[6:08:47.286 AM]: Creating new connection object"}
{"level":"INFO","message":"[6:08:47.287 AM]: Creating Connection[id: 320bd7a2-842c-4f1c-b020-e24a13a85574] with host: NJ39494.ap-southeast-2.snowflakecomputing.com, account: NJ39494, accessUrl: https://NJ39494.ap-southeast-2.snowflakecomputing.com, user: ARMADHANIHIRO, role: ACCOUNTADMIN, database: ECHO_DB, schema: CORE, warehouse: ECHO_WH, proxy was not configured, password is not provided, region: ap-southeast-2, authenticator: PROGRAMMATIC_ACCESS_TOKEN, ocsp mode: FAIL_OPEN, os: win32, os version: 10.0.26200"}
{"level":"INFO","message":"[6:08:47.287 AM]: Connection[id: 320bd7a2-842c-4f1c-b020-e24a13a85574] additional details: passcode in password is provided, passcode is not provided, private key is not provided, application: ECHO, client name: snowflake-sdk, client version: 3.1.0, retry timeout: 300, private key path: undefined, private key pass is not provided, client store temporary credential: false, browser response timeout: 120000"}
{"level":"INFO","message":"[6:08:47.287 AM]: Connection[id: 320bd7a2-842c-4f1c-b020-e24a13a85574] - connection object created successfully."}
{"level":"INFO","message":"[6:08:47.287 AM]: Connection[id: 320bd7a2-842c-4f1c-b020-e24a13a85574] - async connecting. Associated Snowflake domain: GLOBAL"}
{"level":"INFO","message":"[6:08:47.288 AM]: Trying to initialize Easy Logging"}
{"level":"INFO","message":"[6:08:47.288 AM]: Creating new connection object"}
{"level":"INFO","message":"[6:08:47.288 AM]: Creating Connection[id: 1e2028fe-1f55-47ad-bcee-4c471445f6b1] with host: NJ39494.ap-southeast-2.snowflakecomputing.com, account: NJ39494, accessUrl: https://NJ39494.ap-southeast-2.snowflakecomputing.com, user: ARMADHANIHIRO, role: ACCOUNTADMIN, database: ECHO_DB, schema: CORE, warehouse: ECHO_WH, proxy was not configured, password is not provided, region: ap-southeast-2, authenticator: PROGRAMMATIC_ACCESS_TOKEN, ocsp mode: FAIL_OPEN, os: win32, os version: 10.0.26200"}
{"level":"INFO","message":"[6:08:47.288 AM]: Connection[id: 1e2028fe-1f55-47ad-bcee-4c471445f6b1] additional details: passcode in password is provided, passcode is not provided, private key is not provided, application: ECHO, client name: snowflake-sdk, client version: 3.1.0, retry timeout: 300, private key path: undefined, private key pass is not provided, client store temporary credential: false, browser response timeout: 120000"}
{"level":"INFO","message":"[6:08:47.289 AM]: Connection[id: 1e2028fe-1f55-47ad-bcee-4c471445f6b1] - connection object created successfully."}
{"level":"INFO","message":"[6:08:47.289 AM]: Connection[id: 1e2028fe-1f55-47ad-bcee-4c471445f6b1] - async connecting. Associated Snowflake domain: GLOBAL"}
{"level":"INFO","message":"[6:08:47.290 AM]: Trying to initialize Easy Logging"}
{"level":"INFO","message":"[6:08:47.296 AM]: No client config detected."}
{"level":"INFO","message":"[6:08:47.296 AM]: No config file path found. Client config will not be used."}
{"level":"INFO","message":"[6:08:47.296 AM]: Easy Logging is disabled as no config has been found"}
{"level":"INFO","message":"[6:08:47.297 AM]: Connection[id: 74d0b7bb-7084-42c5-8fb1-ff10f47f2261] - authentication successful using: PROGRAMMATIC_ACCESS_TOKEN"}
{"level":"INFO","message":"[6:08:47.298 AM]: No client config detected."}
{"level":"INFO","message":"[6:08:47.298 AM]: No config file path found. Client config will not be used."}
{"level":"INFO","message":"[6:08:47.298 AM]: Easy Logging is disabled as no config has been found"}
{"level":"INFO","message":"[6:08:47.299 AM]: Connection[id: f1836142-84a6-46d5-a750-b9f4b4407c29] - authentication successful using: PROGRAMMATIC_ACCESS_TOKEN"}
{"level":"INFO","message":"[6:08:47.299 AM]: No client config detected."}
{"level":"INFO","message":"[6:08:47.299 AM]: No config file path found. Client config will not be used."}
{"level":"INFO","message":"[6:08:47.299 AM]: Easy Logging is disabled as no config has been found"}
{"level":"INFO","message":"[6:08:47.299 AM]: Connection[id: 320bd7a2-842c-4f1c-b020-e24a13a85574] - authentication successful using: PROGRAMMATIC_ACCESS_TOKEN"}
{"level":"INFO","message":"[6:08:47.300 AM]: No client config detected."}
{"level":"INFO","message":"[6:08:47.300 AM]: No config file path found. Client config will not be used."}
{"level":"INFO","message":"[6:08:47.300 AM]: Easy Logging is disabled as no config has been found"}
{"level":"INFO","message":"[6:08:47.300 AM]: Connection[id: 1e2028fe-1f55-47ad-bcee-4c471445f6b1] - authentication successful using: PROGRAMMATIC_ACCESS_TOKEN"}
{"level":"INFO","message":"[6:08:48.863 AM]: Connection[id: 74d0b7bb-7084-42c5-8fb1-ff10f47f2261] - connection established successfully after 1578.56 milliseconds"}
{"level":"INFO","message":"[6:08:48.879 AM]: Connection[id: 1e2028fe-1f55-47ad-bcee-4c471445f6b1] - connection established successfully after 1589.85 milliseconds"}
{"level":"INFO","message":"[6:08:48.886 AM]: Connection[id: 320bd7a2-842c-4f1c-b020-e24a13a85574] - connection established successfully after 1598.86 milliseconds"}
{"level":"INFO","message":"[6:08:48.904 AM]: Connection[id: f1836142-84a6-46d5-a750-b9f4b4407c29] - connection established successfully after 1617.71 milliseconds"}
{"level":"INFO","message":"[8:29:36.539 PM]: Creating new connection object"}
{"level":"INFO","message":"[8:29:36.548 PM]: Creating Connection[id: 21d3baeb-ad77-425d-b317-3b400e59512f] with host: NJ39494.ap-southeast-2.snowflakecomputing.com, account: NJ39494, accessUrl: https://NJ39494.ap-southeast-2.snowflakecomputing.com, user: ARMADHANIHIRO, role: ACCOUNTADMIN, database: ECHO_DB, schema: CORE, warehouse: ECHO_WH, proxy was not configured, password is not provided, region: ap-southeast-2, authenticator: PROGRAMMATIC_ACCESS_TOKEN, ocsp mode: FAIL_OPEN, os: win32, os version: 10.0.26200"}
{"level":"INFO","message":"[8:29:36.550 PM]: Connection[id: 21d3baeb-ad77-425d-b317-3b400e59512f] additional details: passcode in password is provided, passcode is not provided, private key is not provided, application: ECHO, client name: snowflake-sdk, client version: 3.1.0, retry timeout: 300, private key path: undefined, private key pass is not provided, client store temporary credential: false, browser response timeout: 120000"}
{"level":"INFO","message":"[8:29:36.557 PM]: Connection[id: 21d3baeb-ad77-425d-b317-3b400e59512f] - connection object created successfully."}
{"level":"INFO","message":"[8:29:36.559 PM]: Connection[id: 21d3baeb-ad77-425d-b317-3b400e59512f] - async connecting. Associated Snowflake domain: GLOBAL"}
{"level":"INFO","message":"[8:29:36.561 PM]: Trying to initialize Easy Logging"}
{"level":"INFO","message":"[8:29:36.623 PM]: No client config detected."}
{"level":"INFO","message":"[8:29:36.625 PM]: No config file path found. Client config will not be used."}
{"level":"INFO","message":"[8:29:36.626 PM]: Easy Logging is disabled as no config has been found"}
{"level":"INFO","message":"[8:29:36.627 PM]: Connection[id: 21d3baeb-ad77-425d-b317-3b400e59512f] - authentication successful using: PROGRAMMATIC_ACCESS_TOKEN"}
{"level":"INFO","message":"[8:29:39.450 PM]: Connection[id: 21d3baeb-ad77-425d-b317-3b400e59512f] - connection established successfully after 2891.55 milliseconds"}
{"level":"INFO","message":"[8:29:41.987 PM]: Creating new connection object"}
{"level":"INFO","message":"[8:29:41.988 PM]: Creating Connection[id: f431c843-bc47-43f3-a1ee-49fb4e4419c7] with host: NJ39494.ap-southeast-2.snowflakecomputing.com, account: NJ39494, accessUrl: https://NJ39494.ap-southeast-2.snowflakecomputing.com, user: ARMADHANIHIRO, role: ACCOUNTADMIN, database: ECHO_DB, schema: CORE, warehouse: ECHO_WH, proxy was not configured, password is not provided, region: ap-southeast-2, authenticator: PROGRAMMATIC_ACCESS_TOKEN, ocsp mode: FAIL_OPEN, os: win32, os version: 10.0.26200"}
{"level":"INFO","message":"[8:29:41.989 PM]: Connection[id: f431c843-bc47-43f3-a1ee-49fb4e4419c7] additional details: passcode in password is provided, passcode is not provided, private key is not provided, application: ECHO, client name: snowflake-sdk, client version: 3.1.0, retry timeout: 300, private key path: undefined, private key pass is not provided, client store temporary credential: false, browser response timeout: 120000"}
{"level":"INFO","message":"[8:29:41.990 PM]: Connection[id: f431c843-bc47-43f3-a1ee-49fb4e4419c7] - connection object created successfully."}
{"level":"INFO","message":"[8:29:41.991 PM]: Connection[id: f431c843-bc47-43f3-a1ee-49fb4e4419c7] - async connecting. Associated Snowflake domain: GLOBAL"}
{"level":"INFO","message":"[8:29:41.992 PM]: Creating new connection object"}
{"level":"INFO","message":"[8:29:41.996 PM]: Creating Connection[id: d9259928-97ee-4cf4-894f-e54793370e13] with host: NJ39494.ap-southeast-2.snowflakecomputing.com, account: NJ39494, accessUrl: https://NJ39494.ap-southeast-2.snowflakecomputing.com, user: ARMADHANIHIRO, role: ACCOUNTADMIN, database: ECHO_DB, schema: CORE, warehouse: ECHO_WH, proxy was not configured, password is not provided, region: ap-southeast-2, authenticator: PROGRAMMATIC_ACCESS_TOKEN, ocsp mode: FAIL_OPEN, os: win32, os version: 10.0.26200"}
{"level":"INFO","message":"[8:29:41.997 PM]: Connection[id: d9259928-97ee-4cf4-894f-e54793370e13] additional details: passcode in password is provided, passcode is not provided, private key is not provided, application: ECHO, client name: snowflake-sdk, client version: 3.1.0, retry timeout: 300, private key path: undefined, private key pass is not provided, client store temporary credential: false, browser response timeout: 120000"}
{"level":"INFO","message":"[8:29:41.997 PM]: Connection[id: d9259928-97ee-4cf4-894f-e54793370e13] - connection object created successfully."}
{"level":"INFO","message":"[8:29:41.998 PM]: Connection[id: d9259928-97ee-4cf4-894f-e54793370e13] - async connecting. Associated Snowflake domain: GLOBAL"}
{"level":"INFO","message":"[8:29:41.998 PM]: Creating new connection object"}
{"level":"INFO","message":"[8:29:42.000 PM]: Creating Connection[id: 50234569-9ec6-4d45-b7c4-9ab749cbfad8] with host: NJ39494.ap-southeast-2.snowflakecomputing.com, account: NJ39494, accessUrl: https://NJ39494.ap-southeast-2.snowflakecomputing.com, user: ARMADHANIHIRO, role: ACCOUNTADMIN, database: ECHO_DB, schema: CORE, warehouse: ECHO_WH, proxy was not configured, password is not provided, region: ap-southeast-2, authenticator: PROGRAMMATIC_ACCESS_TOKEN, ocsp mode: FAIL_OPEN, os: win32, os version: 10.0.26200"}
{"level":"INFO","message":"[8:29:42.001 PM]: Connection[id: 50234569-9ec6-4d45-b7c4-9ab749cbfad8] additional details: passcode in password is provided, passcode is not provided, private key is not provided, application: ECHO, client name: snowflake-sdk, client version: 3.1.0, retry timeout: 300, private key path: undefined, private key pass is not provided, client store temporary credential: false, browser response timeout: 120000"}
{"level":"INFO","message":"[8:29:42.002 PM]: Connection[id: 50234569-9ec6-4d45-b7c4-9ab749cbfad8] - connection object created successfully."}
{"level":"INFO","message":"[8:29:42.003 PM]: Connection[id: 50234569-9ec6-4d45-b7c4-9ab749cbfad8] - async connecting. Associated Snowflake domain: GLOBAL"}
{"level":"INFO","message":"[8:29:42.004 PM]: Creating new connection object"}
{"level":"INFO","message":"[8:29:42.006 PM]: Creating Connection[id: c0efd8a7-ecc0-4551-962b-16744c48640c] with host: NJ39494.ap-southeast-2.snowflakecomputing.com, account: NJ39494, accessUrl: https://NJ39494.ap-southeast-2.snowflakecomputing.com, user: ARMADHANIHIRO, role: ACCOUNTADMIN, database: ECHO_DB, schema: CORE, warehouse: ECHO_WH, proxy was not configured, password is not provided, region: ap-southeast-2, authenticator: PROGRAMMATIC_ACCESS_TOKEN, ocsp mode: FAIL_OPEN, os: win32, os version: 10.0.26200"}
{"level":"INFO","message":"[8:29:42.007 PM]: Connection[id: c0efd8a7-ecc0-4551-962b-16744c48640c] additional details: passcode in password is provided, passcode is not provided, private key is not provided, application: ECHO, client name: snowflake-sdk, client version: 3.1.0, retry timeout: 300, private key path: undefined, private key pass is not provided, client store temporary credential: false, browser response timeout: 120000"}
{"level":"INFO","message":"[8:29:42.008 PM]: Connection[id: c0efd8a7-ecc0-4551-962b-16744c48640c] - connection object created successfully."}
{"level":"INFO","message":"[8:29:42.011 PM]: Connection[id: c0efd8a7-ecc0-4551-962b-16744c48640c] - async connecting. Associated Snowflake domain: GLOBAL"}
{"level":"INFO","message":"[8:29:42.012 PM]: Connection[id: f431c843-bc47-43f3-a1ee-49fb4e4419c7] - authentication successful using: PROGRAMMATIC_ACCESS_TOKEN"}
{"level":"INFO","message":"[8:29:42.013 PM]: Connection[id: d9259928-97ee-4cf4-894f-e54793370e13] - authentication successful using: PROGRAMMATIC_ACCESS_TOKEN"}
{"level":"INFO","message":"[8:29:42.014 PM]: Connection[id: 50234569-9ec6-4d45-b7c4-9ab749cbfad8] - authentication successful using: PROGRAMMATIC_ACCESS_TOKEN"}
{"level":"INFO","message":"[8:29:42.015 PM]: Connection[id: c0efd8a7-ecc0-4551-962b-16744c48640c] - authentication successful using: PROGRAMMATIC_ACCESS_TOKEN"}
{"level":"INFO","message":"[8:29:42.482 PM]: Connection[id: d9259928-97ee-4cf4-894f-e54793370e13] - connection established successfully after 484.11 milliseconds"}
{"level":"INFO","message":"[8:29:42.510 PM]: Connection[id: f431c843-bc47-43f3-a1ee-49fb4e4419c7] - connection established successfully after 518.35 milliseconds"}
{"level":"INFO","message":"[8:29:42.530 PM]: Connection[id: c0efd8a7-ecc0-4551-962b-16744c48640c] - connection established successfully after 519.53 milliseconds"}
{"level":"INFO","message":"[8:29:42.592 PM]: Connection[id: 50234569-9ec6-4d45-b7c4-9ab749cbfad8] - connection established successfully after 588.95 milliseconds"}
{"level":"INFO","message":"[8:30:41.656 PM]: Creating new connection object"}
{"level":"INFO","message":"[8:30:41.658 PM]: Creating Connection[id: bebbfd20-8918-4bec-9595-72e111fba93f] with host: NJ39494.ap-southeast-2.snowflakecomputing.com, account: NJ39494, accessUrl: https://NJ39494.ap-southeast-2.snowflakecomputing.com, user: ARMADHANIHIRO, role: ACCOUNTADMIN, database: ECHO_DB, schema: CORE, warehouse: ECHO_WH, proxy was not configured, password is not provided, region: ap-southeast-2, authenticator: PROGRAMMATIC_ACCESS_TOKEN, ocsp mode: FAIL_OPEN, os: win32, os version: 10.0.26200"}
{"level":"INFO","message":"[8:30:41.658 PM]: Connection[id: bebbfd20-8918-4bec-9595-72e111fba93f] additional details: passcode in password is provided, passcode is not provided, private key is not provided, application: ECHO, client name: snowflake-sdk, client version: 3.1.0, retry timeout: 300, private key path: undefined, private key pass is not provided, client store temporary credential: false, browser response timeout: 120000"}
{"level":"INFO","message":"[8:30:41.659 PM]: Connection[id: bebbfd20-8918-4bec-9595-72e111fba93f] - connection object created successfully."}
{"level":"INFO","message":"[8:30:41.659 PM]: Connection[id: bebbfd20-8918-4bec-9595-72e111fba93f] - async connecting. Associated Snowflake domain: GLOBAL"}
{"level":"INFO","message":"[8:30:41.660 PM]: Creating new connection object"}
{"level":"INFO","message":"[8:30:41.662 PM]: Creating Connection[id: 340621da-c7f5-4e16-a256-8ceaa5940177] with host: NJ39494.ap-southeast-2.snowflakecomputing.com, account: NJ39494, accessUrl: https://NJ39494.ap-southeast-2.snowflakecomputing.com, user: ARMADHANIHIRO, role: ACCOUNTADMIN, database: ECHO_DB, schema: CORE, warehouse: ECHO_WH, proxy was not configured, password is not provided, region: ap-southeast-2, authenticator: PROGRAMMATIC_ACCESS_TOKEN, ocsp mode: FAIL_OPEN, os: win32, os version: 10.0.26200"}
{"level":"INFO","message":"[8:30:41.662 PM]: Connection[id: 340621da-c7f5-4e16-a256-8ceaa5940177] additional details: passcode in password is provided, passcode is not provided, private key is not provided, application: ECHO, client name: snowflake-sdk, client version: 3.1.0, retry timeout: 300, private key path: undefined, private key pass is not provided, client store temporary credential: false, browser response timeout: 120000"}
{"level":"INFO","message":"[8:30:41.663 PM]: Connection[id: 340621da-c7f5-4e16-a256-8ceaa5940177] - connection object created successfully."}
{"level":"INFO","message":"[8:30:41.663 PM]: Connection[id: 340621da-c7f5-4e16-a256-8ceaa5940177] - async connecting. Associated Snowflake domain: GLOBAL"}
{"level":"INFO","message":"[8:30:41.664 PM]: Creating new connection object"}
{"level":"INFO","message":"[8:30:41.665 PM]: Creating Connection[id: 46e001ce-8384-4551-a101-a36d94550365] with host: NJ39494.ap-southeast-2.snowflakecomputing.com, account: NJ39494, accessUrl: https://NJ39494.ap-southeast-2.snowflakecomputing.com, user: ARMADHANIHIRO, role: ACCOUNTADMIN, database: ECHO_DB, schema: CORE, warehouse: ECHO_WH, proxy was not configured, password is not provided, region: ap-southeast-2, authenticator: PROGRAMMATIC_ACCESS_TOKEN, ocsp mode: FAIL_OPEN, os: win32, os version: 10.0.26200"}
{"level":"INFO","message":"[8:30:41.666 PM]: Connection[id: 46e001ce-8384-4551-a101-a36d94550365] additional details: passcode in password is provided, passcode is not provided, private key is not provided, application: ECHO, client name: snowflake-sdk, client version: 3.1.0, retry timeout: 300, private key path: undefined, private key pass is not provided, client store temporary credential: false, browser response timeout: 120000"}
{"level":"INFO","message":"[8:30:41.666 PM]: Connection[id: 46e001ce-8384-4551-a101-a36d94550365] - connection object created successfully."}
{"level":"INFO","message":"[8:30:41.667 PM]: Connection[id: 46e001ce-8384-4551-a101-a36d94550365] - async connecting. Associated Snowflake domain: GLOBAL"}
{"level":"INFO","message":"[8:30:41.667 PM]: Creating new connection object"}
{"level":"INFO","message":"[8:30:41.669 PM]: Creating Connection[id: 24132055-9d54-4c1b-afae-d4d99a4b98e3] with host: NJ39494.ap-southeast-2.snowflakecomputing.com, account: NJ39494, accessUrl: https://NJ39494.ap-southeast-2.snowflakecomputing.com, user: ARMADHANIHIRO, role: ACCOUNTADMIN, database: ECHO_DB, schema: CORE, warehouse: ECHO_WH, proxy was not configured, password is not provided, region: ap-southeast-2, authenticator: PROGRAMMATIC_ACCESS_TOKEN, ocsp mode: FAIL_OPEN, os: win32, os version: 10.0.26200"}
{"level":"INFO","message":"[8:30:41.670 PM]: Connection[id: 24132055-9d54-4c1b-afae-d4d99a4b98e3] additional details: passcode in password is provided, passcode is not provided, private key is not provided, application: ECHO, client name: snowflake-sdk, client version: 3.1.0, retry timeout: 300, private key path: undefined, private key pass is not provided, client store temporary credential: false, browser response timeout: 120000"}
{"level":"INFO","message":"[8:30:41.671 PM]: Connection[id: 24132055-9d54-4c1b-afae-d4d99a4b98e3] - connection object created successfully."}
{"level":"INFO","message":"[8:30:41.672 PM]: Connection[id: 24132055-9d54-4c1b-afae-d4d99a4b98e3] - async connecting. Associated Snowflake domain: GLOBAL"}
{"level":"INFO","message":"[8:30:41.672 PM]: Connection[id: bebbfd20-8918-4bec-9595-72e111fba93f] - authentication successful using: PROGRAMMATIC_ACCESS_TOKEN"}
{"level":"INFO","message":"[8:30:41.673 PM]: Connection[id: 340621da-c7f5-4e16-a256-8ceaa5940177] - authentication successful using: PROGRAMMATIC_ACCESS_TOKEN"}
{"level":"INFO","message":"[8:30:41.674 PM]: Connection[id: 46e001ce-8384-4551-a101-a36d94550365] - authentication successful using: PROGRAMMATIC_ACCESS_TOKEN"}
{"level":"INFO","message":"[8:30:41.674 PM]: Connection[id: 24132055-9d54-4c1b-afae-d4d99a4b98e3] - authentication successful using: PROGRAMMATIC_ACCESS_TOKEN"}
{"level":"INFO","message":"[8:30:42.152 PM]: Connection[id: 340621da-c7f5-4e16-a256-8ceaa5940177] - connection established successfully after 489.08 milliseconds"}
{"level":"INFO","message":"[8:30:42.171 PM]: Connection[id: bebbfd20-8918-4bec-9595-72e111fba93f] - connection established successfully after 511.4 milliseconds"}
{"level":"INFO","message":"[8:30:42.228 PM]: Connection[id: 24132055-9d54-4c1b-afae-d4d99a4b98e3] - connection established successfully after 556.41 milliseconds"}
{"level":"INFO","message":"[8:30:42.382 PM]: Connection[id: 46e001ce-8384-4551-a101-a36d94550365] - connection established successfully after 715.67 milliseconds"}
{"level":"INFO","message":"[11:49:25.449 AM]: Creating new connection object"}
{"level":"INFO","message":"[11:49:25.455 AM]: Creating Connection[id: 789fb178-2e4c-4b3e-b833-f88a1899c164] with host: NJ39494.ap-southeast-2.snowflakecomputing.com, account: NJ39494, accessUrl: https://NJ39494.ap-southeast-2.snowflakecomputing.com, user: ARMADHANIHIRO, role: ACCOUNTADMIN, database: ECHO_DB, schema: CORE, warehouse: ECHO_WH, proxy was not configured, password is not provided, region: ap-southeast-2, authenticator: PROGRAMMATIC_ACCESS_TOKEN, ocsp mode: FAIL_OPEN, os: win32, os version: 10.0.26200"}
{"level":"INFO","message":"[11:49:25.455 AM]: Connection[id: 789fb178-2e4c-4b3e-b833-f88a1899c164] additional details: passcode in password is provided, passcode is not provided, private key is not provided, application: ECHO, client name: snowflake-sdk, client version: 3.1.0, retry timeout: 300, private key path: undefined, private key pass is not provided, client store temporary credential: false, browser response timeout: 120000"}
{"level":"INFO","message":"[11:49:25.456 AM]: Connection[id: 789fb178-2e4c-4b3e-b833-f88a1899c164] - connection object created successfully."}
{"level":"INFO","message":"[11:49:25.456 AM]: Connection[id: 789fb178-2e4c-4b3e-b833-f88a1899c164] - async connecting. Associated Snowflake domain: GLOBAL"}
{"level":"INFO","message":"[11:49:25.457 AM]: Trying to initialize Easy Logging"}
{"level":"INFO","message":"[11:49:25.489 AM]: No client config detected."}
{"level":"INFO","message":"[11:49:25.489 AM]: No config file path found. Client config will not be used."}
{"level":"INFO","message":"[11:49:25.490 AM]: Easy Logging is disabled as no config has been found"}
{"level":"INFO","message":"[11:49:25.490 AM]: Connection[id: 789fb178-2e4c-4b3e-b833-f88a1899c164] - authentication successful using: PROGRAMMATIC_ACCESS_TOKEN"}
{"level":"INFO","message":"[11:49:28.572 AM]: Connection[id: 789fb178-2e4c-4b3e-b833-f88a1899c164] - connection established successfully after 3115.64 milliseconds"}
{"level":"INFO","message":"[11:49:30.442 AM]: Creating new connection object"}
{"level":"INFO","message":"[11:49:30.443 AM]: Creating Connection[id: ec0f9835-5211-406d-be1c-7735c6e6bbc4] with host: NJ39494.ap-southeast-2.snowflakecomputing.com, account: NJ39494, accessUrl: https://NJ39494.ap-southeast-2.snowflakecomputing.com, user: ARMADHANIHIRO, role: ACCOUNTADMIN, database: ECHO_DB, schema: CORE, warehouse: ECHO_WH, proxy was not configured, password is not provided, region: ap-southeast-2, authenticator: PROGRAMMATIC_ACCESS_TOKEN, ocsp mode: FAIL_OPEN, os: win32, os version: 10.0.26200"}
{"level":"INFO","message":"[11:49:30.443 AM]: Connection[id: ec0f9835-5211-406d-be1c-7735c6e6bbc4] additional details: passcode in password is provided, passcode is not provided, private key is not provided, application: ECHO, client name: snowflake-sdk, client version: 3.1.0, retry timeout: 300, private key path: undefined, private key pass is not provided, client store temporary credential: false, browser response timeout: 120000"}
{"level":"INFO","message":"[11:49:30.443 AM]: Connection[id: ec0f9835-5211-406d-be1c-7735c6e6bbc4] - connection object created successfully."}
{"level":"INFO","message":"[11:49:30.443 AM]: Connection[id: ec0f9835-5211-406d-be1c-7735c6e6bbc4] - async connecting. Associated Snowflake domain: GLOBAL"}
{"level":"INFO","message":"[11:49:30.444 AM]: Creating new connection object"}
{"level":"INFO","message":"[11:49:30.444 AM]: Creating Connection[id: de3c8d9e-d39d-4c77-aaad-a670662e181b] with host: NJ39494.ap-southeast-2.snowflakecomputing.com, account: NJ39494, accessUrl: https://NJ39494.ap-southeast-2.snowflakecomputing.com, user: ARMADHANIHIRO, role: ACCOUNTADMIN, database: ECHO_DB, schema: CORE, warehouse: ECHO_WH, proxy was not configured, password is not provided, region: ap-southeast-2, authenticator: PROGRAMMATIC_ACCESS_TOKEN, ocsp mode: FAIL_OPEN, os: win32, os version: 10.0.26200"}
{"level":"INFO","message":"[11:49:30.444 AM]: Connection[id: de3c8d9e-d39d-4c77-aaad-a670662e181b] additional details: passcode in password is provided, passcode is not provided, private key is not provided, application: ECHO, client name: snowflake-sdk, client version: 3.1.0, retry timeout: 300, private key path: undefined, private key pass is not provided, client store temporary credential: false, browser response timeout: 120000"}
{"level":"INFO","message":"[11:49:30.444 AM]: Connection[id: de3c8d9e-d39d-4c77-aaad-a670662e181b] - connection object created successfully."}
{"level":"INFO","message":"[11:49:30.445 AM]: Connection[id: de3c8d9e-d39d-4c77-aaad-a670662e181b] - async connecting. Associated Snowflake domain: GLOBAL"}
{"level":"INFO","message":"[11:49:30.445 AM]: Creating new connection object"}
{"level":"INFO","message":"[11:49:30.446 AM]: Creating Connection[id: 403add6e-8b3e-4c5b-b03d-6b4e3dd27b07] with host: NJ39494.ap-southeast-2.snowflakecomputing.com, account: NJ39494, accessUrl: https://NJ39494.ap-southeast-2.snowflakecomputing.com, user: ARMADHANIHIRO, role: ACCOUNTADMIN, database: ECHO_DB, schema: CORE, warehouse: ECHO_WH, proxy was not configured, password is not provided, region: ap-southeast-2, authenticator: PROGRAMMATIC_ACCESS_TOKEN, ocsp mode: FAIL_OPEN, os: win32, os version: 10.0.26200"}
{"level":"INFO","message":"[11:49:30.446 AM]: Connection[id: 403add6e-8b3e-4c5b-b03d-6b4e3dd27b07] additional details: passcode in password is provided, passcode is not provided, private key is not provided, application: ECHO, client name: snowflake-sdk, client version: 3.1.0, retry timeout: 300, private key path: undefined, private key pass is not provided, client store temporary credential: false, browser response timeout: 120000"}
{"level":"INFO","message":"[11:49:30.446 AM]: Connection[id: 403add6e-8b3e-4c5b-b03d-6b4e3dd27b07] - connection object created successfully."}
{"level":"INFO","message":"[11:49:30.446 AM]: Connection[id: 403add6e-8b3e-4c5b-b03d-6b4e3dd27b07] - async connecting. Associated Snowflake domain: GLOBAL"}
{"level":"INFO","message":"[11:49:30.446 AM]: Creating new connection object"}
{"level":"INFO","message":"[11:49:30.447 AM]: Creating Connection[id: a340542d-9594-45ea-a318-cb3e79a455e5] with host: NJ39494.ap-southeast-2.snowflakecomputing.com, account: NJ39494, accessUrl: https://NJ39494.ap-southeast-2.snowflakecomputing.com, user: ARMADHANIHIRO, role: ACCOUNTADMIN, database: ECHO_DB, schema: CORE, warehouse: ECHO_WH, proxy was not configured, password is not provided, region: ap-southeast-2, authenticator: PROGRAMMATIC_ACCESS_TOKEN, ocsp mode: FAIL_OPEN, os: win32, os version: 10.0.26200"}
{"level":"INFO","message":"[11:49:30.447 AM]: Connection[id: a340542d-9594-45ea-a318-cb3e79a455e5] additional details: passcode in password is provided, passcode is not provided, private key is not provided, application: ECHO, client name: snowflake-sdk, client version: 3.1.0, retry timeout: 300, private key path: undefined, private key pass is not provided, client store temporary credential: false, browser response timeout: 120000"}
{"level":"INFO","message":"[11:49:30.447 AM]: Connection[id: a340542d-9594-45ea-a318-cb3e79a455e5] - connection object created successfully."}
{"level":"INFO","message":"[11:49:30.447 AM]: Connection[id: a340542d-9594-45ea-a318-cb3e79a455e5] - async connecting. Associated Snowflake domain: GLOBAL"}
{"level":"INFO","message":"[11:49:30.447 AM]: Connection[id: ec0f9835-5211-406d-be1c-7735c6e6bbc4] - authentication successful using: PROGRAMMATIC_ACCESS_TOKEN"}
{"level":"INFO","message":"[11:49:30.447 AM]: Connection[id: de3c8d9e-d39d-4c77-aaad-a670662e181b] - authentication successful using: PROGRAMMATIC_ACCESS_TOKEN"}
{"level":"INFO","message":"[11:49:30.448 AM]: Connection[id: 403add6e-8b3e-4c5b-b03d-6b4e3dd27b07] - authentication successful using: PROGRAMMATIC_ACCESS_TOKEN"}
{"level":"INFO","message":"[11:49:30.448 AM]: Connection[id: a340542d-9594-45ea-a318-cb3e79a455e5] - authentication successful using: PROGRAMMATIC_ACCESS_TOKEN"}
{"level":"INFO","message":"[11:49:30.911 AM]: Connection[id: de3c8d9e-d39d-4c77-aaad-a670662e181b] - connection established successfully after 465.84 milliseconds"}
{"level":"INFO","message":"[11:49:30.923 AM]: Connection[id: 403add6e-8b3e-4c5b-b03d-6b4e3dd27b07] - connection established successfully after 476.87 milliseconds"}
{"level":"INFO","message":"[11:49:30.941 AM]: Connection[id: ec0f9835-5211-406d-be1c-7735c6e6bbc4] - connection established successfully after 497.12 milliseconds"}
{"level":"INFO","message":"[11:49:31.009 AM]: Connection[id: a340542d-9594-45ea-a318-cb3e79a455e5] - connection established successfully after 562.08 milliseconds"}
{"level":"INFO","message":"[11:54:13.504 AM]: Creating new connection object"}
{"level":"INFO","message":"[11:54:13.510 AM]: Creating Connection[id: 2ae461cf-c7ed-4c5d-9b38-0d8859163dd7] with host: NJ39494.ap-southeast-2.snowflakecomputing.com, account: NJ39494, accessUrl: https://NJ39494.ap-southeast-2.snowflakecomputing.com, user: ARMADHANIHIRO, role: ACCOUNTADMIN, database: ECHO_DB, schema: CORE, warehouse: ECHO_WH, proxy was not configured, password is not provided, region: ap-southeast-2, authenticator: PROGRAMMATIC_ACCESS_TOKEN, ocsp mode: FAIL_OPEN, os: win32, os version: 10.0.26200"}
{"level":"INFO","message":"[11:54:13.511 AM]: Connection[id: 2ae461cf-c7ed-4c5d-9b38-0d8859163dd7] additional details: passcode in password is provided, passcode is not provided, private key is not provided, application: ECHO, client name: snowflake-sdk, client version: 3.1.0, retry timeout: 300, private key path: undefined, private key pass is not provided, client store temporary credential: false, browser response timeout: 120000"}
{"level":"INFO","message":"[11:54:13.511 AM]: Connection[id: 2ae461cf-c7ed-4c5d-9b38-0d8859163dd7] - connection object created successfully."}
{"level":"INFO","message":"[11:54:13.512 AM]: Connection[id: 2ae461cf-c7ed-4c5d-9b38-0d8859163dd7] - async connecting. Associated Snowflake domain: GLOBAL"}
{"level":"INFO","message":"[11:54:13.513 AM]: Trying to initialize Easy Logging"}
{"level":"INFO","message":"[11:54:13.545 AM]: No client config detected."}
{"level":"INFO","message":"[11:54:13.546 AM]: No config file path found. Client config will not be used."}
{"level":"INFO","message":"[11:54:13.546 AM]: Easy Logging is disabled as no config has been found"}
{"level":"INFO","message":"[11:54:13.547 AM]: Connection[id: 2ae461cf-c7ed-4c5d-9b38-0d8859163dd7] - authentication successful using: PROGRAMMATIC_ACCESS_TOKEN"}
{"level":"INFO","message":"[11:54:15.386 AM]: Connection[id: 2ae461cf-c7ed-4c5d-9b38-0d8859163dd7] - connection established successfully after 1873.3 milliseconds"}
{"level":"INFO","message":"[11:54:17.067 AM]: Creating new connection object"}
{"level":"INFO","message":"[11:54:17.069 AM]: Creating Connection[id: 8b0cf127-e79d-413b-8a84-718bbfc4f2e7] with host: NJ39494.ap-southeast-2.snowflakecomputing.com, account: NJ39494, accessUrl: https://NJ39494.ap-southeast-2.snowflakecomputing.com, user: ARMADHANIHIRO, role: ACCOUNTADMIN, database: ECHO_DB, schema: CORE, warehouse: ECHO_WH, proxy was not configured, password is not provided, region: ap-southeast-2, authenticator: PROGRAMMATIC_ACCESS_TOKEN, ocsp mode: FAIL_OPEN, os: win32, os version: 10.0.26200"}
{"level":"INFO","message":"[11:54:17.069 AM]: Connection[id: 8b0cf127-e79d-413b-8a84-718bbfc4f2e7] additional details: passcode in password is provided, passcode is not provided, private key is not provided, application: ECHO, client name: snowflake-sdk, client version: 3.1.0, retry timeout: 300, private key path: undefined, private key pass is not provided, client store temporary credential: false, browser response timeout: 120000"}
{"level":"INFO","message":"[11:54:17.070 AM]: Connection[id: 8b0cf127-e79d-413b-8a84-718bbfc4f2e7] - connection object created successfully."}
{"level":"INFO","message":"[11:54:17.070 AM]: Connection[id: 8b0cf127-e79d-413b-8a84-718bbfc4f2e7] - async connecting. Associated Snowflake domain: GLOBAL"}
{"level":"INFO","message":"[11:54:17.071 AM]: Creating new connection object"}
{"level":"INFO","message":"[11:54:17.072 AM]: Creating Connection[id: 81f56e40-5ae9-48bc-9c0b-0709f00e3d71] with host: NJ39494.ap-southeast-2.snowflakecomputing.com, account: NJ39494, accessUrl: https://NJ39494.ap-southeast-2.snowflakecomputing.com, user: ARMADHANIHIRO, role: ACCOUNTADMIN, database: ECHO_DB, schema: CORE, warehouse: ECHO_WH, proxy was not configured, password is not provided, region: ap-southeast-2, authenticator: PROGRAMMATIC_ACCESS_TOKEN, ocsp mode: FAIL_OPEN, os: win32, os version: 10.0.26200"}
{"level":"INFO","message":"[11:54:17.072 AM]: Connection[id: 81f56e40-5ae9-48bc-9c0b-0709f00e3d71] additional details: passcode in password is provided, passcode is not provided, private key is not provided, application: ECHO, client name: snowflake-sdk, client version: 3.1.0, retry timeout: 300, private key path: undefined, private key pass is not provided, client store temporary credential: false, browser response timeout: 120000"}
{"level":"INFO","message":"[11:54:17.072 AM]: Connection[id: 81f56e40-5ae9-48bc-9c0b-0709f00e3d71] - connection object created successfully."}
{"level":"INFO","message":"[11:54:17.073 AM]: Connection[id: 81f56e40-5ae9-48bc-9c0b-0709f00e3d71] - async connecting. Associated Snowflake domain: GLOBAL"}
{"level":"INFO","message":"[11:54:17.073 AM]: Creating new connection object"}
{"level":"INFO","message":"[11:54:17.074 AM]: Creating Connection[id: 5e1d8dfc-fc77-4d3c-a290-cd1327369ff9] with host: NJ39494.ap-southeast-2.snowflakecomputing.com, account: NJ39494, accessUrl: https://NJ39494.ap-southeast-2.snowflakecomputing.com, user: ARMADHANIHIRO, role: ACCOUNTADMIN, database: ECHO_DB, schema: CORE, warehouse: ECHO_WH, proxy was not configured, password is not provided, region: ap-southeast-2, authenticator: PROGRAMMATIC_ACCESS_TOKEN, ocsp mode: FAIL_OPEN, os: win32, os version: 10.0.26200"}
{"level":"INFO","message":"[11:54:17.074 AM]: Connection[id: 5e1d8dfc-fc77-4d3c-a290-cd1327369ff9] additional details: passcode in password is provided, passcode is not provided, private key is not provided, application: ECHO, client name: snowflake-sdk, client version: 3.1.0, retry timeout: 300, private key path: undefined, private key pass is not provided, client store temporary credential: false, browser response timeout: 120000"}
{"level":"INFO","message":"[11:54:17.075 AM]: Connection[id: 5e1d8dfc-fc77-4d3c-a290-cd1327369ff9] - connection object created successfully."}
{"level":"INFO","message":"[11:54:17.075 AM]: Connection[id: 5e1d8dfc-fc77-4d3c-a290-cd1327369ff9] - async connecting. Associated Snowflake domain: GLOBAL"}
{"level":"INFO","message":"[11:54:17.075 AM]: Creating new connection object"}
{"level":"INFO","message":"[11:54:17.076 AM]: Creating Connection[id: 60833868-ecc2-401d-9d13-f239b533027e] with host: NJ39494.ap-southeast-2.snowflakecomputing.com, account: NJ39494, accessUrl: https://NJ39494.ap-southeast-2.snowflakecomputing.com, user: ARMADHANIHIRO, role: ACCOUNTADMIN, database: ECHO_DB, schema: CORE, warehouse: ECHO_WH, proxy was not configured, password is not provided, region: ap-southeast-2, authenticator: PROGRAMMATIC_ACCESS_TOKEN, ocsp mode: FAIL_OPEN, os: win32, os version: 10.0.26200"}
{"level":"INFO","message":"[11:54:17.076 AM]: Connection[id: 60833868-ecc2-401d-9d13-f239b533027e] additional details: passcode in password is provided, passcode is not provided, private key is not provided, application: ECHO, client name: snowflake-sdk, client version: 3.1.0, retry timeout: 300, private key path: undefined, private key pass is not provided, client store temporary credential: false, browser response timeout: 120000"}
{"level":"INFO","message":"[11:54:17.076 AM]: Connection[id: 60833868-ecc2-401d-9d13-f239b533027e] - connection object created successfully."}
{"level":"INFO","message":"[11:54:17.076 AM]: Connection[id: 60833868-ecc2-401d-9d13-f239b533027e] - async connecting. Associated Snowflake domain: GLOBAL"}
{"level":"INFO","message":"[11:54:17.077 AM]: Connection[id: 8b0cf127-e79d-413b-8a84-718bbfc4f2e7] - authentication successful using: PROGRAMMATIC_ACCESS_TOKEN"}
{"level":"INFO","message":"[11:54:17.077 AM]: Connection[id: 81f56e40-5ae9-48bc-9c0b-0709f00e3d71] - authentication successful using: PROGRAMMATIC_ACCESS_TOKEN"}
{"level":"INFO","message":"[11:54:17.077 AM]: Connection[id: 5e1d8dfc-fc77-4d3c-a290-cd1327369ff9] - authentication successful using: PROGRAMMATIC_ACCESS_TOKEN"}
{"level":"INFO","message":"[11:54:17.077 AM]: Connection[id: 60833868-ecc2-401d-9d13-f239b533027e] - authentication successful using: PROGRAMMATIC_ACCESS_TOKEN"}
{"level":"INFO","message":"[11:54:17.475 AM]: Connection[id: 81f56e40-5ae9-48bc-9c0b-0709f00e3d71] - connection established successfully after 401.76 milliseconds"}
{"level":"INFO","message":"[11:54:17.515 AM]: Connection[id: 60833868-ecc2-401d-9d13-f239b533027e] - connection established successfully after 438.26 milliseconds"}
{"level":"INFO","message":"[11:54:17.549 AM]: Connection[id: 8b0cf127-e79d-413b-8a84-718bbfc4f2e7] - connection established successfully after 478.92 milliseconds"}
{"level":"INFO","message":"[11:54:17.625 AM]: Connection[id: 5e1d8dfc-fc77-4d3c-a290-cd1327369ff9] - connection established successfully after 549.95 milliseconds"}
{"level":"INFO","message":"[11:54:24.469 AM]: Creating new connection object"}
{"level":"INFO","message":"[11:54:24.471 AM]: Creating Connection[id: 8379f0d4-638e-4048-99e3-c849081cda6b] with host: NJ39494.ap-southeast-2.snowflakecomputing.com, account: NJ39494, accessUrl: https://NJ39494.ap-southeast-2.snowflakecomputing.com, user: ARMADHANIHIRO, role: ACCOUNTADMIN, database: ECHO_DB, schema: CORE, warehouse: ECHO_WH, proxy was not configured, password is not provided, region: ap-southeast-2, authenticator: PROGRAMMATIC_ACCESS_TOKEN, ocsp mode: FAIL_OPEN, os: win32, os version: 10.0.26200"}
{"level":"INFO","message":"[11:54:24.472 AM]: Connection[id: 8379f0d4-638e-4048-99e3-c849081cda6b] additional details: passcode in password is provided, passcode is not provided, private key is not provided, application: ECHO, client name: snowflake-sdk, client version: 3.1.0, retry timeout: 300, private key path: undefined, private key pass is not provided, client store temporary credential: false, browser response timeout: 120000"}
{"level":"INFO","message":"[11:54:24.472 AM]: Connection[id: 8379f0d4-638e-4048-99e3-c849081cda6b] - connection object created successfully."}
{"level":"INFO","message":"[11:54:24.473 AM]: Connection[id: 8379f0d4-638e-4048-99e3-c849081cda6b] - async connecting. Associated Snowflake domain: GLOBAL"}
{"level":"INFO","message":"[11:54:24.473 AM]: Creating new connection object"}
{"level":"INFO","message":"[11:54:24.474 AM]: Creating Connection[id: b89bef67-a3b6-45cb-ab4f-4bad90f8bd01] with host: NJ39494.ap-southeast-2.snowflakecomputing.com, account: NJ39494, accessUrl: https://NJ39494.ap-southeast-2.snowflakecomputing.com, user: ARMADHANIHIRO, role: ACCOUNTADMIN, database: ECHO_DB, schema: CORE, warehouse: ECHO_WH, proxy was not configured, password is not provided, region: ap-southeast-2, authenticator: PROGRAMMATIC_ACCESS_TOKEN, ocsp mode: FAIL_OPEN, os: win32, os version: 10.0.26200"}
{"level":"INFO","message":"[11:54:24.475 AM]: Connection[id: b89bef67-a3b6-45cb-ab4f-4bad90f8bd01] additional details: passcode in password is provided, passcode is not provided, private key is not provided, application: ECHO, client name: snowflake-sdk, client version: 3.1.0, retry timeout: 300, private key path: undefined, private key pass is not provided, client store temporary credential: false, browser response timeout: 120000"}
{"level":"INFO","message":"[11:54:24.475 AM]: Connection[id: b89bef67-a3b6-45cb-ab4f-4bad90f8bd01] - connection object created successfully."}
{"level":"INFO","message":"[11:54:24.476 AM]: Connection[id: b89bef67-a3b6-45cb-ab4f-4bad90f8bd01] - async connecting. Associated Snowflake domain: GLOBAL"}
{"level":"INFO","message":"[11:54:24.477 AM]: Creating new connection object"}
{"level":"INFO","message":"[11:54:24.478 AM]: Creating Connection[id: 81e7d3af-1c59-4b99-9969-053bfd2e000b] with host: NJ39494.ap-southeast-2.snowflakecomputing.com, account: NJ39494, accessUrl: https://NJ39494.ap-southeast-2.snowflakecomputing.com, user: ARMADHANIHIRO, role: ACCOUNTADMIN, database: ECHO_DB, schema: CORE, warehouse: ECHO_WH, proxy was not configured, password is not provided, region: ap-southeast-2, authenticator: PROGRAMMATIC_ACCESS_TOKEN, ocsp mode: FAIL_OPEN, os: win32, os version: 10.0.26200"}
{"level":"INFO","message":"[11:54:24.479 AM]: Connection[id: 81e7d3af-1c59-4b99-9969-053bfd2e000b] additional details: passcode in password is provided, passcode is not provided, private key is not provided, application: ECHO, client name: snowflake-sdk, client version: 3.1.0, retry timeout: 300, private key path: undefined, private key pass is not provided, client store temporary credential: false, browser response timeout: 120000"}
{"level":"INFO","message":"[11:54:24.479 AM]: Connection[id: 81e7d3af-1c59-4b99-9969-053bfd2e000b] - connection object created successfully."}
{"level":"INFO","message":"[11:54:24.479 AM]: Connection[id: 81e7d3af-1c59-4b99-9969-053bfd2e000b] - async connecting. Associated Snowflake domain: GLOBAL"}
{"level":"INFO","message":"[11:54:24.479 AM]: Creating new connection object"}
{"level":"INFO","message":"[11:54:24.481 AM]: Creating Connection[id: 5a7693fc-52f5-401a-a535-1780011196f0] with host: NJ39494.ap-southeast-2.snowflakecomputing.com, account: NJ39494, accessUrl: https://NJ39494.ap-southeast-2.snowflakecomputing.com, user: ARMADHANIHIRO, role: ACCOUNTADMIN, database: ECHO_DB, schema: CORE, warehouse: ECHO_WH, proxy was not configured, password is not provided, region: ap-southeast-2, authenticator: PROGRAMMATIC_ACCESS_TOKEN, ocsp mode: FAIL_OPEN, os: win32, os version: 10.0.26200"}
{"level":"INFO","message":"[11:54:24.482 AM]: Connection[id: 5a7693fc-52f5-401a-a535-1780011196f0] additional details: passcode in password is provided, passcode is not provided, private key is not provided, application: ECHO, client name: snowflake-sdk, client version: 3.1.0, retry timeout: 300, private key path: undefined, private key pass is not provided, client store temporary credential: false, browser response timeout: 120000"}
{"level":"INFO","message":"[11:54:24.482 AM]: Connection[id: 5a7693fc-52f5-401a-a535-1780011196f0] - connection object created successfully."}
{"level":"INFO","message":"[11:54:24.483 AM]: Connection[id: 5a7693fc-52f5-401a-a535-1780011196f0] - async connecting. Associated Snowflake domain: GLOBAL"}
{"level":"INFO","message":"[11:54:24.484 AM]: Connection[id: 8379f0d4-638e-4048-99e3-c849081cda6b] - authentication successful using: PROGRAMMATIC_ACCESS_TOKEN"}
{"level":"INFO","message":"[11:54:24.485 AM]: Connection[id: b89bef67-a3b6-45cb-ab4f-4bad90f8bd01] - authentication successful using: PROGRAMMATIC_ACCESS_TOKEN"}
{"level":"INFO","message":"[11:54:24.485 AM]: Connection[id: 81e7d3af-1c59-4b99-9969-053bfd2e000b] - authentication successful using: PROGRAMMATIC_ACCESS_TOKEN"}
{"level":"INFO","message":"[11:54:24.485 AM]: Connection[id: 5a7693fc-52f5-401a-a535-1780011196f0] - authentication successful using: PROGRAMMATIC_ACCESS_TOKEN"}
{"level":"INFO","message":"[11:54:24.935 AM]: Connection[id: 5a7693fc-52f5-401a-a535-1780011196f0] - connection established successfully after 451.61 milliseconds"}
{"level":"INFO","message":"[11:54:24.941 AM]: Connection[id: 81e7d3af-1c59-4b99-9969-053bfd2e000b] - connection established successfully after 461.69 milliseconds"}
{"level":"INFO","message":"[11:54:24.985 AM]: Connection[id: b89bef67-a3b6-45cb-ab4f-4bad90f8bd01] - connection established successfully after 509.22 milliseconds"}
{"level":"INFO","message":"[11:54:24.992 AM]: Connection[id: 8379f0d4-638e-4048-99e3-c849081cda6b] - connection established successfully after 519.18 milliseconds"}
{"level":"INFO","message":"[11:54:28.246 AM]: Creating new connection object"}
{"level":"INFO","message":"[11:54:28.251 AM]: Creating Connection[id: a566b002-e730-4441-ba58-e1d9ab08a744] with host: NJ39494.ap-southeast-2.snowflakecomputing.com, account: NJ39494, accessUrl: https://NJ39494.ap-southeast-2.snowflakecomputing.com, user: ARMADHANIHIRO, role: ACCOUNTADMIN, database: ECHO_DB, schema: CORE, warehouse: ECHO_WH, proxy was not configured, password is not provided, region: ap-southeast-2, authenticator: PROGRAMMATIC_ACCESS_TOKEN, ocsp mode: FAIL_OPEN, os: win32, os version: 10.0.26200"}
{"level":"INFO","message":"[11:54:28.252 AM]: Connection[id: a566b002-e730-4441-ba58-e1d9ab08a744] additional details: passcode in password is provided, passcode is not provided, private key is not provided, application: ECHO, client name: snowflake-sdk, client version: 3.1.0, retry timeout: 300, private key path: undefined, private key pass is not provided, client store temporary credential: false, browser response timeout: 120000"}
{"level":"INFO","message":"[11:54:28.253 AM]: Connection[id: a566b002-e730-4441-ba58-e1d9ab08a744] - connection object created successfully."}
{"level":"INFO","message":"[11:54:28.254 AM]: Connection[id: a566b002-e730-4441-ba58-e1d9ab08a744] - async connecting. Associated Snowflake domain: GLOBAL"}
{"level":"INFO","message":"[11:54:28.254 AM]: Creating new connection object"}
{"level":"INFO","message":"[11:54:28.256 AM]: Creating Connection[id: c25e157f-f4f5-4851-89d8-086621dd5b25] with host: NJ39494.ap-southeast-2.snowflakecomputing.com, account: NJ39494, accessUrl: https://NJ39494.ap-southeast-2.snowflakecomputing.com, user: ARMADHANIHIRO, role: ACCOUNTADMIN, database: ECHO_DB, schema: CORE, warehouse: ECHO_WH, proxy was not configured, password is not provided, region: ap-southeast-2, authenticator: PROGRAMMATIC_ACCESS_TOKEN, ocsp mode: FAIL_OPEN, os: win32, os version: 10.0.26200"}
{"level":"INFO","message":"[11:54:28.256 AM]: Connection[id: c25e157f-f4f5-4851-89d8-086621dd5b25] additional details: passcode in password is provided, passcode is not provided, private key is not provided, application: ECHO, client name: snowflake-sdk, client version: 3.1.0, retry timeout: 300, private key path: undefined, private key pass is not provided, client store temporary credential: false, browser response timeout: 120000"}
{"level":"INFO","message":"[11:54:28.257 AM]: Connection[id: c25e157f-f4f5-4851-89d8-086621dd5b25] - connection object created successfully."}
{"level":"INFO","message":"[11:54:28.258 AM]: Connection[id: c25e157f-f4f5-4851-89d8-086621dd5b25] - async connecting. Associated Snowflake domain: GLOBAL"}
{"level":"INFO","message":"[11:54:28.259 AM]: Creating new connection object"}
{"level":"INFO","message":"[11:54:28.260 AM]: Creating Connection[id: d0356167-11dc-4a70-b7bd-85b75bef89b0] with host: NJ39494.ap-southeast-2.snowflakecomputing.com, account: NJ39494, accessUrl: https://NJ39494.ap-southeast-2.snowflakecomputing.com, user: ARMADHANIHIRO, role: ACCOUNTADMIN, database: ECHO_DB, schema: CORE, warehouse: ECHO_WH, proxy was not configured, password is not provided, region: ap-southeast-2, authenticator: PROGRAMMATIC_ACCESS_TOKEN, ocsp mode: FAIL_OPEN, os: win32, os version: 10.0.26200"}
{"level":"INFO","message":"[11:54:28.261 AM]: Connection[id: d0356167-11dc-4a70-b7bd-85b75bef89b0] additional details: passcode in password is provided, passcode is not provided, private key is not provided, application: ECHO, client name: snowflake-sdk, client version: 3.1.0, retry timeout: 300, private key path: undefined, private key pass is not provided, client store temporary credential: false, browser response timeout: 120000"}
{"level":"INFO","message":"[11:54:28.262 AM]: Connection[id: d0356167-11dc-4a70-b7bd-85b75bef89b0] - connection object created successfully."}
{"level":"INFO","message":"[11:54:28.262 AM]: Connection[id: d0356167-11dc-4a70-b7bd-85b75bef89b0] - async connecting. Associated Snowflake domain: GLOBAL"}
{"level":"INFO","message":"[11:54:28.263 AM]: Creating new connection object"}
{"level":"INFO","message":"[11:54:28.263 AM]: Creating Connection[id: 39a972cb-d7dc-48cd-a725-b56ff40f50da] with host: NJ39494.ap-southeast-2.snowflakecomputing.com, account: NJ39494, accessUrl: https://NJ39494.ap-southeast-2.snowflakecomputing.com, user: ARMADHANIHIRO, role: ACCOUNTADMIN, database: ECHO_DB, schema: CORE, warehouse: ECHO_WH, proxy was not configured, password is not provided, region: ap-southeast-2, authenticator: PROGRAMMATIC_ACCESS_TOKEN, ocsp mode: FAIL_OPEN, os: win32, os version: 10.0.26200"}
{"level":"INFO","message":"[11:54:28.264 AM]: Connection[id: 39a972cb-d7dc-48cd-a725-b56ff40f50da] additional details: passcode in password is provided, passcode is not provided, private key is not provided, application: ECHO, client name: snowflake-sdk, client version: 3.1.0, retry timeout: 300, private key path: undefined, private key pass is not provided, client store temporary credential: false, browser response timeout: 120000"}
{"level":"INFO","message":"[11:54:28.264 AM]: Connection[id: 39a972cb-d7dc-48cd-a725-b56ff40f50da] - connection object created successfully."}
{"level":"INFO","message":"[11:54:28.265 AM]: Connection[id: 39a972cb-d7dc-48cd-a725-b56ff40f50da] - async connecting. Associated Snowflake domain: GLOBAL"}
{"level":"INFO","message":"[11:54:28.266 AM]: Connection[id: a566b002-e730-4441-ba58-e1d9ab08a744] - authentication successful using: PROGRAMMATIC_ACCESS_TOKEN"}
{"level":"INFO","message":"[11:54:28.268 AM]: Connection[id: c25e157f-f4f5-4851-89d8-086621dd5b25] - authentication successful using: PROGRAMMATIC_ACCESS_TOKEN"}
{"level":"INFO","message":"[11:54:28.269 AM]: Connection[id: d0356167-11dc-4a70-b7bd-85b75bef89b0] - authentication successful using: PROGRAMMATIC_ACCESS_TOKEN"}
{"level":"INFO","message":"[11:54:28.269 AM]: Connection[id: 39a972cb-d7dc-48cd-a725-b56ff40f50da] - authentication successful using: PROGRAMMATIC_ACCESS_TOKEN"}
{"level":"INFO","message":"[11:54:28.710 AM]: Connection[id: a566b002-e730-4441-ba58-e1d9ab08a744] - connection established successfully after 456.45 milliseconds"}
{"level":"INFO","message":"[11:54:28.793 AM]: Connection[id: d0356167-11dc-4a70-b7bd-85b75bef89b0] - connection established successfully after 531.18 milliseconds"}
{"level":"INFO","message":"[11:54:28.836 AM]: Connection[id: 39a972cb-d7dc-48cd-a725-b56ff40f50da] - connection established successfully after 570.97 milliseconds"}
{"level":"INFO","message":"[11:54:28.843 AM]: Connection[id: c25e157f-f4f5-4851-89d8-086621dd5b25] - connection established successfully after 584.81 milliseconds"}
{"level":"INFO","message":"[11:54:30.634 AM]: Creating new connection object"}
{"level":"INFO","message":"[11:54:30.636 AM]: Creating Connection[id: 5859c3cf-e106-4b3a-82b9-d543c76d2261] with host: NJ39494.ap-southeast-2.snowflakecomputing.com, account: NJ39494, accessUrl: https://NJ39494.ap-southeast-2.snowflakecomputing.com, user: ARMADHANIHIRO, role: ACCOUNTADMIN, database: ECHO_DB, schema: CORE, warehouse: ECHO_WH, proxy was not configured, password is not provided, region: ap-southeast-2, authenticator: PROGRAMMATIC_ACCESS_TOKEN, ocsp mode: FAIL_OPEN, os: win32, os version: 10.0.26200"}
{"level":"INFO","message":"[11:54:30.636 AM]: Connection[id: 5859c3cf-e106-4b3a-82b9-d543c76d2261] additional details: passcode in password is provided, passcode is not provided, private key is not provided, application: ECHO, client name: snowflake-sdk, client version: 3.1.0, retry timeout: 300, private key path: undefined, private key pass is not provided, client store temporary credential: false, browser response timeout: 120000"}
{"level":"INFO","message":"[11:54:30.637 AM]: Connection[id: 5859c3cf-e106-4b3a-82b9-d543c76d2261] - connection object created successfully."}
{"level":"INFO","message":"[11:54:30.637 AM]: Connection[id: 5859c3cf-e106-4b3a-82b9-d543c76d2261] - async connecting. Associated Snowflake domain: GLOBAL"}
{"level":"INFO","message":"[11:54:30.637 AM]: Creating new connection object"}
{"level":"INFO","message":"[11:54:30.638 AM]: Creating Connection[id: 903de378-ecf1-4115-aeda-ba39a1189369] with host: NJ39494.ap-southeast-2.snowflakecomputing.com, account: NJ39494, accessUrl: https://NJ39494.ap-southeast-2.snowflakecomputing.com, user: ARMADHANIHIRO, role: ACCOUNTADMIN, database: ECHO_DB, schema: CORE, warehouse: ECHO_WH, proxy was not configured, password is not provided, region: ap-southeast-2, authenticator: PROGRAMMATIC_ACCESS_TOKEN, ocsp mode: FAIL_OPEN, os: win32, os version: 10.0.26200"}
{"level":"INFO","message":"[11:54:30.638 AM]: Connection[id: 903de378-ecf1-4115-aeda-ba39a1189369] additional details: passcode in password is provided, passcode is not provided, private key is not provided, application: ECHO, client name: snowflake-sdk, client version: 3.1.0, retry timeout: 300, private key path: undefined, private key pass is not provided, client store temporary credential: false, browser response timeout: 120000"}
{"level":"INFO","message":"[11:54:30.639 AM]: Connection[id: 903de378-ecf1-4115-aeda-ba39a1189369] - connection object created successfully."}
{"level":"INFO","message":"[11:54:30.640 AM]: Connection[id: 903de378-ecf1-4115-aeda-ba39a1189369] - async connecting. Associated Snowflake domain: GLOBAL"}
{"level":"INFO","message":"[11:54:30.641 AM]: Creating new connection object"}
{"level":"INFO","message":"[11:54:30.642 AM]: Creating Connection[id: c258241b-dfe9-4963-868b-72e9b8c5080e] with host: NJ39494.ap-southeast-2.snowflakecomputing.com, account: NJ39494, accessUrl: https://NJ39494.ap-southeast-2.snowflakecomputing.com, user: ARMADHANIHIRO, role: ACCOUNTADMIN, database: ECHO_DB, schema: CORE, warehouse: ECHO_WH, proxy was not configured, password is not provided, region: ap-southeast-2, authenticator: PROGRAMMATIC_ACCESS_TOKEN, ocsp mode: FAIL_OPEN, os: win32, os version: 10.0.26200"}
{"level":"INFO","message":"[11:54:30.643 AM]: Connection[id: c258241b-dfe9-4963-868b-72e9b8c5080e] additional details: passcode in password is provided, passcode is not provided, private key is not provided, application: ECHO, client name: snowflake-sdk, client version: 3.1.0, retry timeout: 300, private key path: undefined, private key pass is not provided, client store temporary credential: false, browser response timeout: 120000"}
{"level":"INFO","message":"[11:54:30.643 AM]: Connection[id: c258241b-dfe9-4963-868b-72e9b8c5080e] - connection object created successfully."}
{"level":"INFO","message":"[11:54:30.644 AM]: Connection[id: c258241b-dfe9-4963-868b-72e9b8c5080e] - async connecting. Associated Snowflake domain: GLOBAL"}
{"level":"INFO","message":"[11:54:30.644 AM]: Creating new connection object"}
{"level":"INFO","message":"[11:54:30.645 AM]: Creating Connection[id: 60474ba8-29b8-4ba9-83fa-e8a4129be3f1] with host: NJ39494.ap-southeast-2.snowflakecomputing.com, account: NJ39494, accessUrl: https://NJ39494.ap-southeast-2.snowflakecomputing.com, user: ARMADHANIHIRO, role: ACCOUNTADMIN, database: ECHO_DB, schema: CORE, warehouse: ECHO_WH, proxy was not configured, password is not provided, region: ap-southeast-2, authenticator: PROGRAMMATIC_ACCESS_TOKEN, ocsp mode: FAIL_OPEN, os: win32, os version: 10.0.26200"}
{"level":"INFO","message":"[11:54:30.648 AM]: Connection[id: 60474ba8-29b8-4ba9-83fa-e8a4129be3f1] additional details: passcode in password is provided, passcode is not provided, private key is not provided, application: ECHO, client name: snowflake-sdk, client version: 3.1.0, retry timeout: 300, private key path: undefined, private key pass is not provided, client store temporary credential: false, browser response timeout: 120000"}
{"level":"INFO","message":"[11:54:30.649 AM]: Connection[id: 60474ba8-29b8-4ba9-83fa-e8a4129be3f1] - connection object created successfully."}
{"level":"INFO","message":"[11:54:30.649 AM]: Connection[id: 60474ba8-29b8-4ba9-83fa-e8a4129be3f1] - async connecting. Associated Snowflake domain: GLOBAL"}
{"level":"INFO","message":"[11:54:30.650 AM]: Connection[id: 5859c3cf-e106-4b3a-82b9-d543c76d2261] - authentication successful using: PROGRAMMATIC_ACCESS_TOKEN"}
{"level":"INFO","message":"[11:54:30.650 AM]: Connection[id: 903de378-ecf1-4115-aeda-ba39a1189369] - authentication successful using: PROGRAMMATIC_ACCESS_TOKEN"}
{"level":"INFO","message":"[11:54:30.651 AM]: Connection[id: c258241b-dfe9-4963-868b-72e9b8c5080e] - authentication successful using: PROGRAMMATIC_ACCESS_TOKEN"}
{"level":"INFO","message":"[11:54:30.651 AM]: Connection[id: 60474ba8-29b8-4ba9-83fa-e8a4129be3f1] - authentication successful using: PROGRAMMATIC_ACCESS_TOKEN"}
{"level":"INFO","message":"[11:54:31.095 AM]: Connection[id: 60474ba8-29b8-4ba9-83fa-e8a4129be3f1] - connection established successfully after 445.61 milliseconds"}
{"level":"INFO","message":"[11:54:31.159 AM]: Connection[id: c258241b-dfe9-4963-868b-72e9b8c5080e] - connection established successfully after 515.38 milliseconds"}
{"level":"INFO","message":"[11:54:31.334 AM]: Connection[id: 903de378-ecf1-4115-aeda-ba39a1189369] - connection established successfully after 693.93 milliseconds"}
{"level":"INFO","message":"[11:54:31.374 AM]: Connection[id: 5859c3cf-e106-4b3a-82b9-d543c76d2261] - connection established successfully after 736.67 milliseconds"}
{"level":"INFO","message":"[11:55:39.051 AM]: Creating new connection object"}
{"level":"INFO","message":"[11:55:39.053 AM]: Creating Connection[id: d33882d3-b581-45e7-9610-8899b8626c26] with host: NJ39494.ap-southeast-2.snowflakecomputing.com, account: NJ39494, accessUrl: https://NJ39494.ap-southeast-2.snowflakecomputing.com, user: ARMADHANIHIRO, role: ACCOUNTADMIN, database: ECHO_DB, schema: CORE, warehouse: ECHO_WH, proxy was not configured, password is not provided, region: ap-southeast-2, authenticator: PROGRAMMATIC_ACCESS_TOKEN, ocsp mode: FAIL_OPEN, os: win32, os version: 10.0.26200"}
{"level":"INFO","message":"[11:55:39.053 AM]: Connection[id: d33882d3-b581-45e7-9610-8899b8626c26] additional details: passcode in password is provided, passcode is not provided, private key is not provided, application: ECHO, client name: snowflake-sdk, client version: 3.1.0, retry timeout: 300, private key path: undefined, private key pass is not provided, client store temporary credential: false, browser response timeout: 120000"}
{"level":"INFO","message":"[11:55:39.053 AM]: Connection[id: d33882d3-b581-45e7-9610-8899b8626c26] - connection object created successfully."}
{"level":"INFO","message":"[11:55:39.054 AM]: Connection[id: d33882d3-b581-45e7-9610-8899b8626c26] - async connecting. Associated Snowflake domain: GLOBAL"}
{"level":"INFO","message":"[11:55:39.055 AM]: Creating new connection object"}
{"level":"INFO","message":"[11:55:39.056 AM]: Creating Connection[id: 3d18428e-7227-4c42-8b0b-861438bd0d1c] with host: NJ39494.ap-southeast-2.snowflakecomputing.com, account: NJ39494, accessUrl: https://NJ39494.ap-southeast-2.snowflakecomputing.com, user: ARMADHANIHIRO, role: ACCOUNTADMIN, database: ECHO_DB, schema: CORE, warehouse: ECHO_WH, proxy was not configured, password is not provided, region: ap-southeast-2, authenticator: PROGRAMMATIC_ACCESS_TOKEN, ocsp mode: FAIL_OPEN, os: win32, os version: 10.0.26200"}
{"level":"INFO","message":"[11:55:39.057 AM]: Connection[id: 3d18428e-7227-4c42-8b0b-861438bd0d1c] additional details: passcode in password is provided, passcode is not provided, private key is not provided, application: ECHO, client name: snowflake-sdk, client version: 3.1.0, retry timeout: 300, private key path: undefined, private key pass is not provided, client store temporary credential: false, browser response timeout: 120000"}
{"level":"INFO","message":"[11:55:39.057 AM]: Connection[id: 3d18428e-7227-4c42-8b0b-861438bd0d1c] - connection object created successfully."}
{"level":"INFO","message":"[11:55:39.058 AM]: Connection[id: 3d18428e-7227-4c42-8b0b-861438bd0d1c] - async connecting. Associated Snowflake domain: GLOBAL"}
{"level":"INFO","message":"[11:55:39.059 AM]: Creating new connection object"}
{"level":"INFO","message":"[11:55:39.060 AM]: Creating Connection[id: 1581c22d-59dc-4d8c-a63a-d656e658193b] with host: NJ39494.ap-southeast-2.snowflakecomputing.com, account: NJ39494, accessUrl: https://NJ39494.ap-southeast-2.snowflakecomputing.com, user: ARMADHANIHIRO, role: ACCOUNTADMIN, database: ECHO_DB, schema: CORE, warehouse: ECHO_WH, proxy was not configured, password is not provided, region: ap-southeast-2, authenticator: PROGRAMMATIC_ACCESS_TOKEN, ocsp mode: FAIL_OPEN, os: win32, os version: 10.0.26200"}
{"level":"INFO","message":"[11:55:39.061 AM]: Connection[id: 1581c22d-59dc-4d8c-a63a-d656e658193b] additional details: passcode in password is provided, passcode is not provided, private key is not provided, application: ECHO, client name: snowflake-sdk, client version: 3.1.0, retry timeout: 300, private key path: undefined, private key pass is not provided, client store temporary credential: false, browser response timeout: 120000"}
{"level":"INFO","message":"[11:55:39.061 AM]: Connection[id: 1581c22d-59dc-4d8c-a63a-d656e658193b] - connection object created successfully."}
{"level":"INFO","message":"[11:55:39.062 AM]: Connection[id: 1581c22d-59dc-4d8c-a63a-d656e658193b] - async connecting. Associated Snowflake domain: GLOBAL"}
{"level":"INFO","message":"[11:55:39.062 AM]: Creating new connection object"}
{"level":"INFO","message":"[11:55:39.063 AM]: Creating Connection[id: 6c7f027a-12de-4613-89ba-ac8288ab2f89] with host: NJ39494.ap-southeast-2.snowflakecomputing.com, account: NJ39494, accessUrl: https://NJ39494.ap-southeast-2.snowflakecomputing.com, user: ARMADHANIHIRO, role: ACCOUNTADMIN, database: ECHO_DB, schema: CORE, warehouse: ECHO_WH, proxy was not configured, password is not provided, region: ap-southeast-2, authenticator: PROGRAMMATIC_ACCESS_TOKEN, ocsp mode: FAIL_OPEN, os: win32, os version: 10.0.26200"}
{"level":"INFO","message":"[11:55:39.063 AM]: Connection[id: 6c7f027a-12de-4613-89ba-ac8288ab2f89] additional details: passcode in password is provided, passcode is not provided, private key is not provided, application: ECHO, client name: snowflake-sdk, client version: 3.1.0, retry timeout: 300, private key path: undefined, private key pass is not provided, client store temporary credential: false, browser response timeout: 120000"}
{"level":"INFO","message":"[11:55:39.063 AM]: Connection[id: 6c7f027a-12de-4613-89ba-ac8288ab2f89] - connection object created successfully."}
{"level":"INFO","message":"[11:55:39.064 AM]: Connection[id: 6c7f027a-12de-4613-89ba-ac8288ab2f89] - async connecting. Associated Snowflake domain: GLOBAL"}
{"level":"INFO","message":"[11:55:39.064 AM]: Connection[id: d33882d3-b581-45e7-9610-8899b8626c26] - authentication successful using: PROGRAMMATIC_ACCESS_TOKEN"}
{"level":"INFO","message":"[11:55:39.064 AM]: Connection[id: 3d18428e-7227-4c42-8b0b-861438bd0d1c] - authentication successful using: PROGRAMMATIC_ACCESS_TOKEN"}
{"level":"INFO","message":"[11:55:39.065 AM]: Connection[id: 1581c22d-59dc-4d8c-a63a-d656e658193b] - authentication successful using: PROGRAMMATIC_ACCESS_TOKEN"}
{"level":"INFO","message":"[11:55:39.066 AM]: Connection[id: 6c7f027a-12de-4613-89ba-ac8288ab2f89] - authentication successful using: PROGRAMMATIC_ACCESS_TOKEN"}
{"level":"INFO","message":"[11:55:40.239 AM]: Connection[id: 3d18428e-7227-4c42-8b0b-861438bd0d1c] - connection established successfully after 1181.23 milliseconds"}
{"level":"INFO","message":"[11:55:40.258 AM]: Connection[id: d33882d3-b581-45e7-9610-8899b8626c26] - connection established successfully after 1204.25 milliseconds"}
{"level":"INFO","message":"[11:55:40.271 AM]: Connection[id: 6c7f027a-12de-4613-89ba-ac8288ab2f89] - connection established successfully after 1207.59 milliseconds"}
{"level":"INFO","message":"[11:55:40.308 AM]: Connection[id: 1581c22d-59dc-4d8c-a63a-d656e658193b] - connection established successfully after 1246.41 milliseconds"}
{"level":"INFO","message":"[11:56:58.718 AM]: Creating new connection object"}
{"level":"INFO","message":"[11:56:58.719 AM]: Creating Connection[id: 96d59749-fa4b-404a-80b2-ba8eca346b43] with host: NJ39494.ap-southeast-2.snowflakecomputing.com, account: NJ39494, accessUrl: https://NJ39494.ap-southeast-2.snowflakecomputing.com, user: ARMADHANIHIRO, role: ACCOUNTADMIN, database: ECHO_DB, schema: CORE, warehouse: ECHO_WH, proxy was not configured, password is not provided, region: ap-southeast-2, authenticator: PROGRAMMATIC_ACCESS_TOKEN, ocsp mode: FAIL_OPEN, os: win32, os version: 10.0.26200"}
{"level":"INFO","message":"[11:56:58.720 AM]: Connection[id: 96d59749-fa4b-404a-80b2-ba8eca346b43] additional details: passcode in password is provided, passcode is not provided, private key is not provided, application: ECHO, client name: snowflake-sdk, client version: 3.1.0, retry timeout: 300, private key path: undefined, private key pass is not provided, client store temporary credential: false, browser response timeout: 120000"}
{"level":"INFO","message":"[11:56:58.720 AM]: Connection[id: 96d59749-fa4b-404a-80b2-ba8eca346b43] - connection object created successfully."}
{"level":"INFO","message":"[11:56:58.720 AM]: Connection[id: 96d59749-fa4b-404a-80b2-ba8eca346b43] - async connecting. Associated Snowflake domain: GLOBAL"}
{"level":"INFO","message":"[11:56:58.720 AM]: Trying to initialize Easy Logging"}
{"level":"INFO","message":"[11:56:58.736 AM]: No client config detected."}
{"level":"INFO","message":"[11:56:58.736 AM]: No config file path found. Client config will not be used."}
{"level":"INFO","message":"[11:56:58.737 AM]: Easy Logging is disabled as no config has been found"}
{"level":"INFO","message":"[11:56:58.738 AM]: Connection[id: 96d59749-fa4b-404a-80b2-ba8eca346b43] - authentication successful using: PROGRAMMATIC_ACCESS_TOKEN"}
{"level":"INFO","message":"[11:57:00.941 AM]: Connection[id: 96d59749-fa4b-404a-80b2-ba8eca346b43] - connection established successfully after 2220.27 milliseconds"}
{"level":"INFO","message":"[11:57:01.463 AM]: Creating new connection object"}
{"level":"INFO","message":"[11:57:01.464 AM]: Creating Connection[id: 1c6aeee1-094c-4267-8782-246193cbc19c] with host: NJ39494.ap-southeast-2.snowflakecomputing.com, account: NJ39494, accessUrl: https://NJ39494.ap-southeast-2.snowflakecomputing.com, user: ARMADHANIHIRO, role: ACCOUNTADMIN, database: ECHO_DB, schema: CORE, warehouse: ECHO_WH, proxy was not configured, password is not provided, region: ap-southeast-2, authenticator: PROGRAMMATIC_ACCESS_TOKEN, ocsp mode: FAIL_OPEN, os: win32, os version: 10.0.26200"}
{"level":"INFO","message":"[11:57:01.465 AM]: Connection[id: 1c6aeee1-094c-4267-8782-246193cbc19c] additional details: passcode in password is provided, passcode is not provided, private key is not provided, application: ECHO, client name: snowflake-sdk, client version: 3.1.0, retry timeout: 300, private key path: undefined, private key pass is not provided, client store temporary credential: false, browser response timeout: 120000"}
{"level":"INFO","message":"[11:57:01.465 AM]: Connection[id: 1c6aeee1-094c-4267-8782-246193cbc19c] - connection object created successfully."}
{"level":"INFO","message":"[11:57:01.465 AM]: Connection[id: 1c6aeee1-094c-4267-8782-246193cbc19c] - async connecting. Associated Snowflake domain: GLOBAL"}
{"level":"INFO","message":"[11:57:01.465 AM]: Creating new connection object"}
{"level":"INFO","message":"[11:57:01.465 AM]: Creating Connection[id: 372f49ca-9437-413a-98c0-c676c3a1a687] with host: NJ39494.ap-southeast-2.snowflakecomputing.com, account: NJ39494, accessUrl: https://NJ39494.ap-southeast-2.snowflakecomputing.com, user: ARMADHANIHIRO, role: ACCOUNTADMIN, database: ECHO_DB, schema: CORE, warehouse: ECHO_WH, proxy was not configured, password is not provided, region: ap-southeast-2, authenticator: PROGRAMMATIC_ACCESS_TOKEN, ocsp mode: FAIL_OPEN, os: win32, os version: 10.0.26200"}
{"level":"INFO","message":"[11:57:01.465 AM]: Connection[id: 372f49ca-9437-413a-98c0-c676c3a1a687] additional details: passcode in password is provided, passcode is not provided, private key is not provided, application: ECHO, client name: snowflake-sdk, client version: 3.1.0, retry timeout: 300, private key path: undefined, private key pass is not provided, client store temporary credential: false, browser response timeout: 120000"}
{"level":"INFO","message":"[11:57:01.466 AM]: Connection[id: 372f49ca-9437-413a-98c0-c676c3a1a687] - connection object created successfully."}
{"level":"INFO","message":"[11:57:01.466 AM]: Connection[id: 372f49ca-9437-413a-98c0-c676c3a1a687] - async connecting. Associated Snowflake domain: GLOBAL"}
{"level":"INFO","message":"[11:57:01.466 AM]: Creating new connection object"}
{"level":"INFO","message":"[11:57:01.466 AM]: Creating Connection[id: 1ff6992c-874f-4339-a1eb-e3e078a80896] with host: NJ39494.ap-southeast-2.snowflakecomputing.com, account: NJ39494, accessUrl: https://NJ39494.ap-southeast-2.snowflakecomputing.com, user: ARMADHANIHIRO, role: ACCOUNTADMIN, database: ECHO_DB, schema: CORE, warehouse: ECHO_WH, proxy was not configured, password is not provided, region: ap-southeast-2, authenticator: PROGRAMMATIC_ACCESS_TOKEN, ocsp mode: FAIL_OPEN, os: win32, os version: 10.0.26200"}
{"level":"INFO","message":"[11:57:01.466 AM]: Connection[id: 1ff6992c-874f-4339-a1eb-e3e078a80896] additional details: passcode in password is provided, passcode is not provided, private key is not provided, application: ECHO, client name: snowflake-sdk, client version: 3.1.0, retry timeout: 300, private key path: undefined, private key pass is not provided, client store temporary credential: false, browser response timeout: 120000"}
{"level":"INFO","message":"[11:57:01.467 AM]: Connection[id: 1ff6992c-874f-4339-a1eb-e3e078a80896] - connection object created successfully."}
{"level":"INFO","message":"[11:57:01.467 AM]: Connection[id: 1ff6992c-874f-4339-a1eb-e3e078a80896] - async connecting. Associated Snowflake domain: GLOBAL"}
{"level":"INFO","message":"[11:57:01.467 AM]: Creating new connection object"}
{"level":"INFO","message":"[11:57:01.468 AM]: Creating Connection[id: 8cde762c-430b-4109-884c-92229c72c4e3] with host: NJ39494.ap-southeast-2.snowflakecomputing.com, account: NJ39494, accessUrl: https://NJ39494.ap-southeast-2.snowflakecomputing.com, user: ARMADHANIHIRO, role: ACCOUNTADMIN, database: ECHO_DB, schema: CORE, warehouse: ECHO_WH, proxy was not configured, password is not provided, region: ap-southeast-2, authenticator: PROGRAMMATIC_ACCESS_TOKEN, ocsp mode: FAIL_OPEN, os: win32, os version: 10.0.26200"}
{"level":"INFO","message":"[11:57:01.469 AM]: Connection[id: 8cde762c-430b-4109-884c-92229c72c4e3] additional details: passcode in password is provided, passcode is not provided, private key is not provided, application: ECHO, client name: snowflake-sdk, client version: 3.1.0, retry timeout: 300, private key path: undefined, private key pass is not provided, client store temporary credential: false, browser response timeout: 120000"}
{"level":"INFO","message":"[11:57:01.469 AM]: Connection[id: 8cde762c-430b-4109-884c-92229c72c4e3] - connection object created successfully."}
{"level":"INFO","message":"[11:57:01.470 AM]: Connection[id: 8cde762c-430b-4109-884c-92229c72c4e3] - async connecting. Associated Snowflake domain: GLOBAL"}
{"level":"INFO","message":"[11:57:01.470 AM]: Connection[id: 1c6aeee1-094c-4267-8782-246193cbc19c] - authentication successful using: PROGRAMMATIC_ACCESS_TOKEN"}
{"level":"INFO","message":"[11:57:01.471 AM]: Connection[id: 372f49ca-9437-413a-98c0-c676c3a1a687] - authentication successful using: PROGRAMMATIC_ACCESS_TOKEN"}
{"level":"INFO","message":"[11:57:01.471 AM]: Connection[id: 1ff6992c-874f-4339-a1eb-e3e078a80896] - authentication successful using: PROGRAMMATIC_ACCESS_TOKEN"}
{"level":"INFO","message":"[11:57:01.472 AM]: Connection[id: 8cde762c-430b-4109-884c-92229c72c4e3] - authentication successful using: PROGRAMMATIC_ACCESS_TOKEN"}
{"level":"INFO","message":"[11:57:01.883 AM]: Connection[id: 1c6aeee1-094c-4267-8782-246193cbc19c] - connection established successfully after 417.82 milliseconds"}
{"level":"INFO","message":"[11:57:01.888 AM]: Connection[id: 8cde762c-430b-4109-884c-92229c72c4e3] - connection established successfully after 418.83 milliseconds"}
{"level":"INFO","message":"[11:57:01.896 AM]: Connection[id: 372f49ca-9437-413a-98c0-c676c3a1a687] - connection established successfully after 429.9 milliseconds"}
{"level":"INFO","message":"[11:57:01.950 AM]: Connection[id: 1ff6992c-874f-4339-a1eb-e3e078a80896] - connection established successfully after 483.18 milliseconds"}
{"level":"INFO","message":"[12:02:13.829 PM]: Creating new connection object"}
{"level":"INFO","message":"[12:02:13.830 PM]: Creating Connection[id: e580ed98-ff5d-4a78-8b22-f8825a816511] with host: NJ39494.ap-southeast-2.snowflakecomputing.com, account: NJ39494, accessUrl: https://NJ39494.ap-southeast-2.snowflakecomputing.com, user: ARMADHANIHIRO, role: ACCOUNTADMIN, database: ECHO_DB, schema: CORE, warehouse: ECHO_WH, proxy was not configured, password is not provided, region: ap-southeast-2, authenticator: PROGRAMMATIC_ACCESS_TOKEN, ocsp mode: FAIL_OPEN, os: win32, os version: 10.0.26200"}
{"level":"INFO","message":"[12:02:13.830 PM]: Connection[id: e580ed98-ff5d-4a78-8b22-f8825a816511] additional details: passcode in password is provided, passcode is not provided, private key is not provided, application: ECHO, client name: snowflake-sdk, client version: 3.1.0, retry timeout: 300, private key path: undefined, private key pass is not provided, client store temporary credential: false, browser response timeout: 120000"}
{"level":"INFO","message":"[12:02:13.831 PM]: Connection[id: e580ed98-ff5d-4a78-8b22-f8825a816511] - connection object created successfully."}
{"level":"INFO","message":"[12:02:13.831 PM]: Connection[id: e580ed98-ff5d-4a78-8b22-f8825a816511] - async connecting. Associated Snowflake domain: GLOBAL"}
{"level":"INFO","message":"[12:02:13.831 PM]: Trying to initialize Easy Logging"}
{"level":"INFO","message":"[12:02:13.838 PM]: No client config detected."}
{"level":"INFO","message":"[12:02:13.838 PM]: No config file path found. Client config will not be used."}
{"level":"INFO","message":"[12:02:13.838 PM]: Easy Logging is disabled as no config has been found"}
{"level":"INFO","message":"[12:02:13.839 PM]: Connection[id: e580ed98-ff5d-4a78-8b22-f8825a816511] - authentication successful using: PROGRAMMATIC_ACCESS_TOKEN"}
{"level":"INFO","message":"[12:02:16.269 PM]: Connection[id: e580ed98-ff5d-4a78-8b22-f8825a816511] - connection established successfully after 2437.87 milliseconds"}
{"level":"INFO","message":"[12:02:16.736 PM]: Creating new connection object"}
{"level":"INFO","message":"[12:02:16.737 PM]: Creating Connection[id: 8aaf33aa-fbd9-4713-b08f-7914d1d309c2] with host: NJ39494.ap-southeast-2.snowflakecomputing.com, account: NJ39494, accessUrl: https://NJ39494.ap-southeast-2.snowflakecomputing.com, user: ARMADHANIHIRO, role: ACCOUNTADMIN, database: ECHO_DB, schema: CORE, warehouse: ECHO_WH, proxy was not configured, password is not provided, region: ap-southeast-2, authenticator: PROGRAMMATIC_ACCESS_TOKEN, ocsp mode: FAIL_OPEN, os: win32, os version: 10.0.26200"}
{"level":"INFO","message":"[12:02:16.737 PM]: Connection[id: 8aaf33aa-fbd9-4713-b08f-7914d1d309c2] additional details: passcode in password is provided, passcode is not provided, private key is not provided, application: ECHO, client name: snowflake-sdk, client version: 3.1.0, retry timeout: 300, private key path: undefined, private key pass is not provided, client store temporary credential: false, browser response timeout: 120000"}
{"level":"INFO","message":"[12:02:16.737 PM]: Connection[id: 8aaf33aa-fbd9-4713-b08f-7914d1d309c2] - connection object created successfully."}
{"level":"INFO","message":"[12:02:16.737 PM]: Connection[id: 8aaf33aa-fbd9-4713-b08f-7914d1d309c2] - async connecting. Associated Snowflake domain: GLOBAL"}
{"level":"INFO","message":"[12:02:16.738 PM]: Creating new connection object"}
{"level":"INFO","message":"[12:02:16.738 PM]: Creating Connection[id: cf78c9c9-06f3-478e-8ac6-acc397ff6a8e] with host: NJ39494.ap-southeast-2.snowflakecomputing.com, account: NJ39494, accessUrl: https://NJ39494.ap-southeast-2.snowflakecomputing.com, user: ARMADHANIHIRO, role: ACCOUNTADMIN, database: ECHO_DB, schema: CORE, warehouse: ECHO_WH, proxy was not configured, password is not provided, region: ap-southeast-2, authenticator: PROGRAMMATIC_ACCESS_TOKEN, ocsp mode: FAIL_OPEN, os: win32, os version: 10.0.26200"}
{"level":"INFO","message":"[12:02:16.738 PM]: Connection[id: cf78c9c9-06f3-478e-8ac6-acc397ff6a8e] additional details: passcode in password is provided, passcode is not provided, private key is not provided, application: ECHO, client name: snowflake-sdk, client version: 3.1.0, retry timeout: 300, private key path: undefined, private key pass is not provided, client store temporary credential: false, browser response timeout: 120000"}
{"level":"INFO","message":"[12:02:16.739 PM]: Connection[id: cf78c9c9-06f3-478e-8ac6-acc397ff6a8e] - connection object created successfully."}
{"level":"INFO","message":"[12:02:16.739 PM]: Connection[id: cf78c9c9-06f3-478e-8ac6-acc397ff6a8e] - async connecting. Associated Snowflake domain: GLOBAL"}
{"level":"INFO","message":"[12:02:16.739 PM]: Creating new connection object"}
{"level":"INFO","message":"[12:02:16.740 PM]: Creating Connection[id: 5b139272-8a58-4e34-81f4-1148d34cc30b] with host: NJ39494.ap-southeast-2.snowflakecomputing.com, account: NJ39494, accessUrl: https://NJ39494.ap-southeast-2.snowflakecomputing.com, user: ARMADHANIHIRO, role: ACCOUNTADMIN, database: ECHO_DB, schema: CORE, warehouse: ECHO_WH, proxy was not configured, password is not provided, region: ap-southeast-2, authenticator: PROGRAMMATIC_ACCESS_TOKEN, ocsp mode: FAIL_OPEN, os: win32, os version: 10.0.26200"}
{"level":"INFO","message":"[12:02:16.740 PM]: Connection[id: 5b139272-8a58-4e34-81f4-1148d34cc30b] additional details: passcode in password is provided, passcode is not provided, private key is not provided, application: ECHO, client name: snowflake-sdk, client version: 3.1.0, retry timeout: 300, private key path: undefined, private key pass is not provided, client store temporary credential: false, browser response timeout: 120000"}
{"level":"INFO","message":"[12:02:16.740 PM]: Connection[id: 5b139272-8a58-4e34-81f4-1148d34cc30b] - connection object created successfully."}
{"level":"INFO","message":"[12:02:16.740 PM]: Connection[id: 5b139272-8a58-4e34-81f4-1148d34cc30b] - async connecting. Associated Snowflake domain: GLOBAL"}
{"level":"INFO","message":"[12:02:16.740 PM]: Creating new connection object"}
{"level":"INFO","message":"[12:02:16.741 PM]: Creating Connection[id: e747eddc-3e4e-41a3-9647-24659fafd484] with host: NJ39494.ap-southeast-2.snowflakecomputing.com, account: NJ39494, accessUrl: https://NJ39494.ap-southeast-2.snowflakecomputing.com, user: ARMADHANIHIRO, role: ACCOUNTADMIN, database: ECHO_DB, schema: CORE, warehouse: ECHO_WH, proxy was not configured, password is not provided, region: ap-southeast-2, authenticator: PROGRAMMATIC_ACCESS_TOKEN, ocsp mode: FAIL_OPEN, os: win32, os version: 10.0.26200"}
{"level":"INFO","message":"[12:02:16.741 PM]: Connection[id: e747eddc-3e4e-41a3-9647-24659fafd484] additional details: passcode in password is provided, passcode is not provided, private key is not provided, application: ECHO, client name: snowflake-sdk, client version: 3.1.0, retry timeout: 300, private key path: undefined, private key pass is not provided, client store temporary credential: false, browser response timeout: 120000"}
{"level":"INFO","message":"[12:02:16.741 PM]: Connection[id: e747eddc-3e4e-41a3-9647-24659fafd484] - connection object created successfully."}
{"level":"INFO","message":"[12:02:16.742 PM]: Connection[id: e747eddc-3e4e-41a3-9647-24659fafd484] - async connecting. Associated Snowflake domain: GLOBAL"}
{"level":"INFO","message":"[12:02:16.742 PM]: Connection[id: 8aaf33aa-fbd9-4713-b08f-7914d1d309c2] - authentication successful using: PROGRAMMATIC_ACCESS_TOKEN"}
{"level":"INFO","message":"[12:02:16.742 PM]: Connection[id: cf78c9c9-06f3-478e-8ac6-acc397ff6a8e] - authentication successful using: PROGRAMMATIC_ACCESS_TOKEN"}
{"level":"INFO","message":"[12:02:16.743 PM]: Connection[id: 5b139272-8a58-4e34-81f4-1148d34cc30b] - authentication successful using: PROGRAMMATIC_ACCESS_TOKEN"}
{"level":"INFO","message":"[12:02:16.743 PM]: Connection[id: e747eddc-3e4e-41a3-9647-24659fafd484] - authentication successful using: PROGRAMMATIC_ACCESS_TOKEN"}
{"level":"INFO","message":"[12:02:17.076 PM]: Connection[id: cf78c9c9-06f3-478e-8ac6-acc397ff6a8e] - connection established successfully after 337 milliseconds"}
{"level":"INFO","message":"[12:02:17.192 PM]: Connection[id: 5b139272-8a58-4e34-81f4-1148d34cc30b] - connection established successfully after 451.29 milliseconds"}
{"level":"INFO","message":"[12:02:17.206 PM]: Connection[id: e747eddc-3e4e-41a3-9647-24659fafd484] - connection established successfully after 464.09 milliseconds"}
{"level":"INFO","message":"[12:02:17.231 PM]: Connection[id: 8aaf33aa-fbd9-4713-b08f-7914d1d309c2] - connection established successfully after 493.86 milliseconds"}
{"level":"INFO","message":"[12:05:58.098 PM]: Creating new connection object"}
{"level":"INFO","message":"[12:05:58.105 PM]: Creating Connection[id: ed0ed113-56de-4531-8d00-719eaa4ad947] with host: NJ39494.ap-southeast-2.snowflakecomputing.com, account: NJ39494, accessUrl: https://NJ39494.ap-southeast-2.snowflakecomputing.com, user: ARMADHANIHIRO, role: ACCOUNTADMIN, database: ECHO_DB, schema: CORE, warehouse: ECHO_WH, proxy was not configured, password is not provided, region: ap-southeast-2, authenticator: PROGRAMMATIC_ACCESS_TOKEN, ocsp mode: FAIL_OPEN, os: win32, os version: 10.0.26200"}
{"level":"INFO","message":"[12:05:58.106 PM]: Connection[id: ed0ed113-56de-4531-8d00-719eaa4ad947] additional details: passcode in password is provided, passcode is not provided, private key is not provided, application: ECHO, client name: snowflake-sdk, client version: 3.1.0, retry timeout: 300, private key path: undefined, private key pass is not provided, client store temporary credential: false, browser response timeout: 120000"}
{"level":"INFO","message":"[12:05:58.107 PM]: Connection[id: ed0ed113-56de-4531-8d00-719eaa4ad947] - connection object created successfully."}
{"level":"INFO","message":"[12:05:58.108 PM]: Connection[id: ed0ed113-56de-4531-8d00-719eaa4ad947] - async connecting. Associated Snowflake domain: GLOBAL"}
{"level":"INFO","message":"[12:05:58.110 PM]: Trying to initialize Easy Logging"}
{"level":"INFO","message":"[12:05:58.135 PM]: No client config detected."}
{"level":"INFO","message":"[12:05:58.136 PM]: No config file path found. Client config will not be used."}
{"level":"INFO","message":"[12:05:58.137 PM]: Easy Logging is disabled as no config has been found"}
{"level":"INFO","message":"[12:05:58.138 PM]: Connection[id: ed0ed113-56de-4531-8d00-719eaa4ad947] - authentication successful using: PROGRAMMATIC_ACCESS_TOKEN"}
{"level":"INFO","message":"[12:05:59.953 PM]: Connection[id: ed0ed113-56de-4531-8d00-719eaa4ad947] - connection established successfully after 1844.77 milliseconds"}
{"level":"INFO","message":"[12:06:01.585 PM]: Creating new connection object"}
{"level":"INFO","message":"[12:06:01.587 PM]: Creating Connection[id: 47121320-c61d-490b-8a48-24600418afa2] with host: NJ39494.ap-southeast-2.snowflakecomputing.com, account: NJ39494, accessUrl: https://NJ39494.ap-southeast-2.snowflakecomputing.com, user: ARMADHANIHIRO, role: ACCOUNTADMIN, database: ECHO_DB, schema: CORE, warehouse: ECHO_WH, proxy was not configured, password is not provided, region: ap-southeast-2, authenticator: PROGRAMMATIC_ACCESS_TOKEN, ocsp mode: FAIL_OPEN, os: win32, os version: 10.0.26200"}
{"level":"INFO","message":"[12:06:01.588 PM]: Connection[id: 47121320-c61d-490b-8a48-24600418afa2] additional details: passcode in password is provided, passcode is not provided, private key is not provided, application: ECHO, client name: snowflake-sdk, client version: 3.1.0, retry timeout: 300, private key path: undefined, private key pass is not provided, client store temporary credential: false, browser response timeout: 120000"}
{"level":"INFO","message":"[12:06:01.588 PM]: Connection[id: 47121320-c61d-490b-8a48-24600418afa2] - connection object created successfully."}
{"level":"INFO","message":"[12:06:01.589 PM]: Connection[id: 47121320-c61d-490b-8a48-24600418afa2] - async connecting. Associated Snowflake domain: GLOBAL"}
{"level":"INFO","message":"[12:06:01.590 PM]: Connection[id: 47121320-c61d-490b-8a48-24600418afa2] - authentication successful using: PROGRAMMATIC_ACCESS_TOKEN"}
{"level":"INFO","message":"[12:06:01.875 PM]: Creating new connection object"}
{"level":"INFO","message":"[12:06:01.876 PM]: Creating Connection[id: 36a5190d-7e71-4758-8696-e320d5f699f7] with host: NJ39494.ap-southeast-2.snowflakecomputing.com, account: NJ39494, accessUrl: https://NJ39494.ap-southeast-2.snowflakecomputing.com, user: ARMADHANIHIRO, role: ACCOUNTADMIN, database: ECHO_DB, schema: CORE, warehouse: ECHO_WH, proxy was not configured, password is not provided, region: ap-southeast-2, authenticator: PROGRAMMATIC_ACCESS_TOKEN, ocsp mode: FAIL_OPEN, os: win32, os version: 10.0.26200"}
{"level":"INFO","message":"[12:06:01.876 PM]: Connection[id: 36a5190d-7e71-4758-8696-e320d5f699f7] additional details: passcode in password is provided, passcode is not provided, private key is not provided, application: ECHO, client name: snowflake-sdk, client version: 3.1.0, retry timeout: 300, private key path: undefined, private key pass is not provided, client store temporary credential: false, browser response timeout: 120000"}
{"level":"INFO","message":"[12:06:01.877 PM]: Connection[id: 36a5190d-7e71-4758-8696-e320d5f699f7] - connection object created successfully."}
{"level":"INFO","message":"[12:06:01.877 PM]: Connection[id: 36a5190d-7e71-4758-8696-e320d5f699f7] - async connecting. Associated Snowflake domain: GLOBAL"}
{"level":"INFO","message":"[12:06:01.877 PM]: Creating new connection object"}
{"level":"INFO","message":"[12:06:01.877 PM]: Creating Connection[id: 4746ce40-c73e-4cec-a521-94b6f23bf349] with host: NJ39494.ap-southeast-2.snowflakecomputing.com, account: NJ39494, accessUrl: https://NJ39494.ap-southeast-2.snowflakecomputing.com, user: ARMADHANIHIRO, role: ACCOUNTADMIN, database: ECHO_DB, schema: CORE, warehouse: ECHO_WH, proxy was not configured, password is not provided, region: ap-southeast-2, authenticator: PROGRAMMATIC_ACCESS_TOKEN, ocsp mode: FAIL_OPEN, os: win32, os version: 10.0.26200"}
{"level":"INFO","message":"[12:06:01.878 PM]: Connection[id: 4746ce40-c73e-4cec-a521-94b6f23bf349] additional details: passcode in password is provided, passcode is not provided, private key is not provided, application: ECHO, client name: snowflake-sdk, client version: 3.1.0, retry timeout: 300, private key path: undefined, private key pass is not provided, client store temporary credential: false, browser response timeout: 120000"}
{"level":"INFO","message":"[12:06:01.878 PM]: Connection[id: 4746ce40-c73e-4cec-a521-94b6f23bf349] - connection object created successfully."}
{"level":"INFO","message":"[12:06:01.878 PM]: Connection[id: 4746ce40-c73e-4cec-a521-94b6f23bf349] - async connecting. Associated Snowflake domain: GLOBAL"}
{"level":"INFO","message":"[12:06:01.878 PM]: Creating new connection object"}
{"level":"INFO","message":"[12:06:01.879 PM]: Creating Connection[id: 0510de33-48fb-4e5d-a626-1ee1fc3584e0] with host: NJ39494.ap-southeast-2.snowflakecomputing.com, account: NJ39494, accessUrl: https://NJ39494.ap-southeast-2.snowflakecomputing.com, user: ARMADHANIHIRO, role: ACCOUNTADMIN, database: ECHO_DB, schema: CORE, warehouse: ECHO_WH, proxy was not configured, password is not provided, region: ap-southeast-2, authenticator: PROGRAMMATIC_ACCESS_TOKEN, ocsp mode: FAIL_OPEN, os: win32, os version: 10.0.26200"}
{"level":"INFO","message":"[12:06:01.879 PM]: Connection[id: 0510de33-48fb-4e5d-a626-1ee1fc3584e0] additional details: passcode in password is provided, passcode is not provided, private key is not provided, application: ECHO, client name: snowflake-sdk, client version: 3.1.0, retry timeout: 300, private key path: undefined, private key pass is not provided, client store temporary credential: false, browser response timeout: 120000"}
{"level":"INFO","message":"[12:06:01.879 PM]: Connection[id: 0510de33-48fb-4e5d-a626-1ee1fc3584e0] - connection object created successfully."}
{"level":"INFO","message":"[12:06:01.880 PM]: Connection[id: 0510de33-48fb-4e5d-a626-1ee1fc3584e0] - async connecting. Associated Snowflake domain: GLOBAL"}
{"level":"INFO","message":"[12:06:01.880 PM]: Creating new connection object"}
{"level":"INFO","message":"[12:06:01.881 PM]: Creating Connection[id: 3cbf8851-e7e1-4932-9a74-e677daa688e1] with host: NJ39494.ap-southeast-2.snowflakecomputing.com, account: NJ39494, accessUrl: https://NJ39494.ap-southeast-2.snowflakecomputing.com, user: ARMADHANIHIRO, role: ACCOUNTADMIN, database: ECHO_DB, schema: CORE, warehouse: ECHO_WH, proxy was not configured, password is not provided, region: ap-southeast-2, authenticator: PROGRAMMATIC_ACCESS_TOKEN, ocsp mode: FAIL_OPEN, os: win32, os version: 10.0.26200"}
{"level":"INFO","message":"[12:06:01.881 PM]: Connection[id: 3cbf8851-e7e1-4932-9a74-e677daa688e1] additional details: passcode in password is provided, passcode is not provided, private key is not provided, application: ECHO, client name: snowflake-sdk, client version: 3.1.0, retry timeout: 300, private key path: undefined, private key pass is not provided, client store temporary credential: false, browser response timeout: 120000"}
{"level":"INFO","message":"[12:06:01.881 PM]: Connection[id: 3cbf8851-e7e1-4932-9a74-e677daa688e1] - connection object created successfully."}
{"level":"INFO","message":"[12:06:01.881 PM]: Connection[id: 3cbf8851-e7e1-4932-9a74-e677daa688e1] - async connecting. Associated Snowflake domain: GLOBAL"}
{"level":"INFO","message":"[12:06:01.882 PM]: Connection[id: 36a5190d-7e71-4758-8696-e320d5f699f7] - authentication successful using: PROGRAMMATIC_ACCESS_TOKEN"}
{"level":"INFO","message":"[12:06:01.882 PM]: Connection[id: 4746ce40-c73e-4cec-a521-94b6f23bf349] - authentication successful using: PROGRAMMATIC_ACCESS_TOKEN"}
{"level":"INFO","message":"[12:06:01.882 PM]: Connection[id: 0510de33-48fb-4e5d-a626-1ee1fc3584e0] - authentication successful using: PROGRAMMATIC_ACCESS_TOKEN"}
{"level":"INFO","message":"[12:06:01.882 PM]: Connection[id: 3cbf8851-e7e1-4932-9a74-e677daa688e1] - authentication successful using: PROGRAMMATIC_ACCESS_TOKEN"}
{"level":"INFO","message":"[12:06:02.229 PM]: Connection[id: 47121320-c61d-490b-8a48-24600418afa2] - connection established successfully after 639.76 milliseconds"}
{"level":"INFO","message":"[12:06:02.329 PM]: Connection[id: 3cbf8851-e7e1-4932-9a74-e677daa688e1] - connection established successfully after 447.93 milliseconds"}
{"level":"INFO","message":"[12:06:02.341 PM]: Connection[id: 36a5190d-7e71-4758-8696-e320d5f699f7] - connection established successfully after 463.84 milliseconds"}
{"level":"INFO","message":"[12:06:02.447 PM]: Connection[id: 4746ce40-c73e-4cec-a521-94b6f23bf349] - connection established successfully after 568.71 milliseconds"}
{"level":"INFO","message":"[12:06:02.453 PM]: Connection[id: 0510de33-48fb-4e5d-a626-1ee1fc3584e0] - connection established successfully after 573.81 milliseconds"}
{"level":"INFO","message":"[12:06:02.819 PM]: Creating new connection object"}
{"level":"INFO","message":"[12:06:02.821 PM]: Creating Connection[id: 640f5f68-26ec-4193-9429-7489bf3f7a60] with host: NJ39494.ap-southeast-2.snowflakecomputing.com, account: NJ39494, accessUrl: https://NJ39494.ap-southeast-2.snowflakecomputing.com, user: ARMADHANIHIRO, role: ACCOUNTADMIN, database: ECHO_DB, schema: CORE, warehouse: ECHO_WH, proxy was not configured, password is not provided, region: ap-southeast-2, authenticator: PROGRAMMATIC_ACCESS_TOKEN, ocsp mode: FAIL_OPEN, os: win32, os version: 10.0.26200"}
{"level":"INFO","message":"[12:06:02.822 PM]: Connection[id: 640f5f68-26ec-4193-9429-7489bf3f7a60] additional details: passcode in password is provided, passcode is not provided, private key is not provided, application: ECHO, client name: snowflake-sdk, client version: 3.1.0, retry timeout: 300, private key path: undefined, private key pass is not provided, client store temporary credential: false, browser response timeout: 120000"}
{"level":"INFO","message":"[12:06:02.823 PM]: Connection[id: 640f5f68-26ec-4193-9429-7489bf3f7a60] - connection object created successfully."}
{"level":"INFO","message":"[12:06:02.823 PM]: Connection[id: 640f5f68-26ec-4193-9429-7489bf3f7a60] - async connecting. Associated Snowflake domain: GLOBAL"}
{"level":"INFO","message":"[12:06:02.824 PM]: Creating new connection object"}
{"level":"INFO","message":"[12:06:02.825 PM]: Creating Connection[id: ec20b5d3-0716-4091-a80a-615c22ec624c] with host: NJ39494.ap-southeast-2.snowflakecomputing.com, account: NJ39494, accessUrl: https://NJ39494.ap-southeast-2.snowflakecomputing.com, user: ARMADHANIHIRO, role: ACCOUNTADMIN, database: ECHO_DB, schema: CORE, warehouse: ECHO_WH, proxy was not configured, password is not provided, region: ap-southeast-2, authenticator: PROGRAMMATIC_ACCESS_TOKEN, ocsp mode: FAIL_OPEN, os: win32, os version: 10.0.26200"}
{"level":"INFO","message":"[12:06:02.825 PM]: Connection[id: ec20b5d3-0716-4091-a80a-615c22ec624c] additional details: passcode in password is provided, passcode is not provided, private key is not provided, application: ECHO, client name: snowflake-sdk, client version: 3.1.0, retry timeout: 300, private key path: undefined, private key pass is not provided, client store temporary credential: false, browser response timeout: 120000"}
{"level":"INFO","message":"[12:06:02.825 PM]: Connection[id: ec20b5d3-0716-4091-a80a-615c22ec624c] - connection object created successfully."}
{"level":"INFO","message":"[12:06:02.826 PM]: Connection[id: ec20b5d3-0716-4091-a80a-615c22ec624c] - async connecting. Associated Snowflake domain: GLOBAL"}
{"level":"INFO","message":"[12:06:02.826 PM]: Creating new connection object"}
{"level":"INFO","message":"[12:06:02.827 PM]: Creating Connection[id: 14fc1816-a147-4922-a36b-3f1721a62b1e] with host: NJ39494.ap-southeast-2.snowflakecomputing.com, account: NJ39494, accessUrl: https://NJ39494.ap-southeast-2.snowflakecomputing.com, user: ARMADHANIHIRO, role: ACCOUNTADMIN, database: ECHO_DB, schema: CORE, warehouse: ECHO_WH, proxy was not configured, password is not provided, region: ap-southeast-2, authenticator: PROGRAMMATIC_ACCESS_TOKEN, ocsp mode: FAIL_OPEN, os: win32, os version: 10.0.26200"}
{"level":"INFO","message":"[12:06:02.827 PM]: Connection[id: 14fc1816-a147-4922-a36b-3f1721a62b1e] additional details: passcode in password is provided, passcode is not provided, private key is not provided, application: ECHO, client name: snowflake-sdk, client version: 3.1.0, retry timeout: 300, private key path: undefined, private key pass is not provided, client store temporary credential: false, browser response timeout: 120000"}
{"level":"INFO","message":"[12:06:02.828 PM]: Connection[id: 14fc1816-a147-4922-a36b-3f1721a62b1e] - connection object created successfully."}
{"level":"INFO","message":"[12:06:02.828 PM]: Connection[id: 14fc1816-a147-4922-a36b-3f1721a62b1e] - async connecting. Associated Snowflake domain: GLOBAL"}
{"level":"INFO","message":"[12:06:02.829 PM]: Creating new connection object"}
{"level":"INFO","message":"[12:06:02.830 PM]: Creating Connection[id: 7cd26786-d3fb-4296-a01d-e64b7383fc8a] with host: NJ39494.ap-southeast-2.snowflakecomputing.com, account: NJ39494, accessUrl: https://NJ39494.ap-southeast-2.snowflakecomputing.com, user: ARMADHANIHIRO, role: ACCOUNTADMIN, database: ECHO_DB, schema: CORE, warehouse: ECHO_WH, proxy was not configured, password is not provided, region: ap-southeast-2, authenticator: PROGRAMMATIC_ACCESS_TOKEN, ocsp mode: FAIL_OPEN, os: win32, os version: 10.0.26200"}
{"level":"INFO","message":"[12:06:02.831 PM]: Connection[id: 7cd26786-d3fb-4296-a01d-e64b7383fc8a] additional details: passcode in password is provided, passcode is not provided, private key is not provided, application: ECHO, client name: snowflake-sdk, client version: 3.1.0, retry timeout: 300, private key path: undefined, private key pass is not provided, client store temporary credential: false, browser response timeout: 120000"}
{"level":"INFO","message":"[12:06:02.831 PM]: Connection[id: 7cd26786-d3fb-4296-a01d-e64b7383fc8a] - connection object created successfully."}
{"level":"INFO","message":"[12:06:02.832 PM]: Connection[id: 7cd26786-d3fb-4296-a01d-e64b7383fc8a] - async connecting. Associated Snowflake domain: GLOBAL"}
{"level":"INFO","message":"[12:06:02.833 PM]: Connection[id: 640f5f68-26ec-4193-9429-7489bf3f7a60] - authentication successful using: PROGRAMMATIC_ACCESS_TOKEN"}
{"level":"INFO","message":"[12:06:02.834 PM]: Connection[id: ec20b5d3-0716-4091-a80a-615c22ec624c] - authentication successful using: PROGRAMMATIC_ACCESS_TOKEN"}
{"level":"INFO","message":"[12:06:02.834 PM]: Connection[id: 14fc1816-a147-4922-a36b-3f1721a62b1e] - authentication successful using: PROGRAMMATIC_ACCESS_TOKEN"}
{"level":"INFO","message":"[12:06:02.835 PM]: Connection[id: 7cd26786-d3fb-4296-a01d-e64b7383fc8a] - authentication successful using: PROGRAMMATIC_ACCESS_TOKEN"}
{"level":"INFO","message":"[12:06:03.254 PM]: Connection[id: ec20b5d3-0716-4091-a80a-615c22ec624c] - connection established successfully after 428.42 milliseconds"}
{"level":"INFO","message":"[12:06:03.291 PM]: Connection[id: 14fc1816-a147-4922-a36b-3f1721a62b1e] - connection established successfully after 463.36 milliseconds"}
{"level":"INFO","message":"[12:06:03.330 PM]: Connection[id: 640f5f68-26ec-4193-9429-7489bf3f7a60] - connection established successfully after 506.84 milliseconds"}
{"level":"INFO","message":"[12:06:03.388 PM]: Connection[id: 7cd26786-d3fb-4296-a01d-e64b7383fc8a] - connection established successfully after 556.07 milliseconds"}
{"level":"INFO","message":"[12:06:04.931 PM]: Creating new connection object"}
{"level":"INFO","message":"[12:06:04.933 PM]: Creating Connection[id: 4348b1b9-799f-4679-9d26-ca2bdef4c40f] with host: NJ39494.ap-southeast-2.snowflakecomputing.com, account: NJ39494, accessUrl: https://NJ39494.ap-southeast-2.snowflakecomputing.com, user: ARMADHANIHIRO, role: ACCOUNTADMIN, database: ECHO_DB, schema: CORE, warehouse: ECHO_WH, proxy was not configured, password is not provided, region: ap-southeast-2, authenticator: PROGRAMMATIC_ACCESS_TOKEN, ocsp mode: FAIL_OPEN, os: win32, os version: 10.0.26200"}
{"level":"INFO","message":"[12:06:04.933 PM]: Connection[id: 4348b1b9-799f-4679-9d26-ca2bdef4c40f] additional details: passcode in password is provided, passcode is not provided, private key is not provided, application: ECHO, client name: snowflake-sdk, client version: 3.1.0, retry timeout: 300, private key path: undefined, private key pass is not provided, client store temporary credential: false, browser response timeout: 120000"}
{"level":"INFO","message":"[12:06:04.934 PM]: Connection[id: 4348b1b9-799f-4679-9d26-ca2bdef4c40f] - connection object created successfully."}
{"level":"INFO","message":"[12:06:04.934 PM]: Connection[id: 4348b1b9-799f-4679-9d26-ca2bdef4c40f] - async connecting. Associated Snowflake domain: GLOBAL"}
{"level":"INFO","message":"[12:06:04.935 PM]: Creating new connection object"}
{"level":"INFO","message":"[12:06:04.935 PM]: Creating Connection[id: 06d49789-e951-4bdd-b116-8103bcde30b3] with host: NJ39494.ap-southeast-2.snowflakecomputing.com, account: NJ39494, accessUrl: https://NJ39494.ap-southeast-2.snowflakecomputing.com, user: ARMADHANIHIRO, role: ACCOUNTADMIN, database: ECHO_DB, schema: CORE, warehouse: ECHO_WH, proxy was not configured, password is not provided, region: ap-southeast-2, authenticator: PROGRAMMATIC_ACCESS_TOKEN, ocsp mode: FAIL_OPEN, os: win32, os version: 10.0.26200"}
{"level":"INFO","message":"[12:06:04.935 PM]: Connection[id: 06d49789-e951-4bdd-b116-8103bcde30b3] additional details: passcode in password is provided, passcode is not provided, private key is not provided, application: ECHO, client name: snowflake-sdk, client version: 3.1.0, retry timeout: 300, private key path: undefined, private key pass is not provided, client store temporary credential: false, browser response timeout: 120000"}
{"level":"INFO","message":"[12:06:04.935 PM]: Connection[id: 06d49789-e951-4bdd-b116-8103bcde30b3] - connection object created successfully."}
{"level":"INFO","message":"[12:06:04.936 PM]: Connection[id: 06d49789-e951-4bdd-b116-8103bcde30b3] - async connecting. Associated Snowflake domain: GLOBAL"}
{"level":"INFO","message":"[12:06:04.936 PM]: Creating new connection object"}
{"level":"INFO","message":"[12:06:04.937 PM]: Creating Connection[id: ef29c85d-849d-4361-a631-a3cd07a66a50] with host: NJ39494.ap-southeast-2.snowflakecomputing.com, account: NJ39494, accessUrl: https://NJ39494.ap-southeast-2.snowflakecomputing.com, user: ARMADHANIHIRO, role: ACCOUNTADMIN, database: ECHO_DB, schema: CORE, warehouse: ECHO_WH, proxy was not configured, password is not provided, region: ap-southeast-2, authenticator: PROGRAMMATIC_ACCESS_TOKEN, ocsp mode: FAIL_OPEN, os: win32, os version: 10.0.26200"}
{"level":"INFO","message":"[12:06:04.937 PM]: Connection[id: ef29c85d-849d-4361-a631-a3cd07a66a50] additional details: passcode in password is provided, passcode is not provided, private key is not provided, application: ECHO, client name: snowflake-sdk, client version: 3.1.0, retry timeout: 300, private key path: undefined, private key pass is not provided, client store temporary credential: false, browser response timeout: 120000"}
{"level":"INFO","message":"[12:06:04.937 PM]: Connection[id: ef29c85d-849d-4361-a631-a3cd07a66a50] - connection object created successfully."}
{"level":"INFO","message":"[12:06:04.938 PM]: Connection[id: ef29c85d-849d-4361-a631-a3cd07a66a50] - async connecting. Associated Snowflake domain: GLOBAL"}
{"level":"INFO","message":"[12:06:04.938 PM]: Creating new connection object"}
{"level":"INFO","message":"[12:06:04.939 PM]: Creating Connection[id: 7f8a5317-718d-43c7-9699-cd98b619a1fa] with host: NJ39494.ap-southeast-2.snowflakecomputing.com, account: NJ39494, accessUrl: https://NJ39494.ap-southeast-2.snowflakecomputing.com, user: ARMADHANIHIRO, role: ACCOUNTADMIN, database: ECHO_DB, schema: CORE, warehouse: ECHO_WH, proxy was not configured, password is not provided, region: ap-southeast-2, authenticator: PROGRAMMATIC_ACCESS_TOKEN, ocsp mode: FAIL_OPEN, os: win32, os version: 10.0.26200"}
{"level":"INFO","message":"[12:06:04.939 PM]: Connection[id: 7f8a5317-718d-43c7-9699-cd98b619a1fa] additional details: passcode in password is provided, passcode is not provided, private key is not provided, application: ECHO, client name: snowflake-sdk, client version: 3.1.0, retry timeout: 300, private key path: undefined, private key pass is not provided, client store temporary credential: false, browser response timeout: 120000"}
{"level":"INFO","message":"[12:06:04.939 PM]: Connection[id: 7f8a5317-718d-43c7-9699-cd98b619a1fa] - connection object created successfully."}
{"level":"INFO","message":"[12:06:04.939 PM]: Connection[id: 7f8a5317-718d-43c7-9699-cd98b619a1fa] - async connecting. Associated Snowflake domain: GLOBAL"}
{"level":"INFO","message":"[12:06:04.940 PM]: Connection[id: 4348b1b9-799f-4679-9d26-ca2bdef4c40f] - authentication successful using: PROGRAMMATIC_ACCESS_TOKEN"}
{"level":"INFO","message":"[12:06:04.941 PM]: Connection[id: 06d49789-e951-4bdd-b116-8103bcde30b3] - authentication successful using: PROGRAMMATIC_ACCESS_TOKEN"}
{"level":"INFO","message":"[12:06:04.941 PM]: Connection[id: ef29c85d-849d-4361-a631-a3cd07a66a50] - authentication successful using: PROGRAMMATIC_ACCESS_TOKEN"}
{"level":"INFO","message":"[12:06:04.942 PM]: Connection[id: 7f8a5317-718d-43c7-9699-cd98b619a1fa] - authentication successful using: PROGRAMMATIC_ACCESS_TOKEN"}
{"level":"INFO","message":"[12:06:05.442 PM]: Connection[id: 06d49789-e951-4bdd-b116-8103bcde30b3] - connection established successfully after 505.88 milliseconds"}
{"level":"INFO","message":"[12:06:05.451 PM]: Connection[id: 7f8a5317-718d-43c7-9699-cd98b619a1fa] - connection established successfully after 511.62 milliseconds"}
{"level":"INFO","message":"[12:06:05.464 PM]: Connection[id: ef29c85d-849d-4361-a631-a3cd07a66a50] - connection established successfully after 526.03 milliseconds"}
{"level":"INFO","message":"[12:06:05.502 PM]: Connection[id: 4348b1b9-799f-4679-9d26-ca2bdef4c40f] - connection established successfully after 568.14 milliseconds"}
{"level":"INFO","message":"[12:15:13.603 PM]: Creating new connection object"}
{"level":"INFO","message":"[12:15:13.609 PM]: Creating Connection[id: 04567deb-ef00-40d6-bee9-029beec7b17b] with host: NJ39494.ap-southeast-2.snowflakecomputing.com, account: NJ39494, accessUrl: https://NJ39494.ap-southeast-2.snowflakecomputing.com, user: ARMADHANIHIRO, role: ACCOUNTADMIN, database: ECHO_DB, schema: CORE, warehouse: ECHO_WH, proxy was not configured, password is not provided, region: ap-southeast-2, authenticator: PROGRAMMATIC_ACCESS_TOKEN, ocsp mode: FAIL_OPEN, os: win32, os version: 10.0.26200"}
{"level":"INFO","message":"[12:15:13.609 PM]: Connection[id: 04567deb-ef00-40d6-bee9-029beec7b17b] additional details: passcode in password is provided, passcode is not provided, private key is not provided, application: ECHO, client name: snowflake-sdk, client version: 3.1.0, retry timeout: 300, private key path: undefined, private key pass is not provided, client store temporary credential: false, browser response timeout: 120000"}
{"level":"INFO","message":"[12:15:13.610 PM]: Connection[id: 04567deb-ef00-40d6-bee9-029beec7b17b] - connection object created successfully."}
{"level":"INFO","message":"[12:15:13.610 PM]: Connection[id: 04567deb-ef00-40d6-bee9-029beec7b17b] - async connecting. Associated Snowflake domain: GLOBAL"}
{"level":"INFO","message":"[12:15:13.611 PM]: Trying to initialize Easy Logging"}
{"level":"INFO","message":"[12:15:13.632 PM]: No client config detected."}
{"level":"INFO","message":"[12:15:13.633 PM]: No config file path found. Client config will not be used."}
{"level":"INFO","message":"[12:15:13.634 PM]: Easy Logging is disabled as no config has been found"}
{"level":"INFO","message":"[12:15:13.635 PM]: Connection[id: 04567deb-ef00-40d6-bee9-029beec7b17b] - authentication successful using: PROGRAMMATIC_ACCESS_TOKEN"}
{"level":"INFO","message":"[12:15:16.550 PM]: Connection[id: 04567deb-ef00-40d6-bee9-029beec7b17b] - connection established successfully after 2939.39 milliseconds"}
{"level":"INFO","message":"[12:15:18.294 PM]: Creating new connection object"}
{"level":"INFO","message":"[12:15:18.295 PM]: Creating Connection[id: 9380f2fb-4fc2-4d0c-af7a-31d795363e26] with host: NJ39494.ap-southeast-2.snowflakecomputing.com, account: NJ39494, accessUrl: https://NJ39494.ap-southeast-2.snowflakecomputing.com, user: ARMADHANIHIRO, role: ACCOUNTADMIN, database: ECHO_DB, schema: CORE, warehouse: ECHO_WH, proxy was not configured, password is not provided, region: ap-southeast-2, authenticator: PROGRAMMATIC_ACCESS_TOKEN, ocsp mode: FAIL_OPEN, os: win32, os version: 10.0.26200"}
{"level":"INFO","message":"[12:15:18.295 PM]: Connection[id: 9380f2fb-4fc2-4d0c-af7a-31d795363e26] additional details: passcode in password is provided, passcode is not provided, private key is not provided, application: ECHO, client name: snowflake-sdk, client version: 3.1.0, retry timeout: 300, private key path: undefined, private key pass is not provided, client store temporary credential: false, browser response timeout: 120000"}
{"level":"INFO","message":"[12:15:18.295 PM]: Connection[id: 9380f2fb-4fc2-4d0c-af7a-31d795363e26] - connection object created successfully."}
{"level":"INFO","message":"[12:15:18.295 PM]: Connection[id: 9380f2fb-4fc2-4d0c-af7a-31d795363e26] - async connecting. Associated Snowflake domain: GLOBAL"}
{"level":"INFO","message":"[12:15:18.296 PM]: Creating new connection object"}
{"level":"INFO","message":"[12:15:18.297 PM]: Creating Connection[id: d7832790-4197-4cba-9688-0d186483b4c6] with host: NJ39494.ap-southeast-2.snowflakecomputing.com, account: NJ39494, accessUrl: https://NJ39494.ap-southeast-2.snowflakecomputing.com, user: ARMADHANIHIRO, role: ACCOUNTADMIN, database: ECHO_DB, schema: CORE, warehouse: ECHO_WH, proxy was not configured, password is not provided, region: ap-southeast-2, authenticator: PROGRAMMATIC_ACCESS_TOKEN, ocsp mode: FAIL_OPEN, os: win32, os version: 10.0.26200"}
{"level":"INFO","message":"[12:15:18.297 PM]: Connection[id: d7832790-4197-4cba-9688-0d186483b4c6] additional details: passcode in password is provided, passcode is not provided, private key is not provided, application: ECHO, client name: snowflake-sdk, client version: 3.1.0, retry timeout: 300, private key path: undefined, private key pass is not provided, client store temporary credential: false, browser response timeout: 120000"}
{"level":"INFO","message":"[12:15:18.297 PM]: Connection[id: d7832790-4197-4cba-9688-0d186483b4c6] - connection object created successfully."}
{"level":"INFO","message":"[12:15:18.297 PM]: Connection[id: d7832790-4197-4cba-9688-0d186483b4c6] - async connecting. Associated Snowflake domain: GLOBAL"}
{"level":"INFO","message":"[12:15:18.298 PM]: Creating new connection object"}
{"level":"INFO","message":"[12:15:18.298 PM]: Creating Connection[id: 4f957751-d012-4f23-bb1f-e72dc507ddb9] with host: NJ39494.ap-southeast-2.snowflakecomputing.com, account: NJ39494, accessUrl: https://NJ39494.ap-southeast-2.snowflakecomputing.com, user: ARMADHANIHIRO, role: ACCOUNTADMIN, database: ECHO_DB, schema: CORE, warehouse: ECHO_WH, proxy was not configured, password is not provided, region: ap-southeast-2, authenticator: PROGRAMMATIC_ACCESS_TOKEN, ocsp mode: FAIL_OPEN, os: win32, os version: 10.0.26200"}
{"level":"INFO","message":"[12:15:18.299 PM]: Connection[id: 4f957751-d012-4f23-bb1f-e72dc507ddb9] additional details: passcode in password is provided, passcode is not provided, private key is not provided, application: ECHO, client name: snowflake-sdk, client version: 3.1.0, retry timeout: 300, private key path: undefined, private key pass is not provided, client store temporary credential: false, browser response timeout: 120000"}
{"level":"INFO","message":"[12:15:18.299 PM]: Connection[id: 4f957751-d012-4f23-bb1f-e72dc507ddb9] - connection object created successfully."}
{"level":"INFO","message":"[12:15:18.299 PM]: Connection[id: 4f957751-d012-4f23-bb1f-e72dc507ddb9] - async connecting. Associated Snowflake domain: GLOBAL"}
{"level":"INFO","message":"[12:15:18.299 PM]: Creating new connection object"}
{"level":"INFO","message":"[12:15:18.300 PM]: Creating Connection[id: 4bcb50b5-16e6-4e40-89a7-aea25f069ac5] with host: NJ39494.ap-southeast-2.snowflakecomputing.com, account: NJ39494, accessUrl: https://NJ39494.ap-southeast-2.snowflakecomputing.com, user: ARMADHANIHIRO, role: ACCOUNTADMIN, database: ECHO_DB, schema: CORE, warehouse: ECHO_WH, proxy was not configured, password is not provided, region: ap-southeast-2, authenticator: PROGRAMMATIC_ACCESS_TOKEN, ocsp mode: FAIL_OPEN, os: win32, os version: 10.0.26200"}
{"level":"INFO","message":"[12:15:18.300 PM]: Connection[id: 4bcb50b5-16e6-4e40-89a7-aea25f069ac5] additional details: passcode in password is provided, passcode is not provided, private key is not provided, application: ECHO, client name: snowflake-sdk, client version: 3.1.0, retry timeout: 300, private key path: undefined, private key pass is not provided, client store temporary credential: false, browser response timeout: 120000"}
{"level":"INFO","message":"[12:15:18.301 PM]: Connection[id: 4bcb50b5-16e6-4e40-89a7-aea25f069ac5] - connection object created successfully."}
{"level":"INFO","message":"[12:15:18.301 PM]: Connection[id: 4bcb50b5-16e6-4e40-89a7-aea25f069ac5] - async connecting. Associated Snowflake domain: GLOBAL"}
{"level":"INFO","message":"[12:15:18.301 PM]: Connection[id: 9380f2fb-4fc2-4d0c-af7a-31d795363e26] - authentication successful using: PROGRAMMATIC_ACCESS_TOKEN"}
{"level":"INFO","message":"[12:15:18.302 PM]: Connection[id: d7832790-4197-4cba-9688-0d186483b4c6] - authentication successful using: PROGRAMMATIC_ACCESS_TOKEN"}
{"level":"INFO","message":"[12:15:18.302 PM]: Connection[id: 4f957751-d012-4f23-bb1f-e72dc507ddb9] - authentication successful using: PROGRAMMATIC_ACCESS_TOKEN"}
{"level":"INFO","message":"[12:15:18.302 PM]: Connection[id: 4bcb50b5-16e6-4e40-89a7-aea25f069ac5] - authentication successful using: PROGRAMMATIC_ACCESS_TOKEN"}
{"level":"INFO","message":"[12:15:18.690 PM]: Connection[id: 4f957751-d012-4f23-bb1f-e72dc507ddb9] - connection established successfully after 391.36 milliseconds"}
{"level":"INFO","message":"[12:15:18.713 PM]: Connection[id: d7832790-4197-4cba-9688-0d186483b4c6] - connection established successfully after 415.13 milliseconds"}
{"level":"INFO","message":"[12:15:18.835 PM]: Connection[id: 4bcb50b5-16e6-4e40-89a7-aea25f069ac5] - connection established successfully after 534.06 milliseconds"}
{"level":"INFO","message":"[12:15:18.844 PM]: Connection[id: 9380f2fb-4fc2-4d0c-af7a-31d795363e26] - connection established successfully after 548.22 milliseconds"}
{"level":"INFO","message":"[12:15:20.159 PM]: Creating new connection object"}
{"level":"INFO","message":"[12:15:20.161 PM]: Creating Connection[id: 54b04bfb-d067-4a0e-a3e5-f194d2c507a1] with host: NJ39494.ap-southeast-2.snowflakecomputing.com, account: NJ39494, accessUrl: https://NJ39494.ap-southeast-2.snowflakecomputing.com, user: ARMADHANIHIRO, role: ACCOUNTADMIN, database: ECHO_DB, schema: CORE, warehouse: ECHO_WH, proxy was not configured, password is not provided, region: ap-southeast-2, authenticator: PROGRAMMATIC_ACCESS_TOKEN, ocsp mode: FAIL_OPEN, os: win32, os version: 10.0.26200"}
{"level":"INFO","message":"[12:15:20.162 PM]: Connection[id: 54b04bfb-d067-4a0e-a3e5-f194d2c507a1] additional details: passcode in password is provided, passcode is not provided, private key is not provided, application: ECHO, client name: snowflake-sdk, client version: 3.1.0, retry timeout: 300, private key path: undefined, private key pass is not provided, client store temporary credential: false, browser response timeout: 120000"}
{"level":"INFO","message":"[12:15:20.162 PM]: Connection[id: 54b04bfb-d067-4a0e-a3e5-f194d2c507a1] - connection object created successfully."}
{"level":"INFO","message":"[12:15:20.163 PM]: Connection[id: 54b04bfb-d067-4a0e-a3e5-f194d2c507a1] - async connecting. Associated Snowflake domain: GLOBAL"}
{"level":"INFO","message":"[12:15:20.164 PM]: Creating new connection object"}
{"level":"INFO","message":"[12:15:20.165 PM]: Creating Connection[id: b0c48f9c-68b1-4d4f-9f18-6dc0817486a4] with host: NJ39494.ap-southeast-2.snowflakecomputing.com, account: NJ39494, accessUrl: https://NJ39494.ap-southeast-2.snowflakecomputing.com, user: ARMADHANIHIRO, role: ACCOUNTADMIN, database: ECHO_DB, schema: CORE, warehouse: ECHO_WH, proxy was not configured, password is not provided, region: ap-southeast-2, authenticator: PROGRAMMATIC_ACCESS_TOKEN, ocsp mode: FAIL_OPEN, os: win32, os version: 10.0.26200"}
{"level":"INFO","message":"[12:15:20.166 PM]: Connection[id: b0c48f9c-68b1-4d4f-9f18-6dc0817486a4] additional details: passcode in password is provided, passcode is not provided, private key is not provided, application: ECHO, client name: snowflake-sdk, client version: 3.1.0, retry timeout: 300, private key path: undefined, private key pass is not provided, client store temporary credential: false, browser response timeout: 120000"}
{"level":"INFO","message":"[12:15:20.166 PM]: Connection[id: b0c48f9c-68b1-4d4f-9f18-6dc0817486a4] - connection object created successfully."}
{"level":"INFO","message":"[12:15:20.167 PM]: Connection[id: b0c48f9c-68b1-4d4f-9f18-6dc0817486a4] - async connecting. Associated Snowflake domain: GLOBAL"}
{"level":"INFO","message":"[12:15:20.167 PM]: Creating new connection object"}
{"level":"INFO","message":"[12:15:20.169 PM]: Creating Connection[id: da5042f0-2fb7-4df7-ad94-55517ae4f2bd] with host: NJ39494.ap-southeast-2.snowflakecomputing.com, account: NJ39494, accessUrl: https://NJ39494.ap-southeast-2.snowflakecomputing.com, user: ARMADHANIHIRO, role: ACCOUNTADMIN, database: ECHO_DB, schema: CORE, warehouse: ECHO_WH, proxy was not configured, password is not provided, region: ap-southeast-2, authenticator: PROGRAMMATIC_ACCESS_TOKEN, ocsp mode: FAIL_OPEN, os: win32, os version: 10.0.26200"}
{"level":"INFO","message":"[12:15:20.170 PM]: Connection[id: da5042f0-2fb7-4df7-ad94-55517ae4f2bd] additional details: passcode in password is provided, passcode is not provided, private key is not provided, application: ECHO, client name: snowflake-sdk, client version: 3.1.0, retry timeout: 300, private key path: undefined, private key pass is not provided, client store temporary credential: false, browser response timeout: 120000"}
{"level":"INFO","message":"[12:15:20.171 PM]: Connection[id: da5042f0-2fb7-4df7-ad94-55517ae4f2bd] - connection object created successfully."}
{"level":"INFO","message":"[12:15:20.172 PM]: Connection[id: da5042f0-2fb7-4df7-ad94-55517ae4f2bd] - async connecting. Associated Snowflake domain: GLOBAL"}
{"level":"INFO","message":"[12:15:20.172 PM]: Creating new connection object"}
{"level":"INFO","message":"[12:15:20.174 PM]: Creating Connection[id: 08b3ea6c-46ac-426e-a5f6-6692f70981c2] with host: NJ39494.ap-southeast-2.snowflakecomputing.com, account: NJ39494, accessUrl: https://NJ39494.ap-southeast-2.snowflakecomputing.com, user: ARMADHANIHIRO, role: ACCOUNTADMIN, database: ECHO_DB, schema: CORE, warehouse: ECHO_WH, proxy was not configured, password is not provided, region: ap-southeast-2, authenticator: PROGRAMMATIC_ACCESS_TOKEN, ocsp mode: FAIL_OPEN, os: win32, os version: 10.0.26200"}
{"level":"INFO","message":"[12:15:20.176 PM]: Connection[id: 08b3ea6c-46ac-426e-a5f6-6692f70981c2] additional details: passcode in password is provided, passcode is not provided, private key is not provided, application: ECHO, client name: snowflake-sdk, client version: 3.1.0, retry timeout: 300, private key path: undefined, private key pass is not provided, client store temporary credential: false, browser response timeout: 120000"}
{"level":"INFO","message":"[12:15:20.178 PM]: Connection[id: 08b3ea6c-46ac-426e-a5f6-6692f70981c2] - connection object created successfully."}
{"level":"INFO","message":"[12:15:20.179 PM]: Connection[id: 08b3ea6c-46ac-426e-a5f6-6692f70981c2] - async connecting. Associated Snowflake domain: GLOBAL"}
{"level":"INFO","message":"[12:15:20.181 PM]: Connection[id: 54b04bfb-d067-4a0e-a3e5-f194d2c507a1] - authentication successful using: PROGRAMMATIC_ACCESS_TOKEN"}
{"level":"INFO","message":"[12:15:20.182 PM]: Connection[id: b0c48f9c-68b1-4d4f-9f18-6dc0817486a4] - authentication successful using: PROGRAMMATIC_ACCESS_TOKEN"}
{"level":"INFO","message":"[12:15:20.183 PM]: Connection[id: da5042f0-2fb7-4df7-ad94-55517ae4f2bd] - authentication successful using: PROGRAMMATIC_ACCESS_TOKEN"}
{"level":"INFO","message":"[12:15:20.184 PM]: Connection[id: 08b3ea6c-46ac-426e-a5f6-6692f70981c2] - authentication successful using: PROGRAMMATIC_ACCESS_TOKEN"}
{"level":"INFO","message":"[12:15:20.644 PM]: Connection[id: 54b04bfb-d067-4a0e-a3e5-f194d2c507a1] - connection established successfully after 481 milliseconds"}
{"level":"INFO","message":"[12:15:20.657 PM]: Connection[id: 08b3ea6c-46ac-426e-a5f6-6692f70981c2] - connection established successfully after 477.87 milliseconds"}
{"level":"INFO","message":"[12:15:20.665 PM]: Connection[id: b0c48f9c-68b1-4d4f-9f18-6dc0817486a4] - connection established successfully after 498.19 milliseconds"}
{"level":"INFO","message":"[12:15:20.682 PM]: Connection[id: da5042f0-2fb7-4df7-ad94-55517ae4f2bd] - connection established successfully after 510.43 milliseconds"}
{"level":"INFO","message":"[12:20:59.766 PM]: Creating new connection object"}
{"level":"INFO","message":"[12:20:59.771 PM]: Creating Connection[id: e21c1699-5b09-46e5-920b-272fbf86e437] with host: NJ39494.ap-southeast-2.snowflakecomputing.com, account: NJ39494, accessUrl: https://NJ39494.ap-southeast-2.snowflakecomputing.com, user: ARMADHANIHIRO, role: ACCOUNTADMIN, database: ECHO_DB, schema: CORE, warehouse: ECHO_WH, proxy was not configured, password is not provided, region: ap-southeast-2, authenticator: PROGRAMMATIC_ACCESS_TOKEN, ocsp mode: FAIL_OPEN, os: win32, os version: 10.0.26200"}
{"level":"INFO","message":"[12:20:59.771 PM]: Connection[id: e21c1699-5b09-46e5-920b-272fbf86e437] additional details: passcode in password is provided, passcode is not provided, private key is not provided, application: ECHO, client name: snowflake-sdk, client version: 3.1.0, retry timeout: 300, private key path: undefined, private key pass is not provided, client store temporary credential: false, browser response timeout: 120000"}
{"level":"INFO","message":"[12:20:59.772 PM]: Connection[id: e21c1699-5b09-46e5-920b-272fbf86e437] - connection object created successfully."}
{"level":"INFO","message":"[12:20:59.773 PM]: Connection[id: e21c1699-5b09-46e5-920b-272fbf86e437] - async connecting. Associated Snowflake domain: GLOBAL"}
{"level":"INFO","message":"[12:20:59.773 PM]: Trying to initialize Easy Logging"}
{"level":"INFO","message":"[12:20:59.789 PM]: No client config detected."}
{"level":"INFO","message":"[12:20:59.791 PM]: No config file path found. Client config will not be used."}
{"level":"INFO","message":"[12:20:59.791 PM]: Easy Logging is disabled as no config has been found"}
{"level":"INFO","message":"[12:20:59.792 PM]: Connection[id: e21c1699-5b09-46e5-920b-272fbf86e437] - authentication successful using: PROGRAMMATIC_ACCESS_TOKEN"}
{"level":"INFO","message":"[12:21:02.094 PM]: Connection[id: e21c1699-5b09-46e5-920b-272fbf86e437] - connection established successfully after 2320.52 milliseconds"}
{"level":"INFO","message":"[12:21:03.738 PM]: Creating new connection object"}
{"level":"INFO","message":"[12:21:03.740 PM]: Creating Connection[id: f1aa1b76-8855-45d9-b7a0-228e79bbaf57] with host: NJ39494.ap-southeast-2.snowflakecomputing.com, account: NJ39494, accessUrl: https://NJ39494.ap-southeast-2.snowflakecomputing.com, user: ARMADHANIHIRO, role: ACCOUNTADMIN, database: ECHO_DB, schema: CORE, warehouse: ECHO_WH, proxy was not configured, password is not provided, region: ap-southeast-2, authenticator: PROGRAMMATIC_ACCESS_TOKEN, ocsp mode: FAIL_OPEN, os: win32, os version: 10.0.26200"}
{"level":"INFO","message":"[12:21:03.740 PM]: Connection[id: f1aa1b76-8855-45d9-b7a0-228e79bbaf57] additional details: passcode in password is provided, passcode is not provided, private key is not provided, application: ECHO, client name: snowflake-sdk, client version: 3.1.0, retry timeout: 300, private key path: undefined, private key pass is not provided, client store temporary credential: false, browser response timeout: 120000"}
{"level":"INFO","message":"[12:21:03.740 PM]: Connection[id: f1aa1b76-8855-45d9-b7a0-228e79bbaf57] - connection object created successfully."}
{"level":"INFO","message":"[12:21:03.741 PM]: Connection[id: f1aa1b76-8855-45d9-b7a0-228e79bbaf57] - async connecting. Associated Snowflake domain: GLOBAL"}
{"level":"INFO","message":"[12:21:03.742 PM]: Creating new connection object"}
{"level":"INFO","message":"[12:21:03.743 PM]: Creating Connection[id: 06d1a1a3-3b40-469e-9bf5-1fc63da1eb32] with host: NJ39494.ap-southeast-2.snowflakecomputing.com, account: NJ39494, accessUrl: https://NJ39494.ap-southeast-2.snowflakecomputing.com, user: ARMADHANIHIRO, role: ACCOUNTADMIN, database: ECHO_DB, schema: CORE, warehouse: ECHO_WH, proxy was not configured, password is not provided, region: ap-southeast-2, authenticator: PROGRAMMATIC_ACCESS_TOKEN, ocsp mode: FAIL_OPEN, os: win32, os version: 10.0.26200"}
{"level":"INFO","message":"[12:21:03.743 PM]: Connection[id: 06d1a1a3-3b40-469e-9bf5-1fc63da1eb32] additional details: passcode in password is provided, passcode is not provided, private key is not provided, application: ECHO, client name: snowflake-sdk, client version: 3.1.0, retry timeout: 300, private key path: undefined, private key pass is not provided, client store temporary credential: false, browser response timeout: 120000"}
{"level":"INFO","message":"[12:21:03.743 PM]: Connection[id: 06d1a1a3-3b40-469e-9bf5-1fc63da1eb32] - connection object created successfully."}
{"level":"INFO","message":"[12:21:03.743 PM]: Connection[id: 06d1a1a3-3b40-469e-9bf5-1fc63da1eb32] - async connecting. Associated Snowflake domain: GLOBAL"}
{"level":"INFO","message":"[12:21:03.744 PM]: Creating new connection object"}
{"level":"INFO","message":"[12:21:03.744 PM]: Creating Connection[id: 079a36d4-1602-46d2-a79c-ea39d55e2ebb] with host: NJ39494.ap-southeast-2.snowflakecomputing.com, account: NJ39494, accessUrl: https://NJ39494.ap-southeast-2.snowflakecomputing.com, user: ARMADHANIHIRO, role: ACCOUNTADMIN, database: ECHO_DB, schema: CORE, warehouse: ECHO_WH, proxy was not configured, password is not provided, region: ap-southeast-2, authenticator: PROGRAMMATIC_ACCESS_TOKEN, ocsp mode: FAIL_OPEN, os: win32, os version: 10.0.26200"}
{"level":"INFO","message":"[12:21:03.744 PM]: Connection[id: 079a36d4-1602-46d2-a79c-ea39d55e2ebb] additional details: passcode in password is provided, passcode is not provided, private key is not provided, application: ECHO, client name: snowflake-sdk, client version: 3.1.0, retry timeout: 300, private key path: undefined, private key pass is not provided, client store temporary credential: false, browser response timeout: 120000"}
{"level":"INFO","message":"[12:21:03.745 PM]: Connection[id: 079a36d4-1602-46d2-a79c-ea39d55e2ebb] - connection object created successfully."}
{"level":"INFO","message":"[12:21:03.745 PM]: Connection[id: 079a36d4-1602-46d2-a79c-ea39d55e2ebb] - async connecting. Associated Snowflake domain: GLOBAL"}
{"level":"INFO","message":"[12:21:03.745 PM]: Creating new connection object"}
{"level":"INFO","message":"[12:21:03.746 PM]: Creating Connection[id: f471a8ca-f309-4935-ae59-0397be7f3a5a] with host: NJ39494.ap-southeast-2.snowflakecomputing.com, account: NJ39494, accessUrl: https://NJ39494.ap-southeast-2.snowflakecomputing.com, user: ARMADHANIHIRO, role: ACCOUNTADMIN, database: ECHO_DB, schema: CORE, warehouse: ECHO_WH, proxy was not configured, password is not provided, region: ap-southeast-2, authenticator: PROGRAMMATIC_ACCESS_TOKEN, ocsp mode: FAIL_OPEN, os: win32, os version: 10.0.26200"}
{"level":"INFO","message":"[12:21:03.746 PM]: Connection[id: f471a8ca-f309-4935-ae59-0397be7f3a5a] additional details: passcode in password is provided, passcode is not provided, private key is not provided, application: ECHO, client name: snowflake-sdk, client version: 3.1.0, retry timeout: 300, private key path: undefined, private key pass is not provided, client store temporary credential: false, browser response timeout: 120000"}
{"level":"INFO","message":"[12:21:03.746 PM]: Connection[id: f471a8ca-f309-4935-ae59-0397be7f3a5a] - connection object created successfully."}
{"level":"INFO","message":"[12:21:03.746 PM]: Connection[id: f471a8ca-f309-4935-ae59-0397be7f3a5a] - async connecting. Associated Snowflake domain: GLOBAL"}
{"level":"INFO","message":"[12:21:03.747 PM]: Connection[id: f1aa1b76-8855-45d9-b7a0-228e79bbaf57] - authentication successful using: PROGRAMMATIC_ACCESS_TOKEN"}
{"level":"INFO","message":"[12:21:03.747 PM]: Connection[id: 06d1a1a3-3b40-469e-9bf5-1fc63da1eb32] - authentication successful using: PROGRAMMATIC_ACCESS_TOKEN"}
{"level":"INFO","message":"[12:21:03.747 PM]: Connection[id: 079a36d4-1602-46d2-a79c-ea39d55e2ebb] - authentication successful using: PROGRAMMATIC_ACCESS_TOKEN"}
{"level":"INFO","message":"[12:21:03.747 PM]: Connection[id: f471a8ca-f309-4935-ae59-0397be7f3a5a] - authentication successful using: PROGRAMMATIC_ACCESS_TOKEN"}
{"level":"INFO","message":"[12:21:04.158 PM]: Connection[id: f471a8ca-f309-4935-ae59-0397be7f3a5a] - connection established successfully after 411.68 milliseconds"}
{"level":"INFO","message":"[12:21:04.173 PM]: Connection[id: 079a36d4-1602-46d2-a79c-ea39d55e2ebb] - connection established successfully after 428.15 milliseconds"}
{"level":"INFO","message":"[12:21:04.239 PM]: Connection[id: 06d1a1a3-3b40-469e-9bf5-1fc63da1eb32] - connection established successfully after 495.71 milliseconds"}
{"level":"INFO","message":"[12:21:04.257 PM]: Connection[id: f1aa1b76-8855-45d9-b7a0-228e79bbaf57] - connection established successfully after 515.66 milliseconds"}
{"level":"INFO","message":"[12:21:07.281 PM]: Creating new connection object"}
{"level":"INFO","message":"[12:21:07.284 PM]: Creating Connection[id: 55396b07-6197-409f-b39e-e6339ac490d0] with host: NJ39494.ap-southeast-2.snowflakecomputing.com, account: NJ39494, accessUrl: https://NJ39494.ap-southeast-2.snowflakecomputing.com, user: ARMADHANIHIRO, role: ACCOUNTADMIN, database: ECHO_DB, schema: CORE, warehouse: ECHO_WH, proxy was not configured, password is not provided, region: ap-southeast-2, authenticator: PROGRAMMATIC_ACCESS_TOKEN, ocsp mode: FAIL_OPEN, os: win32, os version: 10.0.26200"}
{"level":"INFO","message":"[12:21:07.284 PM]: Connection[id: 55396b07-6197-409f-b39e-e6339ac490d0] additional details: passcode in password is provided, passcode is not provided, private key is not provided, application: ECHO, client name: snowflake-sdk, client version: 3.1.0, retry timeout: 300, private key path: undefined, private key pass is not provided, client store temporary credential: false, browser response timeout: 120000"}
{"level":"INFO","message":"[12:21:07.285 PM]: Connection[id: 55396b07-6197-409f-b39e-e6339ac490d0] - connection object created successfully."}
{"level":"INFO","message":"[12:21:07.285 PM]: Connection[id: 55396b07-6197-409f-b39e-e6339ac490d0] - async connecting. Associated Snowflake domain: GLOBAL"}
{"level":"INFO","message":"[12:21:07.285 PM]: Creating new connection object"}
{"level":"INFO","message":"[12:21:07.286 PM]: Creating Connection[id: 61fea1f8-e84f-4d69-b284-4c4f624b9bba] with host: NJ39494.ap-southeast-2.snowflakecomputing.com, account: NJ39494, accessUrl: https://NJ39494.ap-southeast-2.snowflakecomputing.com, user: ARMADHANIHIRO, role: ACCOUNTADMIN, database: ECHO_DB, schema: CORE, warehouse: ECHO_WH, proxy was not configured, password is not provided, region: ap-southeast-2, authenticator: PROGRAMMATIC_ACCESS_TOKEN, ocsp mode: FAIL_OPEN, os: win32, os version: 10.0.26200"}
{"level":"INFO","message":"[12:21:07.287 PM]: Connection[id: 61fea1f8-e84f-4d69-b284-4c4f624b9bba] additional details: passcode in password is provided, passcode is not provided, private key is not provided, application: ECHO, client name: snowflake-sdk, client version: 3.1.0, retry timeout: 300, private key path: undefined, private key pass is not provided, client store temporary credential: false, browser response timeout: 120000"}
{"level":"INFO","message":"[12:21:07.287 PM]: Connection[id: 61fea1f8-e84f-4d69-b284-4c4f624b9bba] - connection object created successfully."}
{"level":"INFO","message":"[12:21:07.287 PM]: Connection[id: 61fea1f8-e84f-4d69-b284-4c4f624b9bba] - async connecting. Associated Snowflake domain: GLOBAL"}
{"level":"INFO","message":"[12:21:07.288 PM]: Creating new connection object"}
{"level":"INFO","message":"[12:21:07.288 PM]: Creating Connection[id: 1256da43-6121-4def-948c-19236d8bedc5] with host: NJ39494.ap-southeast-2.snowflakecomputing.com, account: NJ39494, accessUrl: https://NJ39494.ap-southeast-2.snowflakecomputing.com, user: ARMADHANIHIRO, role: ACCOUNTADMIN, database: ECHO_DB, schema: CORE, warehouse: ECHO_WH, proxy was not configured, password is not provided, region: ap-southeast-2, authenticator: PROGRAMMATIC_ACCESS_TOKEN, ocsp mode: FAIL_OPEN, os: win32, os version: 10.0.26200"}
{"level":"INFO","message":"[12:21:07.288 PM]: Connection[id: 1256da43-6121-4def-948c-19236d8bedc5] additional details: passcode in password is provided, passcode is not provided, private key is not provided, application: ECHO, client name: snowflake-sdk, client version: 3.1.0, retry timeout: 300, private key path: undefined, private key pass is not provided, client store temporary credential: false, browser response timeout: 120000"}
{"level":"INFO","message":"[12:21:07.289 PM]: Connection[id: 1256da43-6121-4def-948c-19236d8bedc5] - connection object created successfully."}
{"level":"INFO","message":"[12:21:07.289 PM]: Connection[id: 1256da43-6121-4def-948c-19236d8bedc5] - async connecting. Associated Snowflake domain: GLOBAL"}
{"level":"INFO","message":"[12:21:07.290 PM]: Creating new connection object"}
{"level":"INFO","message":"[12:21:07.290 PM]: Creating Connection[id: 808ffa12-2159-4027-bac0-40e019167eb8] with host: NJ39494.ap-southeast-2.snowflakecomputing.com, account: NJ39494, accessUrl: https://NJ39494.ap-southeast-2.snowflakecomputing.com, user: ARMADHANIHIRO, role: ACCOUNTADMIN, database: ECHO_DB, schema: CORE, warehouse: ECHO_WH, proxy was not configured, password is not provided, region: ap-southeast-2, authenticator: PROGRAMMATIC_ACCESS_TOKEN, ocsp mode: FAIL_OPEN, os: win32, os version: 10.0.26200"}
{"level":"INFO","message":"[12:21:07.291 PM]: Connection[id: 808ffa12-2159-4027-bac0-40e019167eb8] additional details: passcode in password is provided, passcode is not provided, private key is not provided, application: ECHO, client name: snowflake-sdk, client version: 3.1.0, retry timeout: 300, private key path: undefined, private key pass is not provided, client store temporary credential: false, browser response timeout: 120000"}
{"level":"INFO","message":"[12:21:07.291 PM]: Connection[id: 808ffa12-2159-4027-bac0-40e019167eb8] - connection object created successfully."}
{"level":"INFO","message":"[12:21:07.291 PM]: Connection[id: 808ffa12-2159-4027-bac0-40e019167eb8] - async connecting. Associated Snowflake domain: GLOBAL"}
{"level":"INFO","message":"[12:21:07.291 PM]: Connection[id: 55396b07-6197-409f-b39e-e6339ac490d0] - authentication successful using: PROGRAMMATIC_ACCESS_TOKEN"}
{"level":"INFO","message":"[12:21:07.291 PM]: Connection[id: 61fea1f8-e84f-4d69-b284-4c4f624b9bba] - authentication successful using: PROGRAMMATIC_ACCESS_TOKEN"}
{"level":"INFO","message":"[12:21:07.292 PM]: Connection[id: 1256da43-6121-4def-948c-19236d8bedc5] - authentication successful using: PROGRAMMATIC_ACCESS_TOKEN"}
{"level":"INFO","message":"[12:21:07.293 PM]: Connection[id: 808ffa12-2159-4027-bac0-40e019167eb8] - authentication successful using: PROGRAMMATIC_ACCESS_TOKEN"}
{"level":"INFO","message":"[12:21:07.725 PM]: Connection[id: 808ffa12-2159-4027-bac0-40e019167eb8] - connection established successfully after 433.53 milliseconds"}
{"level":"INFO","message":"[12:21:07.736 PM]: Connection[id: 1256da43-6121-4def-948c-19236d8bedc5] - connection established successfully after 446.67 milliseconds"}
{"level":"INFO","message":"[12:21:07.780 PM]: Connection[id: 61fea1f8-e84f-4d69-b284-4c4f624b9bba] - connection established successfully after 493.14 milliseconds"}
{"level":"INFO","message":"[12:21:07.807 PM]: Connection[id: 55396b07-6197-409f-b39e-e6339ac490d0] - connection established successfully after 522.2 milliseconds"}
{"level":"INFO","message":"[12:21:12.937 PM]: Creating new connection object"}
{"level":"INFO","message":"[12:21:12.940 PM]: Creating Connection[id: 997e7329-519c-412a-a467-e4334e33e97a] with host: NJ39494.ap-southeast-2.snowflakecomputing.com, account: NJ39494, accessUrl: https://NJ39494.ap-southeast-2.snowflakecomputing.com, user: ARMADHANIHIRO, role: ACCOUNTADMIN, database: ECHO_DB, schema: CORE, warehouse: ECHO_WH, proxy was not configured, password is not provided, region: ap-southeast-2, authenticator: PROGRAMMATIC_ACCESS_TOKEN, ocsp mode: FAIL_OPEN, os: win32, os version: 10.0.26200"}
{"level":"INFO","message":"[12:21:12.942 PM]: Connection[id: 997e7329-519c-412a-a467-e4334e33e97a] additional details: passcode in password is provided, passcode is not provided, private key is not provided, application: ECHO, client name: snowflake-sdk, client version: 3.1.0, retry timeout: 300, private key path: undefined, private key pass is not provided, client store temporary credential: false, browser response timeout: 120000"}
{"level":"INFO","message":"[12:21:12.942 PM]: Connection[id: 997e7329-519c-412a-a467-e4334e33e97a] - connection object created successfully."}
{"level":"INFO","message":"[12:21:12.942 PM]: Connection[id: 997e7329-519c-412a-a467-e4334e33e97a] - async connecting. Associated Snowflake domain: GLOBAL"}
{"level":"INFO","message":"[12:21:12.943 PM]: Creating new connection object"}
{"level":"INFO","message":"[12:21:12.944 PM]: Creating Connection[id: 56f158e7-c3e6-47f4-86e7-0627c299a578] with host: NJ39494.ap-southeast-2.snowflakecomputing.com, account: NJ39494, accessUrl: https://NJ39494.ap-southeast-2.snowflakecomputing.com, user: ARMADHANIHIRO, role: ACCOUNTADMIN, database: ECHO_DB, schema: CORE, warehouse: ECHO_WH, proxy was not configured, password is not provided, region: ap-southeast-2, authenticator: PROGRAMMATIC_ACCESS_TOKEN, ocsp mode: FAIL_OPEN, os: win32, os version: 10.0.26200"}
{"level":"INFO","message":"[12:21:12.944 PM]: Connection[id: 56f158e7-c3e6-47f4-86e7-0627c299a578] additional details: passcode in password is provided, passcode is not provided, private key is not provided, application: ECHO, client name: snowflake-sdk, client version: 3.1.0, retry timeout: 300, private key path: undefined, private key pass is not provided, client store temporary credential: false, browser response timeout: 120000"}
{"level":"INFO","message":"[12:21:12.944 PM]: Connection[id: 56f158e7-c3e6-47f4-86e7-0627c299a578] - connection object created successfully."}
{"level":"INFO","message":"[12:21:12.945 PM]: Connection[id: 56f158e7-c3e6-47f4-86e7-0627c299a578] - async connecting. Associated Snowflake domain: GLOBAL"}
{"level":"INFO","message":"[12:21:12.945 PM]: Creating new connection object"}
{"level":"INFO","message":"[12:21:12.946 PM]: Creating Connection[id: aa95aef9-091c-4b21-8099-1b39270296b6] with host: NJ39494.ap-southeast-2.snowflakecomputing.com, account: NJ39494, accessUrl: https://NJ39494.ap-southeast-2.snowflakecomputing.com, user: ARMADHANIHIRO, role: ACCOUNTADMIN, database: ECHO_DB, schema: CORE, warehouse: ECHO_WH, proxy was not configured, password is not provided, region: ap-southeast-2, authenticator: PROGRAMMATIC_ACCESS_TOKEN, ocsp mode: FAIL_OPEN, os: win32, os version: 10.0.26200"}
{"level":"INFO","message":"[12:21:12.946 PM]: Connection[id: aa95aef9-091c-4b21-8099-1b39270296b6] additional details: passcode in password is provided, passcode is not provided, private key is not provided, application: ECHO, client name: snowflake-sdk, client version: 3.1.0, retry timeout: 300, private key path: undefined, private key pass is not provided, client store temporary credential: false, browser response timeout: 120000"}
{"level":"INFO","message":"[12:21:12.947 PM]: Connection[id: aa95aef9-091c-4b21-8099-1b39270296b6] - connection object created successfully."}
{"level":"INFO","message":"[12:21:12.947 PM]: Connection[id: aa95aef9-091c-4b21-8099-1b39270296b6] - async connecting. Associated Snowflake domain: GLOBAL"}
{"level":"INFO","message":"[12:21:12.949 PM]: Creating new connection object"}
{"level":"INFO","message":"[12:21:12.950 PM]: Creating Connection[id: 00d826b6-9c57-479d-8cd3-f09e90567a5b] with host: NJ39494.ap-southeast-2.snowflakecomputing.com, account: NJ39494, accessUrl: https://NJ39494.ap-southeast-2.snowflakecomputing.com, user: ARMADHANIHIRO, role: ACCOUNTADMIN, database: ECHO_DB, schema: CORE, warehouse: ECHO_WH, proxy was not configured, password is not provided, region: ap-southeast-2, authenticator: PROGRAMMATIC_ACCESS_TOKEN, ocsp mode: FAIL_OPEN, os: win32, os version: 10.0.26200"}
{"level":"INFO","message":"[12:21:12.951 PM]: Connection[id: 00d826b6-9c57-479d-8cd3-f09e90567a5b] additional details: passcode in password is provided, passcode is not provided, private key is not provided, application: ECHO, client name: snowflake-sdk, client version: 3.1.0, retry timeout: 300, private key path: undefined, private key pass is not provided, client store temporary credential: false, browser response timeout: 120000"}
{"level":"INFO","message":"[12:21:12.951 PM]: Connection[id: 00d826b6-9c57-479d-8cd3-f09e90567a5b] - connection object created successfully."}
{"level":"INFO","message":"[12:21:12.951 PM]: Connection[id: 00d826b6-9c57-479d-8cd3-f09e90567a5b] - async connecting. Associated Snowflake domain: GLOBAL"}
{"level":"INFO","message":"[12:21:12.952 PM]: Connection[id: 997e7329-519c-412a-a467-e4334e33e97a] - authentication successful using: PROGRAMMATIC_ACCESS_TOKEN"}
{"level":"INFO","message":"[12:21:12.953 PM]: Connection[id: 56f158e7-c3e6-47f4-86e7-0627c299a578] - authentication successful using: PROGRAMMATIC_ACCESS_TOKEN"}
{"level":"INFO","message":"[12:21:12.953 PM]: Connection[id: aa95aef9-091c-4b21-8099-1b39270296b6] - authentication successful using: PROGRAMMATIC_ACCESS_TOKEN"}
{"level":"INFO","message":"[12:21:12.953 PM]: Connection[id: 00d826b6-9c57-479d-8cd3-f09e90567a5b] - authentication successful using: PROGRAMMATIC_ACCESS_TOKEN"}
{"level":"INFO","message":"[12:21:13.377 PM]: Connection[id: aa95aef9-091c-4b21-8099-1b39270296b6] - connection established successfully after 430.01 milliseconds"}
{"level":"INFO","message":"[12:21:13.414 PM]: Connection[id: 00d826b6-9c57-479d-8cd3-f09e90567a5b] - connection established successfully after 462.98 milliseconds"}
{"level":"INFO","message":"[12:21:13.526 PM]: Connection[id: 56f158e7-c3e6-47f4-86e7-0627c299a578] - connection established successfully after 580.9 milliseconds"}
{"level":"INFO","message":"[12:21:13.621 PM]: Connection[id: 997e7329-519c-412a-a467-e4334e33e97a] - connection established successfully after 678.86 milliseconds"}
{"level":"INFO","message":"[12:21:20.699 PM]: Creating new connection object"}
{"level":"INFO","message":"[12:21:20.701 PM]: Creating Connection[id: 0dd0bff1-cfe2-4be1-9585-c65fe610b2cd] with host: NJ39494.ap-southeast-2.snowflakecomputing.com, account: NJ39494, accessUrl: https://NJ39494.ap-southeast-2.snowflakecomputing.com, user: ARMADHANIHIRO, role: ACCOUNTADMIN, database: ECHO_DB, schema: CORE, warehouse: ECHO_WH, proxy was not configured, password is not provided, region: ap-southeast-2, authenticator: PROGRAMMATIC_ACCESS_TOKEN, ocsp mode: FAIL_OPEN, os: win32, os version: 10.0.26200"}
{"level":"INFO","message":"[12:21:20.702 PM]: Connection[id: 0dd0bff1-cfe2-4be1-9585-c65fe610b2cd] additional details: passcode in password is provided, passcode is not provided, private key is not provided, application: ECHO, client name: snowflake-sdk, client version: 3.1.0, retry timeout: 300, private key path: undefined, private key pass is not provided, client store temporary credential: false, browser response timeout: 120000"}
{"level":"INFO","message":"[12:21:20.702 PM]: Connection[id: 0dd0bff1-cfe2-4be1-9585-c65fe610b2cd] - connection object created successfully."}
{"level":"INFO","message":"[12:21:20.702 PM]: Connection[id: 0dd0bff1-cfe2-4be1-9585-c65fe610b2cd] - async connecting. Associated Snowflake domain: GLOBAL"}
{"level":"INFO","message":"[12:21:20.703 PM]: Creating new connection object"}
{"level":"INFO","message":"[12:21:20.703 PM]: Creating Connection[id: 4aecc18d-db09-4b18-917c-e58f9521a009] with host: NJ39494.ap-southeast-2.snowflakecomputing.com, account: NJ39494, accessUrl: https://NJ39494.ap-southeast-2.snowflakecomputing.com, user: ARMADHANIHIRO, role: ACCOUNTADMIN, database: ECHO_DB, schema: CORE, warehouse: ECHO_WH, proxy was not configured, password is not provided, region: ap-southeast-2, authenticator: PROGRAMMATIC_ACCESS_TOKEN, ocsp mode: FAIL_OPEN, os: win32, os version: 10.0.26200"}
{"level":"INFO","message":"[12:21:20.704 PM]: Connection[id: 4aecc18d-db09-4b18-917c-e58f9521a009] additional details: passcode in password is provided, passcode is not provided, private key is not provided, application: ECHO, client name: snowflake-sdk, client version: 3.1.0, retry timeout: 300, private key path: undefined, private key pass is not provided, client store temporary credential: false, browser response timeout: 120000"}
{"level":"INFO","message":"[12:21:20.704 PM]: Connection[id: 4aecc18d-db09-4b18-917c-e58f9521a009] - connection object created successfully."}
{"level":"INFO","message":"[12:21:20.704 PM]: Connection[id: 4aecc18d-db09-4b18-917c-e58f9521a009] - async connecting. Associated Snowflake domain: GLOBAL"}
{"level":"INFO","message":"[12:21:20.705 PM]: Creating new connection object"}
{"level":"INFO","message":"[12:21:20.706 PM]: Creating Connection[id: c282fbe8-e97e-430c-a84c-dd8dc5f5a9bd] with host: NJ39494.ap-southeast-2.snowflakecomputing.com, account: NJ39494, accessUrl: https://NJ39494.ap-southeast-2.snowflakecomputing.com, user: ARMADHANIHIRO, role: ACCOUNTADMIN, database: ECHO_DB, schema: CORE, warehouse: ECHO_WH, proxy was not configured, password is not provided, region: ap-southeast-2, authenticator: PROGRAMMATIC_ACCESS_TOKEN, ocsp mode: FAIL_OPEN, os: win32, os version: 10.0.26200"}
{"level":"INFO","message":"[12:21:20.706 PM]: Connection[id: c282fbe8-e97e-430c-a84c-dd8dc5f5a9bd] additional details: passcode in password is provided, passcode is not provided, private key is not provided, application: ECHO, client name: snowflake-sdk, client version: 3.1.0, retry timeout: 300, private key path: undefined, private key pass is not provided, client store temporary credential: false, browser response timeout: 120000"}
{"level":"INFO","message":"[12:21:20.706 PM]: Connection[id: c282fbe8-e97e-430c-a84c-dd8dc5f5a9bd] - connection object created successfully."}
{"level":"INFO","message":"[12:21:20.706 PM]: Connection[id: c282fbe8-e97e-430c-a84c-dd8dc5f5a9bd] - async connecting. Associated Snowflake domain: GLOBAL"}
{"level":"INFO","message":"[12:21:20.707 PM]: Creating new connection object"}
{"level":"INFO","message":"[12:21:20.707 PM]: Creating Connection[id: 60ab4b22-3635-4f2e-9c08-2317a55ef870] with host: NJ39494.ap-southeast-2.snowflakecomputing.com, account: NJ39494, accessUrl: https://NJ39494.ap-southeast-2.snowflakecomputing.com, user: ARMADHANIHIRO, role: ACCOUNTADMIN, database: ECHO_DB, schema: CORE, warehouse: ECHO_WH, proxy was not configured, password is not provided, region: ap-southeast-2, authenticator: PROGRAMMATIC_ACCESS_TOKEN, ocsp mode: FAIL_OPEN, os: win32, os version: 10.0.26200"}
{"level":"INFO","message":"[12:21:20.708 PM]: Connection[id: 60ab4b22-3635-4f2e-9c08-2317a55ef870] additional details: passcode in password is provided, passcode is not provided, private key is not provided, application: ECHO, client name: snowflake-sdk, client version: 3.1.0, retry timeout: 300, private key path: undefined, private key pass is not provided, client store temporary credential: false, browser response timeout: 120000"}
{"level":"INFO","message":"[12:21:20.708 PM]: Connection[id: 60ab4b22-3635-4f2e-9c08-2317a55ef870] - connection object created successfully."}
{"level":"INFO","message":"[12:21:20.708 PM]: Connection[id: 60ab4b22-3635-4f2e-9c08-2317a55ef870] - async connecting. Associated Snowflake domain: GLOBAL"}
{"level":"INFO","message":"[12:21:20.709 PM]: Connection[id: 0dd0bff1-cfe2-4be1-9585-c65fe610b2cd] - authentication successful using: PROGRAMMATIC_ACCESS_TOKEN"}
{"level":"INFO","message":"[12:21:20.709 PM]: Connection[id: 4aecc18d-db09-4b18-917c-e58f9521a009] - authentication successful using: PROGRAMMATIC_ACCESS_TOKEN"}
{"level":"INFO","message":"[12:21:20.710 PM]: Connection[id: c282fbe8-e97e-430c-a84c-dd8dc5f5a9bd] - authentication successful using: PROGRAMMATIC_ACCESS_TOKEN"}
{"level":"INFO","message":"[12:21:20.710 PM]: Connection[id: 60ab4b22-3635-4f2e-9c08-2317a55ef870] - authentication successful using: PROGRAMMATIC_ACCESS_TOKEN"}
{"level":"INFO","message":"[12:21:21.153 PM]: Connection[id: 60ab4b22-3635-4f2e-9c08-2317a55ef870] - connection established successfully after 444.38 milliseconds"}
{"level":"INFO","message":"[12:21:21.168 PM]: Connection[id: 0dd0bff1-cfe2-4be1-9585-c65fe610b2cd] - connection established successfully after 465.9 milliseconds"}
{"level":"INFO","message":"[12:21:21.239 PM]: Connection[id: c282fbe8-e97e-430c-a84c-dd8dc5f5a9bd] - connection established successfully after 532.01 milliseconds"}
{"level":"INFO","message":"[12:21:21.259 PM]: Connection[id: 4aecc18d-db09-4b18-917c-e58f9521a009] - connection established successfully after 554.76 milliseconds"}
{"level":"INFO","message":"[12:21:31.051 PM]: Creating new connection object"}
{"level":"INFO","message":"[12:21:31.053 PM]: Creating Connection[id: fa621076-b4a9-474b-a2eb-8230ade956e7] with host: NJ39494.ap-southeast-2.snowflakecomputing.com, account: NJ39494, accessUrl: https://NJ39494.ap-southeast-2.snowflakecomputing.com, user: ARMADHANIHIRO, role: ACCOUNTADMIN, database: ECHO_DB, schema: CORE, warehouse: ECHO_WH, proxy was not configured, password is not provided, region: ap-southeast-2, authenticator: PROGRAMMATIC_ACCESS_TOKEN, ocsp mode: FAIL_OPEN, os: win32, os version: 10.0.26200"}
{"level":"INFO","message":"[12:21:31.053 PM]: Connection[id: fa621076-b4a9-474b-a2eb-8230ade956e7] additional details: passcode in password is provided, passcode is not provided, private key is not provided, application: ECHO, client name: snowflake-sdk, client version: 3.1.0, retry timeout: 300, private key path: undefined, private key pass is not provided, client store temporary credential: false, browser response timeout: 120000"}
{"level":"INFO","message":"[12:21:31.054 PM]: Connection[id: fa621076-b4a9-474b-a2eb-8230ade956e7] - connection object created successfully."}
{"level":"INFO","message":"[12:21:31.054 PM]: Connection[id: fa621076-b4a9-474b-a2eb-8230ade956e7] - async connecting. Associated Snowflake domain: GLOBAL"}
{"level":"INFO","message":"[12:21:31.054 PM]: Creating new connection object"}
{"level":"INFO","message":"[12:21:31.055 PM]: Creating Connection[id: 21ee6f22-ae0d-4942-9383-0bc7aecad339] with host: NJ39494.ap-southeast-2.snowflakecomputing.com, account: NJ39494, accessUrl: https://NJ39494.ap-southeast-2.snowflakecomputing.com, user: ARMADHANIHIRO, role: ACCOUNTADMIN, database: ECHO_DB, schema: CORE, warehouse: ECHO_WH, proxy was not configured, password is not provided, region: ap-southeast-2, authenticator: PROGRAMMATIC_ACCESS_TOKEN, ocsp mode: FAIL_OPEN, os: win32, os version: 10.0.26200"}
{"level":"INFO","message":"[12:21:31.055 PM]: Connection[id: 21ee6f22-ae0d-4942-9383-0bc7aecad339] additional details: passcode in password is provided, passcode is not provided, private key is not provided, application: ECHO, client name: snowflake-sdk, client version: 3.1.0, retry timeout: 300, private key path: undefined, private key pass is not provided, client store temporary credential: false, browser response timeout: 120000"}
{"level":"INFO","message":"[12:21:31.056 PM]: Connection[id: 21ee6f22-ae0d-4942-9383-0bc7aecad339] - connection object created successfully."}
{"level":"INFO","message":"[12:21:31.056 PM]: Connection[id: 21ee6f22-ae0d-4942-9383-0bc7aecad339] - async connecting. Associated Snowflake domain: GLOBAL"}
{"level":"INFO","message":"[12:21:31.056 PM]: Creating new connection object"}
{"level":"INFO","message":"[12:21:31.057 PM]: Creating Connection[id: fceb95fd-8fc2-4917-80eb-7299a8b173e2] with host: NJ39494.ap-southeast-2.snowflakecomputing.com, account: NJ39494, accessUrl: https://NJ39494.ap-southeast-2.snowflakecomputing.com, user: ARMADHANIHIRO, role: ACCOUNTADMIN, database: ECHO_DB, schema: CORE, warehouse: ECHO_WH, proxy was not configured, password is not provided, region: ap-southeast-2, authenticator: PROGRAMMATIC_ACCESS_TOKEN, ocsp mode: FAIL_OPEN, os: win32, os version: 10.0.26200"}
{"level":"INFO","message":"[12:21:31.058 PM]: Connection[id: fceb95fd-8fc2-4917-80eb-7299a8b173e2] additional details: passcode in password is provided, passcode is not provided, private key is not provided, application: ECHO, client name: snowflake-sdk, client version: 3.1.0, retry timeout: 300, private key path: undefined, private key pass is not provided, client store temporary credential: false, browser response timeout: 120000"}
{"level":"INFO","message":"[12:21:31.058 PM]: Connection[id: fceb95fd-8fc2-4917-80eb-7299a8b173e2] - connection object created successfully."}
{"level":"INFO","message":"[12:21:31.059 PM]: Connection[id: fceb95fd-8fc2-4917-80eb-7299a8b173e2] - async connecting. Associated Snowflake domain: GLOBAL"}
{"level":"INFO","message":"[12:21:31.060 PM]: Creating new connection object"}
{"level":"INFO","message":"[12:21:31.060 PM]: Creating Connection[id: c37f1e06-9fc5-46b5-9519-4b1722ddda08] with host: NJ39494.ap-southeast-2.snowflakecomputing.com, account: NJ39494, accessUrl: https://NJ39494.ap-southeast-2.snowflakecomputing.com, user: ARMADHANIHIRO, role: ACCOUNTADMIN, database: ECHO_DB, schema: CORE, warehouse: ECHO_WH, proxy was not configured, password is not provided, region: ap-southeast-2, authenticator: PROGRAMMATIC_ACCESS_TOKEN, ocsp mode: FAIL_OPEN, os: win32, os version: 10.0.26200"}
{"level":"INFO","message":"[12:21:31.061 PM]: Connection[id: c37f1e06-9fc5-46b5-9519-4b1722ddda08] additional details: passcode in password is provided, passcode is not provided, private key is not provided, application: ECHO, client name: snowflake-sdk, client version: 3.1.0, retry timeout: 300, private key path: undefined, private key pass is not provided, client store temporary credential: false, browser response timeout: 120000"}
{"level":"INFO","message":"[12:21:31.061 PM]: Connection[id: c37f1e06-9fc5-46b5-9519-4b1722ddda08] - connection object created successfully."}
{"level":"INFO","message":"[12:21:31.062 PM]: Connection[id: c37f1e06-9fc5-46b5-9519-4b1722ddda08] - async connecting. Associated Snowflake domain: GLOBAL"}
{"level":"INFO","message":"[12:21:31.062 PM]: Connection[id: fa621076-b4a9-474b-a2eb-8230ade956e7] - authentication successful using: PROGRAMMATIC_ACCESS_TOKEN"}
{"level":"INFO","message":"[12:21:31.063 PM]: Connection[id: 21ee6f22-ae0d-4942-9383-0bc7aecad339] - authentication successful using: PROGRAMMATIC_ACCESS_TOKEN"}
{"level":"INFO","message":"[12:21:31.063 PM]: Connection[id: fceb95fd-8fc2-4917-80eb-7299a8b173e2] - authentication successful using: PROGRAMMATIC_ACCESS_TOKEN"}
{"level":"INFO","message":"[12:21:31.063 PM]: Connection[id: c37f1e06-9fc5-46b5-9519-4b1722ddda08] - authentication successful using: PROGRAMMATIC_ACCESS_TOKEN"}
{"level":"INFO","message":"[12:21:31.592 PM]: Connection[id: c37f1e06-9fc5-46b5-9519-4b1722ddda08] - connection established successfully after 530.25 milliseconds"}
{"level":"INFO","message":"[12:21:31.649 PM]: Connection[id: 21ee6f22-ae0d-4942-9383-0bc7aecad339] - connection established successfully after 592.77 milliseconds"}
{"level":"INFO","message":"[12:21:31.788 PM]: Connection[id: fceb95fd-8fc2-4917-80eb-7299a8b173e2] - connection established successfully after 728.78 milliseconds"}
{"level":"INFO","message":"[12:21:31.795 PM]: Connection[id: fa621076-b4a9-474b-a2eb-8230ade956e7] - connection established successfully after 740.48 milliseconds"}
{"level":"INFO","message":"[12:21:36.006 PM]: Creating new connection object"}
{"level":"INFO","message":"[12:21:36.008 PM]: Creating Connection[id: b124b583-2803-442c-8cb5-77172853333a] with host: NJ39494.ap-southeast-2.snowflakecomputing.com, account: NJ39494, accessUrl: https://NJ39494.ap-southeast-2.snowflakecomputing.com, user: ARMADHANIHIRO, role: ACCOUNTADMIN, database: ECHO_DB, schema: CORE, warehouse: ECHO_WH, proxy was not configured, password is not provided, region: ap-southeast-2, authenticator: PROGRAMMATIC_ACCESS_TOKEN, ocsp mode: FAIL_OPEN, os: win32, os version: 10.0.26200"}
{"level":"INFO","message":"[12:21:36.008 PM]: Connection[id: b124b583-2803-442c-8cb5-77172853333a] additional details: passcode in password is provided, passcode is not provided, private key is not provided, application: ECHO, client name: snowflake-sdk, client version: 3.1.0, retry timeout: 300, private key path: undefined, private key pass is not provided, client store temporary credential: false, browser response timeout: 120000"}
{"level":"INFO","message":"[12:21:36.008 PM]: Connection[id: b124b583-2803-442c-8cb5-77172853333a] - connection object created successfully."}
{"level":"INFO","message":"[12:21:36.009 PM]: Connection[id: b124b583-2803-442c-8cb5-77172853333a] - async connecting. Associated Snowflake domain: GLOBAL"}
{"level":"INFO","message":"[12:21:36.009 PM]: Creating new connection object"}
{"level":"INFO","message":"[12:21:36.010 PM]: Creating Connection[id: 48583b3d-df27-4838-943e-775aa9a00273] with host: NJ39494.ap-southeast-2.snowflakecomputing.com, account: NJ39494, accessUrl: https://NJ39494.ap-southeast-2.snowflakecomputing.com, user: ARMADHANIHIRO, role: ACCOUNTADMIN, database: ECHO_DB, schema: CORE, warehouse: ECHO_WH, proxy was not configured, password is not provided, region: ap-southeast-2, authenticator: PROGRAMMATIC_ACCESS_TOKEN, ocsp mode: FAIL_OPEN, os: win32, os version: 10.0.26200"}
{"level":"INFO","message":"[12:21:36.010 PM]: Connection[id: 48583b3d-df27-4838-943e-775aa9a00273] additional details: passcode in password is provided, passcode is not provided, private key is not provided, application: ECHO, client name: snowflake-sdk, client version: 3.1.0, retry timeout: 300, private key path: undefined, private key pass is not provided, client store temporary credential: false, browser response timeout: 120000"}
{"level":"INFO","message":"[12:21:36.011 PM]: Connection[id: 48583b3d-df27-4838-943e-775aa9a00273] - connection object created successfully."}
{"level":"INFO","message":"[12:21:36.011 PM]: Connection[id: 48583b3d-df27-4838-943e-775aa9a00273] - async connecting. Associated Snowflake domain: GLOBAL"}
{"level":"INFO","message":"[12:21:36.012 PM]: Creating new connection object"}
{"level":"INFO","message":"[12:21:36.014 PM]: Creating Connection[id: cfb15ce1-10a0-4cbe-9ad1-4ba8111e5f22] with host: NJ39494.ap-southeast-2.snowflakecomputing.com, account: NJ39494, accessUrl: https://NJ39494.ap-southeast-2.snowflakecomputing.com, user: ARMADHANIHIRO, role: ACCOUNTADMIN, database: ECHO_DB, schema: CORE, warehouse: ECHO_WH, proxy was not configured, password is not provided, region: ap-southeast-2, authenticator: PROGRAMMATIC_ACCESS_TOKEN, ocsp mode: FAIL_OPEN, os: win32, os version: 10.0.26200"}
{"level":"INFO","message":"[12:21:36.015 PM]: Connection[id: cfb15ce1-10a0-4cbe-9ad1-4ba8111e5f22] additional details: passcode in password is provided, passcode is not provided, private key is not provided, application: ECHO, client name: snowflake-sdk, client version: 3.1.0, retry timeout: 300, private key path: undefined, private key pass is not provided, client store temporary credential: false, browser response timeout: 120000"}
{"level":"INFO","message":"[12:21:36.016 PM]: Connection[id: cfb15ce1-10a0-4cbe-9ad1-4ba8111e5f22] - connection object created successfully."}
{"level":"INFO","message":"[12:21:36.016 PM]: Connection[id: cfb15ce1-10a0-4cbe-9ad1-4ba8111e5f22] - async connecting. Associated Snowflake domain: GLOBAL"}
{"level":"INFO","message":"[12:21:36.016 PM]: Creating new connection object"}
{"level":"INFO","message":"[12:21:36.017 PM]: Creating Connection[id: 9c1df26b-9423-41d5-9a9a-94e2918f94fb] with host: NJ39494.ap-southeast-2.snowflakecomputing.com, account: NJ39494, accessUrl: https://NJ39494.ap-southeast-2.snowflakecomputing.com, user: ARMADHANIHIRO, role: ACCOUNTADMIN, database: ECHO_DB, schema: CORE, warehouse: ECHO_WH, proxy was not configured, password is not provided, region: ap-southeast-2, authenticator: PROGRAMMATIC_ACCESS_TOKEN, ocsp mode: FAIL_OPEN, os: win32, os version: 10.0.26200"}
{"level":"INFO","message":"[12:21:36.018 PM]: Connection[id: 9c1df26b-9423-41d5-9a9a-94e2918f94fb] additional details: passcode in password is provided, passcode is not provided, private key is not provided, application: ECHO, client name: snowflake-sdk, client version: 3.1.0, retry timeout: 300, private key path: undefined, private key pass is not provided, client store temporary credential: false, browser response timeout: 120000"}
{"level":"INFO","message":"[12:21:36.018 PM]: Connection[id: 9c1df26b-9423-41d5-9a9a-94e2918f94fb] - connection object created successfully."}
{"level":"INFO","message":"[12:21:36.019 PM]: Connection[id: 9c1df26b-9423-41d5-9a9a-94e2918f94fb] - async connecting. Associated Snowflake domain: GLOBAL"}
{"level":"INFO","message":"[12:21:36.020 PM]: Connection[id: b124b583-2803-442c-8cb5-77172853333a] - authentication successful using: PROGRAMMATIC_ACCESS_TOKEN"}
{"level":"INFO","message":"[12:21:36.021 PM]: Connection[id: 48583b3d-df27-4838-943e-775aa9a00273] - authentication successful using: PROGRAMMATIC_ACCESS_TOKEN"}
{"level":"INFO","message":"[12:21:36.021 PM]: Connection[id: cfb15ce1-10a0-4cbe-9ad1-4ba8111e5f22] - authentication successful using: PROGRAMMATIC_ACCESS_TOKEN"}
{"level":"INFO","message":"[12:21:36.022 PM]: Connection[id: 9c1df26b-9423-41d5-9a9a-94e2918f94fb] - authentication successful using: PROGRAMMATIC_ACCESS_TOKEN"}
{"level":"INFO","message":"[12:21:36.571 PM]: Connection[id: cfb15ce1-10a0-4cbe-9ad1-4ba8111e5f22] - connection established successfully after 554.87 milliseconds"}
{"level":"INFO","message":"[12:21:36.579 PM]: Connection[id: 9c1df26b-9423-41d5-9a9a-94e2918f94fb] - connection established successfully after 559.81 milliseconds"}
{"level":"INFO","message":"[12:21:36.601 PM]: Connection[id: 48583b3d-df27-4838-943e-775aa9a00273] - connection established successfully after 589.96 milliseconds"}
{"level":"INFO","message":"[12:21:36.639 PM]: Connection[id: b124b583-2803-442c-8cb5-77172853333a] - connection established successfully after 630.72 milliseconds"}
{"level":"INFO","message":"[12:28:48.870 PM]: Creating new connection object"}
{"level":"INFO","message":"[12:28:48.877 PM]: Creating Connection[id: 4413db21-6a5c-4295-b481-818c3a555bd0] with host: NJ39494.ap-southeast-2.snowflakecomputing.com, account: NJ39494, accessUrl: https://NJ39494.ap-southeast-2.snowflakecomputing.com, user: ARMADHANIHIRO, role: ACCOUNTADMIN, database: ECHO_DB, schema: CORE, warehouse: ECHO_WH, proxy was not configured, password is not provided, region: ap-southeast-2, authenticator: PROGRAMMATIC_ACCESS_TOKEN, ocsp mode: FAIL_OPEN, os: win32, os version: 10.0.26200"}
{"level":"INFO","message":"[12:28:48.877 PM]: Connection[id: 4413db21-6a5c-4295-b481-818c3a555bd0] additional details: passcode in password is provided, passcode is not provided, private key is not provided, application: ECHO, client name: snowflake-sdk, client version: 3.1.0, retry timeout: 300, private key path: undefined, private key pass is not provided, client store temporary credential: false, browser response timeout: 120000"}
{"level":"INFO","message":"[12:28:48.878 PM]: Connection[id: 4413db21-6a5c-4295-b481-818c3a555bd0] - connection object created successfully."}
{"level":"INFO","message":"[12:28:48.878 PM]: Connection[id: 4413db21-6a5c-4295-b481-818c3a555bd0] - async connecting. Associated Snowflake domain: GLOBAL"}
{"level":"INFO","message":"[12:28:48.879 PM]: Trying to initialize Easy Logging"}
{"level":"INFO","message":"[12:28:48.904 PM]: No client config detected."}
{"level":"INFO","message":"[12:28:48.907 PM]: No config file path found. Client config will not be used."}
{"level":"INFO","message":"[12:28:48.908 PM]: Easy Logging is disabled as no config has been found"}
{"level":"INFO","message":"[12:28:48.909 PM]: Connection[id: 4413db21-6a5c-4295-b481-818c3a555bd0] - authentication successful using: PROGRAMMATIC_ACCESS_TOKEN"}
{"level":"INFO","message":"[12:28:51.275 PM]: Connection[id: 4413db21-6a5c-4295-b481-818c3a555bd0] - connection established successfully after 2396.76 milliseconds"}
{"level":"INFO","message":"[12:28:52.806 PM]: Creating new connection object"}
{"level":"INFO","message":"[12:28:52.807 PM]: Creating Connection[id: df817685-9a56-4167-9570-68e01c8ea648] with host: NJ39494.ap-southeast-2.snowflakecomputing.com, account: NJ39494, accessUrl: https://NJ39494.ap-southeast-2.snowflakecomputing.com, user: ARMADHANIHIRO, role: ACCOUNTADMIN, database: ECHO_DB, schema: CORE, warehouse: ECHO_WH, proxy was not configured, password is not provided, region: ap-southeast-2, authenticator: PROGRAMMATIC_ACCESS_TOKEN, ocsp mode: FAIL_OPEN, os: win32, os version: 10.0.26200"}
{"level":"INFO","message":"[12:28:52.807 PM]: Connection[id: df817685-9a56-4167-9570-68e01c8ea648] additional details: passcode in password is provided, passcode is not provided, private key is not provided, application: ECHO, client name: snowflake-sdk, client version: 3.1.0, retry timeout: 300, private key path: undefined, private key pass is not provided, client store temporary credential: false, browser response timeout: 120000"}
{"level":"INFO","message":"[12:28:52.807 PM]: Connection[id: df817685-9a56-4167-9570-68e01c8ea648] - connection object created successfully."}
{"level":"INFO","message":"[12:28:52.808 PM]: Connection[id: df817685-9a56-4167-9570-68e01c8ea648] - async connecting. Associated Snowflake domain: GLOBAL"}
{"level":"INFO","message":"[12:28:52.808 PM]: Creating new connection object"}
{"level":"INFO","message":"[12:28:52.809 PM]: Creating Connection[id: ef3013f5-ec13-4ad2-be46-28e82ba1ece8] with host: NJ39494.ap-southeast-2.snowflakecomputing.com, account: NJ39494, accessUrl: https://NJ39494.ap-southeast-2.snowflakecomputing.com, user: ARMADHANIHIRO, role: ACCOUNTADMIN, database: ECHO_DB, schema: CORE, warehouse: ECHO_WH, proxy was not configured, password is not provided, region: ap-southeast-2, authenticator: PROGRAMMATIC_ACCESS_TOKEN, ocsp mode: FAIL_OPEN, os: win32, os version: 10.0.26200"}
{"level":"INFO","message":"[12:28:52.809 PM]: Connection[id: ef3013f5-ec13-4ad2-be46-28e82ba1ece8] additional details: passcode in password is provided, passcode is not provided, private key is not provided, application: ECHO, client name: snowflake-sdk, client version: 3.1.0, retry timeout: 300, private key path: undefined, private key pass is not provided, client store temporary credential: false, browser response timeout: 120000"}
{"level":"INFO","message":"[12:28:52.809 PM]: Connection[id: ef3013f5-ec13-4ad2-be46-28e82ba1ece8] - connection object created successfully."}
{"level":"INFO","message":"[12:28:52.809 PM]: Connection[id: ef3013f5-ec13-4ad2-be46-28e82ba1ece8] - async connecting. Associated Snowflake domain: GLOBAL"}
{"level":"INFO","message":"[12:28:52.809 PM]: Creating new connection object"}
{"level":"INFO","message":"[12:28:52.810 PM]: Creating Connection[id: d5c8d02f-a003-46d6-9328-ec752b764d20] with host: NJ39494.ap-southeast-2.snowflakecomputing.com, account: NJ39494, accessUrl: https://NJ39494.ap-southeast-2.snowflakecomputing.com, user: ARMADHANIHIRO, role: ACCOUNTADMIN, database: ECHO_DB, schema: CORE, warehouse: ECHO_WH, proxy was not configured, password is not provided, region: ap-southeast-2, authenticator: PROGRAMMATIC_ACCESS_TOKEN, ocsp mode: FAIL_OPEN, os: win32, os version: 10.0.26200"}
{"level":"INFO","message":"[12:28:52.810 PM]: Connection[id: d5c8d02f-a003-46d6-9328-ec752b764d20] additional details: passcode in password is provided, passcode is not provided, private key is not provided, application: ECHO, client name: snowflake-sdk, client version: 3.1.0, retry timeout: 300, private key path: undefined, private key pass is not provided, client store temporary credential: false, browser response timeout: 120000"}
{"level":"INFO","message":"[12:28:52.810 PM]: Connection[id: d5c8d02f-a003-46d6-9328-ec752b764d20] - connection object created successfully."}
{"level":"INFO","message":"[12:28:52.810 PM]: Connection[id: d5c8d02f-a003-46d6-9328-ec752b764d20] - async connecting. Associated Snowflake domain: GLOBAL"}
{"level":"INFO","message":"[12:28:52.811 PM]: Creating new connection object"}
{"level":"INFO","message":"[12:28:52.811 PM]: Creating Connection[id: aa09d259-8a2f-47e6-8505-72f78122ba0a] with host: NJ39494.ap-southeast-2.snowflakecomputing.com, account: NJ39494, accessUrl: https://NJ39494.ap-southeast-2.snowflakecomputing.com, user: ARMADHANIHIRO, role: ACCOUNTADMIN, database: ECHO_DB, schema: CORE, warehouse: ECHO_WH, proxy was not configured, password is not provided, region: ap-southeast-2, authenticator: PROGRAMMATIC_ACCESS_TOKEN, ocsp mode: FAIL_OPEN, os: win32, os version: 10.0.26200"}
{"level":"INFO","message":"[12:28:52.811 PM]: Connection[id: aa09d259-8a2f-47e6-8505-72f78122ba0a] additional details: passcode in password is provided, passcode is not provided, private key is not provided, application: ECHO, client name: snowflake-sdk, client version: 3.1.0, retry timeout: 300, private key path: undefined, private key pass is not provided, client store temporary credential: false, browser response timeout: 120000"}
{"level":"INFO","message":"[12:28:52.811 PM]: Connection[id: aa09d259-8a2f-47e6-8505-72f78122ba0a] - connection object created successfully."}
{"level":"INFO","message":"[12:28:52.811 PM]: Connection[id: aa09d259-8a2f-47e6-8505-72f78122ba0a] - async connecting. Associated Snowflake domain: GLOBAL"}
{"level":"INFO","message":"[12:28:52.812 PM]: Connection[id: df817685-9a56-4167-9570-68e01c8ea648] - authentication successful using: PROGRAMMATIC_ACCESS_TOKEN"}
{"level":"INFO","message":"[12:28:52.812 PM]: Connection[id: ef3013f5-ec13-4ad2-be46-28e82ba1ece8] - authentication successful using: PROGRAMMATIC_ACCESS_TOKEN"}
{"level":"INFO","message":"[12:28:52.813 PM]: Connection[id: d5c8d02f-a003-46d6-9328-ec752b764d20] - authentication successful using: PROGRAMMATIC_ACCESS_TOKEN"}
{"level":"INFO","message":"[12:28:52.813 PM]: Connection[id: aa09d259-8a2f-47e6-8505-72f78122ba0a] - authentication successful using: PROGRAMMATIC_ACCESS_TOKEN"}
{"level":"INFO","message":"[12:28:53.230 PM]: Connection[id: d5c8d02f-a003-46d6-9328-ec752b764d20] - connection established successfully after 419.56 milliseconds"}
{"level":"INFO","message":"[12:28:53.256 PM]: Connection[id: ef3013f5-ec13-4ad2-be46-28e82ba1ece8] - connection established successfully after 446.52 milliseconds"}
{"level":"INFO","message":"[12:28:53.264 PM]: Connection[id: aa09d259-8a2f-47e6-8505-72f78122ba0a] - connection established successfully after 452.89 milliseconds"}
{"level":"INFO","message":"[12:28:53.272 PM]: Connection[id: df817685-9a56-4167-9570-68e01c8ea648] - connection established successfully after 464.63 milliseconds"}
{"level":"INFO","message":"[12:29:06.360 PM]: Creating new connection object"}
{"level":"INFO","message":"[12:29:06.363 PM]: Creating Connection[id: 4c071241-ed5f-42be-a656-a76f12986c65] with host: NJ39494.ap-southeast-2.snowflakecomputing.com, account: NJ39494, accessUrl: https://NJ39494.ap-southeast-2.snowflakecomputing.com, user: ARMADHANIHIRO, role: ACCOUNTADMIN, database: ECHO_DB, schema: CORE, warehouse: ECHO_WH, proxy was not configured, password is not provided, region: ap-southeast-2, authenticator: PROGRAMMATIC_ACCESS_TOKEN, ocsp mode: FAIL_OPEN, os: win32, os version: 10.0.26200"}
{"level":"INFO","message":"[12:29:06.363 PM]: Connection[id: 4c071241-ed5f-42be-a656-a76f12986c65] additional details: passcode in password is provided, passcode is not provided, private key is not provided, application: ECHO, client name: snowflake-sdk, client version: 3.1.0, retry timeout: 300, private key path: undefined, private key pass is not provided, client store temporary credential: false, browser response timeout: 120000"}
{"level":"INFO","message":"[12:29:06.364 PM]: Connection[id: 4c071241-ed5f-42be-a656-a76f12986c65] - connection object created successfully."}
{"level":"INFO","message":"[12:29:06.365 PM]: Connection[id: 4c071241-ed5f-42be-a656-a76f12986c65] - async connecting. Associated Snowflake domain: GLOBAL"}
{"level":"INFO","message":"[12:29:06.365 PM]: Creating new connection object"}
{"level":"INFO","message":"[12:29:06.367 PM]: Creating Connection[id: e177a82b-70eb-408e-bcc4-f10aefa53e9f] with host: NJ39494.ap-southeast-2.snowflakecomputing.com, account: NJ39494, accessUrl: https://NJ39494.ap-southeast-2.snowflakecomputing.com, user: ARMADHANIHIRO, role: ACCOUNTADMIN, database: ECHO_DB, schema: CORE, warehouse: ECHO_WH, proxy was not configured, password is not provided, region: ap-southeast-2, authenticator: PROGRAMMATIC_ACCESS_TOKEN, ocsp mode: FAIL_OPEN, os: win32, os version: 10.0.26200"}
{"level":"INFO","message":"[12:29:06.367 PM]: Connection[id: e177a82b-70eb-408e-bcc4-f10aefa53e9f] additional details: passcode in password is provided, passcode is not provided, private key is not provided, application: ECHO, client name: snowflake-sdk, client version: 3.1.0, retry timeout: 300, private key path: undefined, private key pass is not provided, client store temporary credential: false, browser response timeout: 120000"}
{"level":"INFO","message":"[12:29:06.368 PM]: Connection[id: e177a82b-70eb-408e-bcc4-f10aefa53e9f] - connection object created successfully."}
{"level":"INFO","message":"[12:29:06.368 PM]: Connection[id: e177a82b-70eb-408e-bcc4-f10aefa53e9f] - async connecting. Associated Snowflake domain: GLOBAL"}
{"level":"INFO","message":"[12:29:06.369 PM]: Creating new connection object"}
{"level":"INFO","message":"[12:29:06.369 PM]: Creating Connection[id: 2f5b2bdd-b7ad-4838-bca0-7eb3f6fcb5b6] with host: NJ39494.ap-southeast-2.snowflakecomputing.com, account: NJ39494, accessUrl: https://NJ39494.ap-southeast-2.snowflakecomputing.com, user: ARMADHANIHIRO, role: ACCOUNTADMIN, database: ECHO_DB, schema: CORE, warehouse: ECHO_WH, proxy was not configured, password is not provided, region: ap-southeast-2, authenticator: PROGRAMMATIC_ACCESS_TOKEN, ocsp mode: FAIL_OPEN, os: win32, os version: 10.0.26200"}
{"level":"INFO","message":"[12:29:06.370 PM]: Connection[id: 2f5b2bdd-b7ad-4838-bca0-7eb3f6fcb5b6] additional details: passcode in password is provided, passcode is not provided, private key is not provided, application: ECHO, client name: snowflake-sdk, client version: 3.1.0, retry timeout: 300, private key path: undefined, private key pass is not provided, client store temporary credential: false, browser response timeout: 120000"}
{"level":"INFO","message":"[12:29:06.370 PM]: Connection[id: 2f5b2bdd-b7ad-4838-bca0-7eb3f6fcb5b6] - connection object created successfully."}
{"level":"INFO","message":"[12:29:06.370 PM]: Connection[id: 2f5b2bdd-b7ad-4838-bca0-7eb3f6fcb5b6] - async connecting. Associated Snowflake domain: GLOBAL"}
{"level":"INFO","message":"[12:29:06.371 PM]: Creating new connection object"}
{"level":"INFO","message":"[12:29:06.372 PM]: Creating Connection[id: 378a6f64-97db-4b96-92bb-7cb6e459e423] with host: NJ39494.ap-southeast-2.snowflakecomputing.com, account: NJ39494, accessUrl: https://NJ39494.ap-southeast-2.snowflakecomputing.com, user: ARMADHANIHIRO, role: ACCOUNTADMIN, database: ECHO_DB, schema: CORE, warehouse: ECHO_WH, proxy was not configured, password is not provided, region: ap-southeast-2, authenticator: PROGRAMMATIC_ACCESS_TOKEN, ocsp mode: FAIL_OPEN, os: win32, os version: 10.0.26200"}
{"level":"INFO","message":"[12:29:06.373 PM]: Connection[id: 378a6f64-97db-4b96-92bb-7cb6e459e423] additional details: passcode in password is provided, passcode is not provided, private key is not provided, application: ECHO, client name: snowflake-sdk, client version: 3.1.0, retry timeout: 300, private key path: undefined, private key pass is not provided, client store temporary credential: false, browser response timeout: 120000"}
{"level":"INFO","message":"[12:29:06.374 PM]: Connection[id: 378a6f64-97db-4b96-92bb-7cb6e459e423] - connection object created successfully."}
{"level":"INFO","message":"[12:29:06.375 PM]: Connection[id: 378a6f64-97db-4b96-92bb-7cb6e459e423] - async connecting. Associated Snowflake domain: GLOBAL"}
{"level":"INFO","message":"[12:29:06.375 PM]: Connection[id: 4c071241-ed5f-42be-a656-a76f12986c65] - authentication successful using: PROGRAMMATIC_ACCESS_TOKEN"}
{"level":"INFO","message":"[12:29:06.376 PM]: Connection[id: e177a82b-70eb-408e-bcc4-f10aefa53e9f] - authentication successful using: PROGRAMMATIC_ACCESS_TOKEN"}
{"level":"INFO","message":"[12:29:06.377 PM]: Connection[id: 2f5b2bdd-b7ad-4838-bca0-7eb3f6fcb5b6] - authentication successful using: PROGRAMMATIC_ACCESS_TOKEN"}
{"level":"INFO","message":"[12:29:06.377 PM]: Connection[id: 378a6f64-97db-4b96-92bb-7cb6e459e423] - authentication successful using: PROGRAMMATIC_ACCESS_TOKEN"}
{"level":"INFO","message":"[12:29:06.865 PM]: Connection[id: 378a6f64-97db-4b96-92bb-7cb6e459e423] - connection established successfully after 490.44 milliseconds"}
{"level":"INFO","message":"[12:29:06.903 PM]: Connection[id: 4c071241-ed5f-42be-a656-a76f12986c65] - connection established successfully after 538.03 milliseconds"}
{"level":"INFO","message":"[12:29:06.948 PM]: Connection[id: 2f5b2bdd-b7ad-4838-bca0-7eb3f6fcb5b6] - connection established successfully after 577.75 milliseconds"}
{"level":"INFO","message":"[12:29:07.064 PM]: Connection[id: e177a82b-70eb-408e-bcc4-f10aefa53e9f] - connection established successfully after 695.79 milliseconds"}
{"level":"INFO","message":"[12:29:17.347 PM]: Creating new connection object"}
{"level":"INFO","message":"[12:29:17.349 PM]: Creating Connection[id: 6560844a-7d28-442f-8aaf-06f31d8ed470] with host: NJ39494.ap-southeast-2.snowflakecomputing.com, account: NJ39494, accessUrl: https://NJ39494.ap-southeast-2.snowflakecomputing.com, user: ARMADHANIHIRO, role: ACCOUNTADMIN, database: ECHO_DB, schema: CORE, warehouse: ECHO_WH, proxy was not configured, password is not provided, region: ap-southeast-2, authenticator: PROGRAMMATIC_ACCESS_TOKEN, ocsp mode: FAIL_OPEN, os: win32, os version: 10.0.26200"}
{"level":"INFO","message":"[12:29:17.350 PM]: Connection[id: 6560844a-7d28-442f-8aaf-06f31d8ed470] additional details: passcode in password is provided, passcode is not provided, private key is not provided, application: ECHO, client name: snowflake-sdk, client version: 3.1.0, retry timeout: 300, private key path: undefined, private key pass is not provided, client store temporary credential: false, browser response timeout: 120000"}
{"level":"INFO","message":"[12:29:17.350 PM]: Connection[id: 6560844a-7d28-442f-8aaf-06f31d8ed470] - connection object created successfully."}
{"level":"INFO","message":"[12:29:17.350 PM]: Connection[id: 6560844a-7d28-442f-8aaf-06f31d8ed470] - async connecting. Associated Snowflake domain: GLOBAL"}
{"level":"INFO","message":"[12:29:17.351 PM]: Creating new connection object"}
{"level":"INFO","message":"[12:29:17.352 PM]: Creating Connection[id: 373307aa-b57d-4036-90ad-18f0bf0a3354] with host: NJ39494.ap-southeast-2.snowflakecomputing.com, account: NJ39494, accessUrl: https://NJ39494.ap-southeast-2.snowflakecomputing.com, user: ARMADHANIHIRO, role: ACCOUNTADMIN, database: ECHO_DB, schema: CORE, warehouse: ECHO_WH, proxy was not configured, password is not provided, region: ap-southeast-2, authenticator: PROGRAMMATIC_ACCESS_TOKEN, ocsp mode: FAIL_OPEN, os: win32, os version: 10.0.26200"}
{"level":"INFO","message":"[12:29:17.352 PM]: Connection[id: 373307aa-b57d-4036-90ad-18f0bf0a3354] additional details: passcode in password is provided, passcode is not provided, private key is not provided, application: ECHO, client name: snowflake-sdk, client version: 3.1.0, retry timeout: 300, private key path: undefined, private key pass is not provided, client store temporary credential: false, browser response timeout: 120000"}
{"level":"INFO","message":"[12:29:17.353 PM]: Connection[id: 373307aa-b57d-4036-90ad-18f0bf0a3354] - connection object created successfully."}
{"level":"INFO","message":"[12:29:17.353 PM]: Connection[id: 373307aa-b57d-4036-90ad-18f0bf0a3354] - async connecting. Associated Snowflake domain: GLOBAL"}
{"level":"INFO","message":"[12:29:17.354 PM]: Creating new connection object"}
{"level":"INFO","message":"[12:29:17.355 PM]: Creating Connection[id: ba6c045e-e76e-4cbe-bae9-7bfc185acdf0] with host: NJ39494.ap-southeast-2.snowflakecomputing.com, account: NJ39494, accessUrl: https://NJ39494.ap-southeast-2.snowflakecomputing.com, user: ARMADHANIHIRO, role: ACCOUNTADMIN, database: ECHO_DB, schema: CORE, warehouse: ECHO_WH, proxy was not configured, password is not provided, region: ap-southeast-2, authenticator: PROGRAMMATIC_ACCESS_TOKEN, ocsp mode: FAIL_OPEN, os: win32, os version: 10.0.26200"}
{"level":"INFO","message":"[12:29:17.355 PM]: Connection[id: ba6c045e-e76e-4cbe-bae9-7bfc185acdf0] additional details: passcode in password is provided, passcode is not provided, private key is not provided, application: ECHO, client name: snowflake-sdk, client version: 3.1.0, retry timeout: 300, private key path: undefined, private key pass is not provided, client store temporary credential: false, browser response timeout: 120000"}
{"level":"INFO","message":"[12:29:17.356 PM]: Connection[id: ba6c045e-e76e-4cbe-bae9-7bfc185acdf0] - connection object created successfully."}
{"level":"INFO","message":"[12:29:17.356 PM]: Connection[id: ba6c045e-e76e-4cbe-bae9-7bfc185acdf0] - async connecting. Associated Snowflake domain: GLOBAL"}
{"level":"INFO","message":"[12:29:17.356 PM]: Creating new connection object"}
{"level":"INFO","message":"[12:29:17.358 PM]: Creating Connection[id: df96f2b7-50f1-42bd-b2cd-e3eab6187907] with host: NJ39494.ap-southeast-2.snowflakecomputing.com, account: NJ39494, accessUrl: https://NJ39494.ap-southeast-2.snowflakecomputing.com, user: ARMADHANIHIRO, role: ACCOUNTADMIN, database: ECHO_DB, schema: CORE, warehouse: ECHO_WH, proxy was not configured, password is not provided, region: ap-southeast-2, authenticator: PROGRAMMATIC_ACCESS_TOKEN, ocsp mode: FAIL_OPEN, os: win32, os version: 10.0.26200"}
{"level":"INFO","message":"[12:29:17.358 PM]: Connection[id: df96f2b7-50f1-42bd-b2cd-e3eab6187907] additional details: passcode in password is provided, passcode is not provided, private key is not provided, application: ECHO, client name: snowflake-sdk, client version: 3.1.0, retry timeout: 300, private key path: undefined, private key pass is not provided, client store temporary credential: false, browser response timeout: 120000"}
{"level":"INFO","message":"[12:29:17.359 PM]: Connection[id: df96f2b7-50f1-42bd-b2cd-e3eab6187907] - connection object created successfully."}
{"level":"INFO","message":"[12:29:17.361 PM]: Connection[id: df96f2b7-50f1-42bd-b2cd-e3eab6187907] - async connecting. Associated Snowflake domain: GLOBAL"}
{"level":"INFO","message":"[12:29:17.361 PM]: Connection[id: 6560844a-7d28-442f-8aaf-06f31d8ed470] - authentication successful using: PROGRAMMATIC_ACCESS_TOKEN"}
{"level":"INFO","message":"[12:29:17.362 PM]: Connection[id: 373307aa-b57d-4036-90ad-18f0bf0a3354] - authentication successful using: PROGRAMMATIC_ACCESS_TOKEN"}
{"level":"INFO","message":"[12:29:17.363 PM]: Connection[id: ba6c045e-e76e-4cbe-bae9-7bfc185acdf0] - authentication successful using: PROGRAMMATIC_ACCESS_TOKEN"}
{"level":"INFO","message":"[12:29:17.363 PM]: Connection[id: df96f2b7-50f1-42bd-b2cd-e3eab6187907] - authentication successful using: PROGRAMMATIC_ACCESS_TOKEN"}
{"level":"INFO","message":"[12:29:17.870 PM]: Connection[id: df96f2b7-50f1-42bd-b2cd-e3eab6187907] - connection established successfully after 509.09 milliseconds"}
{"level":"INFO","message":"[12:29:18.025 PM]: Connection[id: 373307aa-b57d-4036-90ad-18f0bf0a3354] - connection established successfully after 671.78 milliseconds"}
{"level":"INFO","message":"[12:29:18.039 PM]: Connection[id: 6560844a-7d28-442f-8aaf-06f31d8ed470] - connection established successfully after 688.46 milliseconds"}
{"level":"INFO","message":"[12:29:18.077 PM]: Connection[id: ba6c045e-e76e-4cbe-bae9-7bfc185acdf0] - connection established successfully after 720.62 milliseconds"}
{"level":"INFO","message":"[12:29:23.666 PM]: Creating new connection object"}
{"level":"INFO","message":"[12:29:23.668 PM]: Creating Connection[id: 0bc89217-2a99-4caa-996f-f3fac225f8f4] with host: NJ39494.ap-southeast-2.snowflakecomputing.com, account: NJ39494, accessUrl: https://NJ39494.ap-southeast-2.snowflakecomputing.com, user: ARMADHANIHIRO, role: ACCOUNTADMIN, database: ECHO_DB, schema: CORE, warehouse: ECHO_WH, proxy was not configured, password is not provided, region: ap-southeast-2, authenticator: PROGRAMMATIC_ACCESS_TOKEN, ocsp mode: FAIL_OPEN, os: win32, os version: 10.0.26200"}
{"level":"INFO","message":"[12:29:23.668 PM]: Connection[id: 0bc89217-2a99-4caa-996f-f3fac225f8f4] additional details: passcode in password is provided, passcode is not provided, private key is not provided, application: ECHO, client name: snowflake-sdk, client version: 3.1.0, retry timeout: 300, private key path: undefined, private key pass is not provided, client store temporary credential: false, browser response timeout: 120000"}
{"level":"INFO","message":"[12:29:23.669 PM]: Connection[id: 0bc89217-2a99-4caa-996f-f3fac225f8f4] - connection object created successfully."}
{"level":"INFO","message":"[12:29:23.669 PM]: Connection[id: 0bc89217-2a99-4caa-996f-f3fac225f8f4] - async connecting. Associated Snowflake domain: GLOBAL"}
{"level":"INFO","message":"[12:29:23.669 PM]: Creating new connection object"}
{"level":"INFO","message":"[12:29:23.670 PM]: Creating Connection[id: e62f2496-c61e-423b-8410-943825c4e3fe] with host: NJ39494.ap-southeast-2.snowflakecomputing.com, account: NJ39494, accessUrl: https://NJ39494.ap-southeast-2.snowflakecomputing.com, user: ARMADHANIHIRO, role: ACCOUNTADMIN, database: ECHO_DB, schema: CORE, warehouse: ECHO_WH, proxy was not configured, password is not provided, region: ap-southeast-2, authenticator: PROGRAMMATIC_ACCESS_TOKEN, ocsp mode: FAIL_OPEN, os: win32, os version: 10.0.26200"}
{"level":"INFO","message":"[12:29:23.671 PM]: Connection[id: e62f2496-c61e-423b-8410-943825c4e3fe] additional details: passcode in password is provided, passcode is not provided, private key is not provided, application: ECHO, client name: snowflake-sdk, client version: 3.1.0, retry timeout: 300, private key path: undefined, private key pass is not provided, client store temporary credential: false, browser response timeout: 120000"}
{"level":"INFO","message":"[12:29:23.672 PM]: Connection[id: e62f2496-c61e-423b-8410-943825c4e3fe] - connection object created successfully."}
{"level":"INFO","message":"[12:29:23.672 PM]: Connection[id: e62f2496-c61e-423b-8410-943825c4e3fe] - async connecting. Associated Snowflake domain: GLOBAL"}
{"level":"INFO","message":"[12:29:23.673 PM]: Creating new connection object"}
{"level":"INFO","message":"[12:29:23.674 PM]: Creating Connection[id: 3176e841-3e7a-4b3a-8a52-ac7c8f0171b7] with host: NJ39494.ap-southeast-2.snowflakecomputing.com, account: NJ39494, accessUrl: https://NJ39494.ap-southeast-2.snowflakecomputing.com, user: ARMADHANIHIRO, role: ACCOUNTADMIN, database: ECHO_DB, schema: CORE, warehouse: ECHO_WH, proxy was not configured, password is not provided, region: ap-southeast-2, authenticator: PROGRAMMATIC_ACCESS_TOKEN, ocsp mode: FAIL_OPEN, os: win32, os version: 10.0.26200"}
{"level":"INFO","message":"[12:29:23.675 PM]: Connection[id: 3176e841-3e7a-4b3a-8a52-ac7c8f0171b7] additional details: passcode in password is provided, passcode is not provided, private key is not provided, application: ECHO, client name: snowflake-sdk, client version: 3.1.0, retry timeout: 300, private key path: undefined, private key pass is not provided, client store temporary credential: false, browser response timeout: 120000"}
{"level":"INFO","message":"[12:29:23.675 PM]: Connection[id: 3176e841-3e7a-4b3a-8a52-ac7c8f0171b7] - connection object created successfully."}
{"level":"INFO","message":"[12:29:23.675 PM]: Connection[id: 3176e841-3e7a-4b3a-8a52-ac7c8f0171b7] - async connecting. Associated Snowflake domain: GLOBAL"}
{"level":"INFO","message":"[12:29:23.676 PM]: Creating new connection object"}
{"level":"INFO","message":"[12:29:23.676 PM]: Creating Connection[id: 4ec15670-064e-45f6-9b94-f1976e059ee6] with host: NJ39494.ap-southeast-2.snowflakecomputing.com, account: NJ39494, accessUrl: https://NJ39494.ap-southeast-2.snowflakecomputing.com, user: ARMADHANIHIRO, role: ACCOUNTADMIN, database: ECHO_DB, schema: CORE, warehouse: ECHO_WH, proxy was not configured, password is not provided, region: ap-southeast-2, authenticator: PROGRAMMATIC_ACCESS_TOKEN, ocsp mode: FAIL_OPEN, os: win32, os version: 10.0.26200"}
{"level":"INFO","message":"[12:29:23.676 PM]: Connection[id: 4ec15670-064e-45f6-9b94-f1976e059ee6] additional details: passcode in password is provided, passcode is not provided, private key is not provided, application: ECHO, client name: snowflake-sdk, client version: 3.1.0, retry timeout: 300, private key path: undefined, private key pass is not provided, client store temporary credential: false, browser response timeout: 120000"}
{"level":"INFO","message":"[12:29:23.677 PM]: Connection[id: 4ec15670-064e-45f6-9b94-f1976e059ee6] - connection object created successfully."}
{"level":"INFO","message":"[12:29:23.677 PM]: Connection[id: 4ec15670-064e-45f6-9b94-f1976e059ee6] - async connecting. Associated Snowflake domain: GLOBAL"}
{"level":"INFO","message":"[12:29:23.678 PM]: Connection[id: 0bc89217-2a99-4caa-996f-f3fac225f8f4] - authentication successful using: PROGRAMMATIC_ACCESS_TOKEN"}
{"level":"INFO","message":"[12:29:23.678 PM]: Connection[id: e62f2496-c61e-423b-8410-943825c4e3fe] - authentication successful using: PROGRAMMATIC_ACCESS_TOKEN"}
{"level":"INFO","message":"[12:29:23.678 PM]: Connection[id: 3176e841-3e7a-4b3a-8a52-ac7c8f0171b7] - authentication successful using: PROGRAMMATIC_ACCESS_TOKEN"}
{"level":"INFO","message":"[12:29:23.678 PM]: Connection[id: 4ec15670-064e-45f6-9b94-f1976e059ee6] - authentication successful using: PROGRAMMATIC_ACCESS_TOKEN"}
{"level":"INFO","message":"[12:29:24.116 PM]: Connection[id: 3176e841-3e7a-4b3a-8a52-ac7c8f0171b7] - connection established successfully after 440.76 milliseconds"}
{"level":"INFO","message":"[12:29:24.176 PM]: Connection[id: 4ec15670-064e-45f6-9b94-f1976e059ee6] - connection established successfully after 499 milliseconds"}
{"level":"INFO","message":"[12:29:24.232 PM]: Connection[id: 0bc89217-2a99-4caa-996f-f3fac225f8f4] - connection established successfully after 563.4 milliseconds"}
{"level":"INFO","message":"[12:29:24.396 PM]: Connection[id: e62f2496-c61e-423b-8410-943825c4e3fe] - connection established successfully after 724.11 milliseconds"}
{"level":"INFO","message":"[12:29:32.103 PM]: Creating new connection object"}
{"level":"INFO","message":"[12:29:32.105 PM]: Creating Connection[id: 3aca2da0-33d8-40f3-9636-c4c7619d3238] with host: NJ39494.ap-southeast-2.snowflakecomputing.com, account: NJ39494, accessUrl: https://NJ39494.ap-southeast-2.snowflakecomputing.com, user: ARMADHANIHIRO, role: ACCOUNTADMIN, database: ECHO_DB, schema: CORE, warehouse: ECHO_WH, proxy was not configured, password is not provided, region: ap-southeast-2, authenticator: PROGRAMMATIC_ACCESS_TOKEN, ocsp mode: FAIL_OPEN, os: win32, os version: 10.0.26200"}
{"level":"INFO","message":"[12:29:32.106 PM]: Connection[id: 3aca2da0-33d8-40f3-9636-c4c7619d3238] additional details: passcode in password is provided, passcode is not provided, private key is not provided, application: ECHO, client name: snowflake-sdk, client version: 3.1.0, retry timeout: 300, private key path: undefined, private key pass is not provided, client store temporary credential: false, browser response timeout: 120000"}
{"level":"INFO","message":"[12:29:32.107 PM]: Connection[id: 3aca2da0-33d8-40f3-9636-c4c7619d3238] - connection object created successfully."}
{"level":"INFO","message":"[12:29:32.107 PM]: Connection[id: 3aca2da0-33d8-40f3-9636-c4c7619d3238] - async connecting. Associated Snowflake domain: GLOBAL"}
{"level":"INFO","message":"[12:29:32.108 PM]: Creating new connection object"}
{"level":"INFO","message":"[12:29:32.109 PM]: Creating Connection[id: c7620399-10bf-4df6-afe6-478d9a1ee8dc] with host: NJ39494.ap-southeast-2.snowflakecomputing.com, account: NJ39494, accessUrl: https://NJ39494.ap-southeast-2.snowflakecomputing.com, user: ARMADHANIHIRO, role: ACCOUNTADMIN, database: ECHO_DB, schema: CORE, warehouse: ECHO_WH, proxy was not configured, password is not provided, region: ap-southeast-2, authenticator: PROGRAMMATIC_ACCESS_TOKEN, ocsp mode: FAIL_OPEN, os: win32, os version: 10.0.26200"}
{"level":"INFO","message":"[12:29:32.110 PM]: Connection[id: c7620399-10bf-4df6-afe6-478d9a1ee8dc] additional details: passcode in password is provided, passcode is not provided, private key is not provided, application: ECHO, client name: snowflake-sdk, client version: 3.1.0, retry timeout: 300, private key path: undefined, private key pass is not provided, client store temporary credential: false, browser response timeout: 120000"}
{"level":"INFO","message":"[12:29:32.111 PM]: Connection[id: c7620399-10bf-4df6-afe6-478d9a1ee8dc] - connection object created successfully."}
{"level":"INFO","message":"[12:29:32.112 PM]: Connection[id: c7620399-10bf-4df6-afe6-478d9a1ee8dc] - async connecting. Associated Snowflake domain: GLOBAL"}
{"level":"INFO","message":"[12:29:32.113 PM]: Creating new connection object"}
{"level":"INFO","message":"[12:29:32.114 PM]: Creating Connection[id: 35b784c6-47d3-419b-b76a-35e10ea4c10e] with host: NJ39494.ap-southeast-2.snowflakecomputing.com, account: NJ39494, accessUrl: https://NJ39494.ap-southeast-2.snowflakecomputing.com, user: ARMADHANIHIRO, role: ACCOUNTADMIN, database: ECHO_DB, schema: CORE, warehouse: ECHO_WH, proxy was not configured, password is not provided, region: ap-southeast-2, authenticator: PROGRAMMATIC_ACCESS_TOKEN, ocsp mode: FAIL_OPEN, os: win32, os version: 10.0.26200"}
{"level":"INFO","message":"[12:29:32.114 PM]: Connection[id: 35b784c6-47d3-419b-b76a-35e10ea4c10e] additional details: passcode in password is provided, passcode is not provided, private key is not provided, application: ECHO, client name: snowflake-sdk, client version: 3.1.0, retry timeout: 300, private key path: undefined, private key pass is not provided, client store temporary credential: false, browser response timeout: 120000"}
{"level":"INFO","message":"[12:29:32.115 PM]: Connection[id: 35b784c6-47d3-419b-b76a-35e10ea4c10e] - connection object created successfully."}
{"level":"INFO","message":"[12:29:32.116 PM]: Connection[id: 35b784c6-47d3-419b-b76a-35e10ea4c10e] - async connecting. Associated Snowflake domain: GLOBAL"}
{"level":"INFO","message":"[12:29:32.117 PM]: Creating new connection object"}
{"level":"INFO","message":"[12:29:32.118 PM]: Creating Connection[id: e9214213-d909-4543-afd7-34cb5cde6cff] with host: NJ39494.ap-southeast-2.snowflakecomputing.com, account: NJ39494, accessUrl: https://NJ39494.ap-southeast-2.snowflakecomputing.com, user: ARMADHANIHIRO, role: ACCOUNTADMIN, database: ECHO_DB, schema: CORE, warehouse: ECHO_WH, proxy was not configured, password is not provided, region: ap-southeast-2, authenticator: PROGRAMMATIC_ACCESS_TOKEN, ocsp mode: FAIL_OPEN, os: win32, os version: 10.0.26200"}
{"level":"INFO","message":"[12:29:32.119 PM]: Connection[id: e9214213-d909-4543-afd7-34cb5cde6cff] additional details: passcode in password is provided, passcode is not provided, private key is not provided, application: ECHO, client name: snowflake-sdk, client version: 3.1.0, retry timeout: 300, private key path: undefined, private key pass is not provided, client store temporary credential: false, browser response timeout: 120000"}
{"level":"INFO","message":"[12:29:32.120 PM]: Connection[id: e9214213-d909-4543-afd7-34cb5cde6cff] - connection object created successfully."}
{"level":"INFO","message":"[12:29:32.122 PM]: Connection[id: e9214213-d909-4543-afd7-34cb5cde6cff] - async connecting. Associated Snowflake domain: GLOBAL"}
{"level":"INFO","message":"[12:29:32.123 PM]: Connection[id: 3aca2da0-33d8-40f3-9636-c4c7619d3238] - authentication successful using: PROGRAMMATIC_ACCESS_TOKEN"}
{"level":"INFO","message":"[12:29:32.123 PM]: Connection[id: c7620399-10bf-4df6-afe6-478d9a1ee8dc] - authentication successful using: PROGRAMMATIC_ACCESS_TOKEN"}
{"level":"INFO","message":"[12:29:32.124 PM]: Connection[id: 35b784c6-47d3-419b-b76a-35e10ea4c10e] - authentication successful using: PROGRAMMATIC_ACCESS_TOKEN"}
{"level":"INFO","message":"[12:29:32.124 PM]: Connection[id: e9214213-d909-4543-afd7-34cb5cde6cff] - authentication successful using: PROGRAMMATIC_ACCESS_TOKEN"}
{"level":"INFO","message":"[12:29:32.573 PM]: Connection[id: 3aca2da0-33d8-40f3-9636-c4c7619d3238] - connection established successfully after 465.59 milliseconds"}
{"level":"INFO","message":"[12:29:32.655 PM]: Connection[id: e9214213-d909-4543-afd7-34cb5cde6cff] - connection established successfully after 533.11 milliseconds"}
{"level":"INFO","message":"[12:29:32.700 PM]: Connection[id: 35b784c6-47d3-419b-b76a-35e10ea4c10e] - connection established successfully after 583.76 milliseconds"}
{"level":"INFO","message":"[12:29:32.777 PM]: Connection[id: c7620399-10bf-4df6-afe6-478d9a1ee8dc] - connection established successfully after 665.13 milliseconds"}
{"level":"INFO","message":"[12:50:57.334 PM]: Creating new connection object"}
{"level":"INFO","message":"[12:50:57.342 PM]: Creating Connection[id: 6b845c63-e386-48b4-9866-b2d06e74a3d8] with host: NJ39494.ap-southeast-2.snowflakecomputing.com, account: NJ39494, accessUrl: https://NJ39494.ap-southeast-2.snowflakecomputing.com, user: ARMADHANIHIRO, role: ACCOUNTADMIN, database: ECHO_DB, schema: CORE, warehouse: ECHO_WH, proxy was not configured, password is not provided, region: ap-southeast-2, authenticator: PROGRAMMATIC_ACCESS_TOKEN, ocsp mode: FAIL_OPEN, os: win32, os version: 10.0.26200"}
{"level":"INFO","message":"[12:50:57.344 PM]: Connection[id: 6b845c63-e386-48b4-9866-b2d06e74a3d8] additional details: passcode in password is provided, passcode is not provided, private key is not provided, application: ECHO, client name: snowflake-sdk, client version: 3.1.0, retry timeout: 300, private key path: undefined, private key pass is not provided, client store temporary credential: false, browser response timeout: 120000"}
{"level":"INFO","message":"[12:50:57.345 PM]: Connection[id: 6b845c63-e386-48b4-9866-b2d06e74a3d8] - connection object created successfully."}
{"level":"INFO","message":"[12:50:57.346 PM]: Connection[id: 6b845c63-e386-48b4-9866-b2d06e74a3d8] - async connecting. Associated Snowflake domain: GLOBAL"}
{"level":"INFO","message":"[12:50:57.347 PM]: Trying to initialize Easy Logging"}
{"level":"INFO","message":"[12:50:57.369 PM]: No client config detected."}
{"level":"INFO","message":"[12:50:57.370 PM]: No config file path found. Client config will not be used."}
{"level":"INFO","message":"[12:50:57.371 PM]: Easy Logging is disabled as no config has been found"}
{"level":"INFO","message":"[12:50:57.371 PM]: Connection[id: 6b845c63-e386-48b4-9866-b2d06e74a3d8] - authentication successful using: PROGRAMMATIC_ACCESS_TOKEN"}
{"level":"INFO","message":"[12:50:59.863 PM]: Connection[id: 6b845c63-e386-48b4-9866-b2d06e74a3d8] - connection established successfully after 2516.92 milliseconds"}
{"level":"INFO","message":"[12:51:01.975 PM]: Creating new connection object"}
{"level":"INFO","message":"[12:51:01.976 PM]: Creating Connection[id: b1d8f151-c947-40ca-a174-115caf22967d] with host: NJ39494.ap-southeast-2.snowflakecomputing.com, account: NJ39494, accessUrl: https://NJ39494.ap-southeast-2.snowflakecomputing.com, user: ARMADHANIHIRO, role: ACCOUNTADMIN, database: ECHO_DB, schema: CORE, warehouse: ECHO_WH, proxy was not configured, password is not provided, region: ap-southeast-2, authenticator: PROGRAMMATIC_ACCESS_TOKEN, ocsp mode: FAIL_OPEN, os: win32, os version: 10.0.26200"}
{"level":"INFO","message":"[12:51:01.976 PM]: Connection[id: b1d8f151-c947-40ca-a174-115caf22967d] additional details: passcode in password is provided, passcode is not provided, private key is not provided, application: ECHO, client name: snowflake-sdk, client version: 3.1.0, retry timeout: 300, private key path: undefined, private key pass is not provided, client store temporary credential: false, browser response timeout: 120000"}
{"level":"INFO","message":"[12:51:01.977 PM]: Connection[id: b1d8f151-c947-40ca-a174-115caf22967d] - connection object created successfully."}
{"level":"INFO","message":"[12:51:01.977 PM]: Connection[id: b1d8f151-c947-40ca-a174-115caf22967d] - async connecting. Associated Snowflake domain: GLOBAL"}
{"level":"INFO","message":"[12:51:01.977 PM]: Creating new connection object"}
{"level":"INFO","message":"[12:51:01.978 PM]: Creating Connection[id: 7c710a5c-41e5-455d-ac0e-bb1be1228386] with host: NJ39494.ap-southeast-2.snowflakecomputing.com, account: NJ39494, accessUrl: https://NJ39494.ap-southeast-2.snowflakecomputing.com, user: ARMADHANIHIRO, role: ACCOUNTADMIN, database: ECHO_DB, schema: CORE, warehouse: ECHO_WH, proxy was not configured, password is not provided, region: ap-southeast-2, authenticator: PROGRAMMATIC_ACCESS_TOKEN, ocsp mode: FAIL_OPEN, os: win32, os version: 10.0.26200"}
{"level":"INFO","message":"[12:51:01.979 PM]: Connection[id: 7c710a5c-41e5-455d-ac0e-bb1be1228386] additional details: passcode in password is provided, passcode is not provided, private key is not provided, application: ECHO, client name: snowflake-sdk, client version: 3.1.0, retry timeout: 300, private key path: undefined, private key pass is not provided, client store temporary credential: false, browser response timeout: 120000"}
{"level":"INFO","message":"[12:51:01.980 PM]: Connection[id: 7c710a5c-41e5-455d-ac0e-bb1be1228386] - connection object created successfully."}
{"level":"INFO","message":"[12:51:01.980 PM]: Connection[id: 7c710a5c-41e5-455d-ac0e-bb1be1228386] - async connecting. Associated Snowflake domain: GLOBAL"}
{"level":"INFO","message":"[12:51:01.980 PM]: Creating new connection object"}
{"level":"INFO","message":"[12:51:01.981 PM]: Creating Connection[id: 1cbfadb1-c0a7-437d-ae64-44b1892aa188] with host: NJ39494.ap-southeast-2.snowflakecomputing.com, account: NJ39494, accessUrl: https://NJ39494.ap-southeast-2.snowflakecomputing.com, user: ARMADHANIHIRO, role: ACCOUNTADMIN, database: ECHO_DB, schema: CORE, warehouse: ECHO_WH, proxy was not configured, password is not provided, region: ap-southeast-2, authenticator: PROGRAMMATIC_ACCESS_TOKEN, ocsp mode: FAIL_OPEN, os: win32, os version: 10.0.26200"}
{"level":"INFO","message":"[12:51:01.982 PM]: Connection[id: 1cbfadb1-c0a7-437d-ae64-44b1892aa188] additional details: passcode in password is provided, passcode is not provided, private key is not provided, application: ECHO, client name: snowflake-sdk, client version: 3.1.0, retry timeout: 300, private key path: undefined, private key pass is not provided, client store temporary credential: false, browser response timeout: 120000"}
{"level":"INFO","message":"[12:51:01.982 PM]: Connection[id: 1cbfadb1-c0a7-437d-ae64-44b1892aa188] - connection object created successfully."}
{"level":"INFO","message":"[12:51:01.983 PM]: Connection[id: 1cbfadb1-c0a7-437d-ae64-44b1892aa188] - async connecting. Associated Snowflake domain: GLOBAL"}
{"level":"INFO","message":"[12:51:01.983 PM]: Creating new connection object"}
{"level":"INFO","message":"[12:51:01.985 PM]: Creating Connection[id: edbbd377-0ad7-4083-b200-906eef870fa7] with host: NJ39494.ap-southeast-2.snowflakecomputing.com, account: NJ39494, accessUrl: https://NJ39494.ap-southeast-2.snowflakecomputing.com, user: ARMADHANIHIRO, role: ACCOUNTADMIN, database: ECHO_DB, schema: CORE, warehouse: ECHO_WH, proxy was not configured, password is not provided, region: ap-southeast-2, authenticator: PROGRAMMATIC_ACCESS_TOKEN, ocsp mode: FAIL_OPEN, os: win32, os version: 10.0.26200"}
{"level":"INFO","message":"[12:51:01.986 PM]: Connection[id: edbbd377-0ad7-4083-b200-906eef870fa7] additional details: passcode in password is provided, passcode is not provided, private key is not provided, application: ECHO, client name: snowflake-sdk, client version: 3.1.0, retry timeout: 300, private key path: undefined, private key pass is not provided, client store temporary credential: false, browser response timeout: 120000"}
{"level":"INFO","message":"[12:51:01.986 PM]: Connection[id: edbbd377-0ad7-4083-b200-906eef870fa7] - connection object created successfully."}
{"level":"INFO","message":"[12:51:01.987 PM]: Connection[id: edbbd377-0ad7-4083-b200-906eef870fa7] - async connecting. Associated Snowflake domain: GLOBAL"}
{"level":"INFO","message":"[12:51:01.987 PM]: Connection[id: b1d8f151-c947-40ca-a174-115caf22967d] - authentication successful using: PROGRAMMATIC_ACCESS_TOKEN"}
{"level":"INFO","message":"[12:51:01.988 PM]: Connection[id: 7c710a5c-41e5-455d-ac0e-bb1be1228386] - authentication successful using: PROGRAMMATIC_ACCESS_TOKEN"}
{"level":"INFO","message":"[12:51:01.988 PM]: Connection[id: 1cbfadb1-c0a7-437d-ae64-44b1892aa188] - authentication successful using: PROGRAMMATIC_ACCESS_TOKEN"}
{"level":"INFO","message":"[12:51:01.989 PM]: Connection[id: edbbd377-0ad7-4083-b200-906eef870fa7] - authentication successful using: PROGRAMMATIC_ACCESS_TOKEN"}
{"level":"INFO","message":"[12:51:02.429 PM]: Connection[id: edbbd377-0ad7-4083-b200-906eef870fa7] - connection established successfully after 442.42 milliseconds"}
{"level":"INFO","message":"[12:51:02.486 PM]: Connection[id: b1d8f151-c947-40ca-a174-115caf22967d] - connection established successfully after 508.8 milliseconds"}
{"level":"INFO","message":"[12:51:02.506 PM]: Connection[id: 7c710a5c-41e5-455d-ac0e-bb1be1228386] - connection established successfully after 525.8 milliseconds"}
{"level":"INFO","message":"[12:51:02.592 PM]: Connection[id: 1cbfadb1-c0a7-437d-ae64-44b1892aa188] - connection established successfully after 608.89 milliseconds"}
{"level":"INFO","message":"[12:51:13.845 PM]: Creating new connection object"}
{"level":"INFO","message":"[12:51:13.847 PM]: Creating Connection[id: 91ffe182-78d9-4fe7-854f-34addab61ec5] with host: NJ39494.ap-southeast-2.snowflakecomputing.com, account: NJ39494, accessUrl: https://NJ39494.ap-southeast-2.snowflakecomputing.com, user: ARMADHANIHIRO, role: ACCOUNTADMIN, database: ECHO_DB, schema: CORE, warehouse: ECHO_WH, proxy was not configured, password is not provided, region: ap-southeast-2, authenticator: PROGRAMMATIC_ACCESS_TOKEN, ocsp mode: FAIL_OPEN, os: win32, os version: 10.0.26200"}
{"level":"INFO","message":"[12:51:13.848 PM]: Connection[id: 91ffe182-78d9-4fe7-854f-34addab61ec5] additional details: passcode in password is provided, passcode is not provided, private key is not provided, application: ECHO, client name: snowflake-sdk, client version: 3.1.0, retry timeout: 300, private key path: undefined, private key pass is not provided, client store temporary credential: false, browser response timeout: 120000"}
{"level":"INFO","message":"[12:51:13.848 PM]: Connection[id: 91ffe182-78d9-4fe7-854f-34addab61ec5] - connection object created successfully."}
{"level":"INFO","message":"[12:51:13.849 PM]: Connection[id: 91ffe182-78d9-4fe7-854f-34addab61ec5] - async connecting. Associated Snowflake domain: GLOBAL"}
{"level":"INFO","message":"[12:51:13.849 PM]: Creating new connection object"}
{"level":"INFO","message":"[12:51:13.850 PM]: Creating Connection[id: dcebae1b-66e1-41ce-b5c8-74de68341204] with host: NJ39494.ap-southeast-2.snowflakecomputing.com, account: NJ39494, accessUrl: https://NJ39494.ap-southeast-2.snowflakecomputing.com, user: ARMADHANIHIRO, role: ACCOUNTADMIN, database: ECHO_DB, schema: CORE, warehouse: ECHO_WH, proxy was not configured, password is not provided, region: ap-southeast-2, authenticator: PROGRAMMATIC_ACCESS_TOKEN, ocsp mode: FAIL_OPEN, os: win32, os version: 10.0.26200"}
{"level":"INFO","message":"[12:51:13.851 PM]: Connection[id: dcebae1b-66e1-41ce-b5c8-74de68341204] additional details: passcode in password is provided, passcode is not provided, private key is not provided, application: ECHO, client name: snowflake-sdk, client version: 3.1.0, retry timeout: 300, private key path: undefined, private key pass is not provided, client store temporary credential: false, browser response timeout: 120000"}
{"level":"INFO","message":"[12:51:13.851 PM]: Connection[id: dcebae1b-66e1-41ce-b5c8-74de68341204] - connection object created successfully."}
{"level":"INFO","message":"[12:51:13.851 PM]: Connection[id: dcebae1b-66e1-41ce-b5c8-74de68341204] - async connecting. Associated Snowflake domain: GLOBAL"}
{"level":"INFO","message":"[12:51:13.852 PM]: Creating new connection object"}
{"level":"INFO","message":"[12:51:13.852 PM]: Creating Connection[id: b7e6cdbf-0488-4000-9321-3de2bfbda3d0] with host: NJ39494.ap-southeast-2.snowflakecomputing.com, account: NJ39494, accessUrl: https://NJ39494.ap-southeast-2.snowflakecomputing.com, user: ARMADHANIHIRO, role: ACCOUNTADMIN, database: ECHO_DB, schema: CORE, warehouse: ECHO_WH, proxy was not configured, password is not provided, region: ap-southeast-2, authenticator: PROGRAMMATIC_ACCESS_TOKEN, ocsp mode: FAIL_OPEN, os: win32, os version: 10.0.26200"}
{"level":"INFO","message":"[12:51:13.852 PM]: Connection[id: b7e6cdbf-0488-4000-9321-3de2bfbda3d0] additional details: passcode in password is provided, passcode is not provided, private key is not provided, application: ECHO, client name: snowflake-sdk, client version: 3.1.0, retry timeout: 300, private key path: undefined, private key pass is not provided, client store temporary credential: false, browser response timeout: 120000"}
{"level":"INFO","message":"[12:51:13.852 PM]: Connection[id: b7e6cdbf-0488-4000-9321-3de2bfbda3d0] - connection object created successfully."}
{"level":"INFO","message":"[12:51:13.852 PM]: Connection[id: b7e6cdbf-0488-4000-9321-3de2bfbda3d0] - async connecting. Associated Snowflake domain: GLOBAL"}
{"level":"INFO","message":"[12:51:13.853 PM]: Creating new connection object"}
{"level":"INFO","message":"[12:51:13.853 PM]: Creating Connection[id: 39dbc19b-cd57-41e7-be6f-9208dc266f50] with host: NJ39494.ap-southeast-2.snowflakecomputing.com, account: NJ39494, accessUrl: https://NJ39494.ap-southeast-2.snowflakecomputing.com, user: ARMADHANIHIRO, role: ACCOUNTADMIN, database: ECHO_DB, schema: CORE, warehouse: ECHO_WH, proxy was not configured, password is not provided, region: ap-southeast-2, authenticator: PROGRAMMATIC_ACCESS_TOKEN, ocsp mode: FAIL_OPEN, os: win32, os version: 10.0.26200"}
{"level":"INFO","message":"[12:51:13.854 PM]: Connection[id: 39dbc19b-cd57-41e7-be6f-9208dc266f50] additional details: passcode in password is provided, passcode is not provided, private key is not provided, application: ECHO, client name: snowflake-sdk, client version: 3.1.0, retry timeout: 300, private key path: undefined, private key pass is not provided, client store temporary credential: false, browser response timeout: 120000"}
{"level":"INFO","message":"[12:51:13.854 PM]: Connection[id: 39dbc19b-cd57-41e7-be6f-9208dc266f50] - connection object created successfully."}
{"level":"INFO","message":"[12:51:13.854 PM]: Connection[id: 39dbc19b-cd57-41e7-be6f-9208dc266f50] - async connecting. Associated Snowflake domain: GLOBAL"}
{"level":"INFO","message":"[12:51:13.855 PM]: Connection[id: 91ffe182-78d9-4fe7-854f-34addab61ec5] - authentication successful using: PROGRAMMATIC_ACCESS_TOKEN"}
{"level":"INFO","message":"[12:51:13.855 PM]: Connection[id: dcebae1b-66e1-41ce-b5c8-74de68341204] - authentication successful using: PROGRAMMATIC_ACCESS_TOKEN"}
{"level":"INFO","message":"[12:51:13.856 PM]: Connection[id: b7e6cdbf-0488-4000-9321-3de2bfbda3d0] - authentication successful using: PROGRAMMATIC_ACCESS_TOKEN"}
{"level":"INFO","message":"[12:51:13.856 PM]: Connection[id: 39dbc19b-cd57-41e7-be6f-9208dc266f50] - authentication successful using: PROGRAMMATIC_ACCESS_TOKEN"}
{"level":"INFO","message":"[12:51:14.297 PM]: Connection[id: 91ffe182-78d9-4fe7-854f-34addab61ec5] - connection established successfully after 448.07 milliseconds"}
{"level":"INFO","message":"[12:51:14.353 PM]: Connection[id: b7e6cdbf-0488-4000-9321-3de2bfbda3d0] - connection established successfully after 500.05 milliseconds"}
{"level":"INFO","message":"[12:51:14.422 PM]: Connection[id: dcebae1b-66e1-41ce-b5c8-74de68341204] - connection established successfully after 570.94 milliseconds"}
{"level":"INFO","message":"[12:51:14.453 PM]: Connection[id: 39dbc19b-cd57-41e7-be6f-9208dc266f50] - connection established successfully after 598.86 milliseconds"}
{"level":"INFO","message":"[12:51:54.802 PM]: Creating new connection object"}
{"level":"INFO","message":"[12:51:54.803 PM]: Creating Connection[id: 8206eddf-28b2-401b-b916-cf334e0832cf] with host: NJ39494.ap-southeast-2.snowflakecomputing.com, account: NJ39494, accessUrl: https://NJ39494.ap-southeast-2.snowflakecomputing.com, user: ARMADHANIHIRO, role: ACCOUNTADMIN, database: ECHO_DB, schema: CORE, warehouse: ECHO_WH, proxy was not configured, password is not provided, region: ap-southeast-2, authenticator: PROGRAMMATIC_ACCESS_TOKEN, ocsp mode: FAIL_OPEN, os: win32, os version: 10.0.26200"}
{"level":"INFO","message":"[12:51:54.804 PM]: Connection[id: 8206eddf-28b2-401b-b916-cf334e0832cf] additional details: passcode in password is provided, passcode is not provided, private key is not provided, application: ECHO, client name: snowflake-sdk, client version: 3.1.0, retry timeout: 300, private key path: undefined, private key pass is not provided, client store temporary credential: false, browser response timeout: 120000"}
{"level":"INFO","message":"[12:51:54.804 PM]: Connection[id: 8206eddf-28b2-401b-b916-cf334e0832cf] - connection object created successfully."}
{"level":"INFO","message":"[12:51:54.804 PM]: Connection[id: 8206eddf-28b2-401b-b916-cf334e0832cf] - async connecting. Associated Snowflake domain: GLOBAL"}
{"level":"INFO","message":"[12:51:54.805 PM]: Creating new connection object"}
{"level":"INFO","message":"[12:51:54.806 PM]: Creating Connection[id: b899bc0e-c8b9-4ee7-a7cf-26e0f87dccbb] with host: NJ39494.ap-southeast-2.snowflakecomputing.com, account: NJ39494, accessUrl: https://NJ39494.ap-southeast-2.snowflakecomputing.com, user: ARMADHANIHIRO, role: ACCOUNTADMIN, database: ECHO_DB, schema: CORE, warehouse: ECHO_WH, proxy was not configured, password is not provided, region: ap-southeast-2, authenticator: PROGRAMMATIC_ACCESS_TOKEN, ocsp mode: FAIL_OPEN, os: win32, os version: 10.0.26200"}
{"level":"INFO","message":"[12:51:54.806 PM]: Connection[id: b899bc0e-c8b9-4ee7-a7cf-26e0f87dccbb] additional details: passcode in password is provided, passcode is not provided, private key is not provided, application: ECHO, client name: snowflake-sdk, client version: 3.1.0, retry timeout: 300, private key path: undefined, private key pass is not provided, client store temporary credential: false, browser response timeout: 120000"}
{"level":"INFO","message":"[12:51:54.807 PM]: Connection[id: b899bc0e-c8b9-4ee7-a7cf-26e0f87dccbb] - connection object created successfully."}
{"level":"INFO","message":"[12:51:54.807 PM]: Connection[id: b899bc0e-c8b9-4ee7-a7cf-26e0f87dccbb] - async connecting. Associated Snowflake domain: GLOBAL"}
{"level":"INFO","message":"[12:51:54.808 PM]: Creating new connection object"}
{"level":"INFO","message":"[12:51:54.808 PM]: Creating Connection[id: bbc493c4-f21e-4338-b707-addcd5626fb2] with host: NJ39494.ap-southeast-2.snowflakecomputing.com, account: NJ39494, accessUrl: https://NJ39494.ap-southeast-2.snowflakecomputing.com, user: ARMADHANIHIRO, role: ACCOUNTADMIN, database: ECHO_DB, schema: CORE, warehouse: ECHO_WH, proxy was not configured, password is not provided, region: ap-southeast-2, authenticator: PROGRAMMATIC_ACCESS_TOKEN, ocsp mode: FAIL_OPEN, os: win32, os version: 10.0.26200"}
{"level":"INFO","message":"[12:51:54.808 PM]: Connection[id: bbc493c4-f21e-4338-b707-addcd5626fb2] additional details: passcode in password is provided, passcode is not provided, private key is not provided, application: ECHO, client name: snowflake-sdk, client version: 3.1.0, retry timeout: 300, private key path: undefined, private key pass is not provided, client store temporary credential: false, browser response timeout: 120000"}
{"level":"INFO","message":"[12:51:54.809 PM]: Connection[id: bbc493c4-f21e-4338-b707-addcd5626fb2] - connection object created successfully."}
{"level":"INFO","message":"[12:51:54.809 PM]: Connection[id: bbc493c4-f21e-4338-b707-addcd5626fb2] - async connecting. Associated Snowflake domain: GLOBAL"}
{"level":"INFO","message":"[12:51:54.810 PM]: Creating new connection object"}
{"level":"INFO","message":"[12:51:54.811 PM]: Creating Connection[id: 61885494-24b4-49f9-878c-655bad1cdb22] with host: NJ39494.ap-southeast-2.snowflakecomputing.com, account: NJ39494, accessUrl: https://NJ39494.ap-southeast-2.snowflakecomputing.com, user: ARMADHANIHIRO, role: ACCOUNTADMIN, database: ECHO_DB, schema: CORE, warehouse: ECHO_WH, proxy was not configured, password is not provided, region: ap-southeast-2, authenticator: PROGRAMMATIC_ACCESS_TOKEN, ocsp mode: FAIL_OPEN, os: win32, os version: 10.0.26200"}
{"level":"INFO","message":"[12:51:54.811 PM]: Connection[id: 61885494-24b4-49f9-878c-655bad1cdb22] additional details: passcode in password is provided, passcode is not provided, private key is not provided, application: ECHO, client name: snowflake-sdk, client version: 3.1.0, retry timeout: 300, private key path: undefined, private key pass is not provided, client store temporary credential: false, browser response timeout: 120000"}
{"level":"INFO","message":"[12:51:54.811 PM]: Connection[id: 61885494-24b4-49f9-878c-655bad1cdb22] - connection object created successfully."}
{"level":"INFO","message":"[12:51:54.812 PM]: Connection[id: 61885494-24b4-49f9-878c-655bad1cdb22] - async connecting. Associated Snowflake domain: GLOBAL"}
{"level":"INFO","message":"[12:51:54.813 PM]: Connection[id: 8206eddf-28b2-401b-b916-cf334e0832cf] - authentication successful using: PROGRAMMATIC_ACCESS_TOKEN"}
{"level":"INFO","message":"[12:51:54.813 PM]: Connection[id: b899bc0e-c8b9-4ee7-a7cf-26e0f87dccbb] - authentication successful using: PROGRAMMATIC_ACCESS_TOKEN"}
{"level":"INFO","message":"[12:51:54.814 PM]: Connection[id: bbc493c4-f21e-4338-b707-addcd5626fb2] - authentication successful using: PROGRAMMATIC_ACCESS_TOKEN"}
{"level":"INFO","message":"[12:51:54.815 PM]: Connection[id: 61885494-24b4-49f9-878c-655bad1cdb22] - authentication successful using: PROGRAMMATIC_ACCESS_TOKEN"}
{"level":"INFO","message":"[12:51:55.409 PM]: Connection[id: 8206eddf-28b2-401b-b916-cf334e0832cf] - connection established successfully after 604.23 milliseconds"}
{"level":"INFO","message":"[12:51:55.447 PM]: Connection[id: b899bc0e-c8b9-4ee7-a7cf-26e0f87dccbb] - connection established successfully after 640.06 milliseconds"}
{"level":"INFO","message":"[12:51:55.512 PM]: Connection[id: bbc493c4-f21e-4338-b707-addcd5626fb2] - connection established successfully after 702.35 milliseconds"}
{"level":"INFO","message":"[12:51:55.563 PM]: Connection[id: 61885494-24b4-49f9-878c-655bad1cdb22] - connection established successfully after 751.13 milliseconds"}
{"level":"INFO","message":"[2:57:41.774 PM]: Creating new connection object"}
{"level":"INFO","message":"[2:57:41.786 PM]: Creating Connection[id: a3020872-3819-46dc-82ab-5261750c9072] with host: NJ39494.ap-southeast-2.snowflakecomputing.com, account: NJ39494, accessUrl: https://NJ39494.ap-southeast-2.snowflakecomputing.com, user: ARMADHANIHIRO, role: ACCOUNTADMIN, database: ECHO_DB, schema: CORE, warehouse: ECHO_WH, proxy was not configured, password is not provided, region: ap-southeast-2, authenticator: PROGRAMMATIC_ACCESS_TOKEN, ocsp mode: FAIL_OPEN, os: win32, os version: 10.0.26200"}
{"level":"INFO","message":"[2:57:41.789 PM]: Connection[id: a3020872-3819-46dc-82ab-5261750c9072] additional details: passcode in password is provided, passcode is not provided, private key is not provided, application: ECHO, client name: snowflake-sdk, client version: 3.1.0, retry timeout: 300, private key path: undefined, private key pass is not provided, client store temporary credential: false, browser response timeout: 120000"}
{"level":"INFO","message":"[2:57:41.790 PM]: Connection[id: a3020872-3819-46dc-82ab-5261750c9072] - connection object created successfully."}
{"level":"INFO","message":"[2:57:41.791 PM]: Connection[id: a3020872-3819-46dc-82ab-5261750c9072] - async connecting. Associated Snowflake domain: GLOBAL"}
{"level":"INFO","message":"[2:57:41.793 PM]: Trying to initialize Easy Logging"}
{"level":"INFO","message":"[2:57:41.822 PM]: No client config detected."}
{"level":"INFO","message":"[2:57:41.822 PM]: No config file path found. Client config will not be used."}
{"level":"INFO","message":"[2:57:41.823 PM]: Easy Logging is disabled as no config has been found"}
{"level":"INFO","message":"[2:57:41.825 PM]: Connection[id: a3020872-3819-46dc-82ab-5261750c9072] - authentication successful using: PROGRAMMATIC_ACCESS_TOKEN"}
{"level":"INFO","message":"[2:57:45.298 PM]: Connection[id: a3020872-3819-46dc-82ab-5261750c9072] - connection established successfully after 3506.86 milliseconds"}
{"level":"INFO","message":"[2:57:47.736 PM]: Creating new connection object"}
{"level":"INFO","message":"[2:57:47.739 PM]: Creating Connection[id: 0604a9eb-522c-42ef-8ebb-8ae39d1dadd8] with host: NJ39494.ap-southeast-2.snowflakecomputing.com, account: NJ39494, accessUrl: https://NJ39494.ap-southeast-2.snowflakecomputing.com, user: ARMADHANIHIRO, role: ACCOUNTADMIN, database: ECHO_DB, schema: CORE, warehouse: ECHO_WH, proxy was not configured, password is not provided, region: ap-southeast-2, authenticator: PROGRAMMATIC_ACCESS_TOKEN, ocsp mode: FAIL_OPEN, os: win32, os version: 10.0.26200"}
{"level":"INFO","message":"[2:57:47.740 PM]: Connection[id: 0604a9eb-522c-42ef-8ebb-8ae39d1dadd8] additional details: passcode in password is provided, passcode is not provided, private key is not provided, application: ECHO, client name: snowflake-sdk, client version: 3.1.0, retry timeout: 300, private key path: undefined, private key pass is not provided, client store temporary credential: false, browser response timeout: 120000"}
{"level":"INFO","message":"[2:57:47.741 PM]: Connection[id: 0604a9eb-522c-42ef-8ebb-8ae39d1dadd8] - connection object created successfully."}
{"level":"INFO","message":"[2:57:47.741 PM]: Connection[id: 0604a9eb-522c-42ef-8ebb-8ae39d1dadd8] - async connecting. Associated Snowflake domain: GLOBAL"}
{"level":"INFO","message":"[2:57:47.742 PM]: Creating new connection object"}
{"level":"INFO","message":"[2:57:47.744 PM]: Creating Connection[id: d956bd6f-99ce-4d1b-a52f-dcb8e48df86a] with host: NJ39494.ap-southeast-2.snowflakecomputing.com, account: NJ39494, accessUrl: https://NJ39494.ap-southeast-2.snowflakecomputing.com, user: ARMADHANIHIRO, role: ACCOUNTADMIN, database: ECHO_DB, schema: CORE, warehouse: ECHO_WH, proxy was not configured, password is not provided, region: ap-southeast-2, authenticator: PROGRAMMATIC_ACCESS_TOKEN, ocsp mode: FAIL_OPEN, os: win32, os version: 10.0.26200"}
{"level":"INFO","message":"[2:57:47.745 PM]: Connection[id: d956bd6f-99ce-4d1b-a52f-dcb8e48df86a] additional details: passcode in password is provided, passcode is not provided, private key is not provided, application: ECHO, client name: snowflake-sdk, client version: 3.1.0, retry timeout: 300, private key path: undefined, private key pass is not provided, client store temporary credential: false, browser response timeout: 120000"}
{"level":"INFO","message":"[2:57:47.746 PM]: Connection[id: d956bd6f-99ce-4d1b-a52f-dcb8e48df86a] - connection object created successfully."}
{"level":"INFO","message":"[2:57:47.747 PM]: Connection[id: d956bd6f-99ce-4d1b-a52f-dcb8e48df86a] - async connecting. Associated Snowflake domain: GLOBAL"}
{"level":"INFO","message":"[2:57:47.748 PM]: Creating new connection object"}
{"level":"INFO","message":"[2:57:47.750 PM]: Creating Connection[id: 3297918f-a11d-413e-abb5-5ef8e9991665] with host: NJ39494.ap-southeast-2.snowflakecomputing.com, account: NJ39494, accessUrl: https://NJ39494.ap-southeast-2.snowflakecomputing.com, user: ARMADHANIHIRO, role: ACCOUNTADMIN, database: ECHO_DB, schema: CORE, warehouse: ECHO_WH, proxy was not configured, password is not provided, region: ap-southeast-2, authenticator: PROGRAMMATIC_ACCESS_TOKEN, ocsp mode: FAIL_OPEN, os: win32, os version: 10.0.26200"}
{"level":"INFO","message":"[2:57:47.751 PM]: Connection[id: 3297918f-a11d-413e-abb5-5ef8e9991665] additional details: passcode in password is provided, passcode is not provided, private key is not provided, application: ECHO, client name: snowflake-sdk, client version: 3.1.0, retry timeout: 300, private key path: undefined, private key pass is not provided, client store temporary credential: false, browser response timeout: 120000"}
{"level":"INFO","message":"[2:57:47.753 PM]: Connection[id: 3297918f-a11d-413e-abb5-5ef8e9991665] - connection object created successfully."}
{"level":"INFO","message":"[2:57:47.754 PM]: Connection[id: 3297918f-a11d-413e-abb5-5ef8e9991665] - async connecting. Associated Snowflake domain: GLOBAL"}
{"level":"INFO","message":"[2:57:47.755 PM]: Creating new connection object"}
{"level":"INFO","message":"[2:57:47.757 PM]: Creating Connection[id: 693f76e9-cfd8-49ce-8833-b1f2cfbc5612] with host: NJ39494.ap-southeast-2.snowflakecomputing.com, account: NJ39494, accessUrl: https://NJ39494.ap-southeast-2.snowflakecomputing.com, user: ARMADHANIHIRO, role: ACCOUNTADMIN, database: ECHO_DB, schema: CORE, warehouse: ECHO_WH, proxy was not configured, password is not provided, region: ap-southeast-2, authenticator: PROGRAMMATIC_ACCESS_TOKEN, ocsp mode: FAIL_OPEN, os: win32, os version: 10.0.26200"}
{"level":"INFO","message":"[2:57:47.757 PM]: Connection[id: 693f76e9-cfd8-49ce-8833-b1f2cfbc5612] additional details: passcode in password is provided, passcode is not provided, private key is not provided, application: ECHO, client name: snowflake-sdk, client version: 3.1.0, retry timeout: 300, private key path: undefined, private key pass is not provided, client store temporary credential: false, browser response timeout: 120000"}
{"level":"INFO","message":"[2:57:47.758 PM]: Connection[id: 693f76e9-cfd8-49ce-8833-b1f2cfbc5612] - connection object created successfully."}
{"level":"INFO","message":"[2:57:47.759 PM]: Connection[id: 693f76e9-cfd8-49ce-8833-b1f2cfbc5612] - async connecting. Associated Snowflake domain: GLOBAL"}
{"level":"INFO","message":"[2:57:47.759 PM]: Connection[id: 0604a9eb-522c-42ef-8ebb-8ae39d1dadd8] - authentication successful using: PROGRAMMATIC_ACCESS_TOKEN"}
{"level":"INFO","message":"[2:57:47.760 PM]: Connection[id: d956bd6f-99ce-4d1b-a52f-dcb8e48df86a] - authentication successful using: PROGRAMMATIC_ACCESS_TOKEN"}
{"level":"INFO","message":"[2:57:47.761 PM]: Connection[id: 3297918f-a11d-413e-abb5-5ef8e9991665] - authentication successful using: PROGRAMMATIC_ACCESS_TOKEN"}
{"level":"INFO","message":"[2:57:47.762 PM]: Connection[id: 693f76e9-cfd8-49ce-8833-b1f2cfbc5612] - authentication successful using: PROGRAMMATIC_ACCESS_TOKEN"}
{"level":"INFO","message":"[2:57:48.299 PM]: Connection[id: d956bd6f-99ce-4d1b-a52f-dcb8e48df86a] - connection established successfully after 552.38 milliseconds"}
{"level":"INFO","message":"[2:57:48.353 PM]: Connection[id: 0604a9eb-522c-42ef-8ebb-8ae39d1dadd8] - connection established successfully after 611.22 milliseconds"}
{"level":"INFO","message":"[2:57:48.418 PM]: Connection[id: 693f76e9-cfd8-49ce-8833-b1f2cfbc5612] - connection established successfully after 659.45 milliseconds"}
{"level":"INFO","message":"[2:57:48.531 PM]: Connection[id: 3297918f-a11d-413e-abb5-5ef8e9991665] - connection established successfully after 777.19 milliseconds"}
{"level":"INFO","message":"[3:11:06.394 PM]: Creating new connection object"}
{"level":"INFO","message":"[3:11:06.427 PM]: Creating Connection[id: aa4ffe51-6502-4c7f-8423-23cf7f56e001] with host: NJ39494.ap-southeast-2.snowflakecomputing.com, account: NJ39494, accessUrl: https://NJ39494.ap-southeast-2.snowflakecomputing.com, user: ARMADHANIHIRO, role: ACCOUNTADMIN, database: ECHO_DB, schema: CORE, warehouse: ECHO_WH, proxy was not configured, password is not provided, region: ap-southeast-2, authenticator: PROGRAMMATIC_ACCESS_TOKEN, ocsp mode: FAIL_OPEN, os: win32, os version: 10.0.26200"}
{"level":"INFO","message":"[3:11:06.428 PM]: Connection[id: aa4ffe51-6502-4c7f-8423-23cf7f56e001] additional details: passcode in password is provided, passcode is not provided, private key is not provided, application: ECHO, client name: snowflake-sdk, client version: 3.1.0, retry timeout: 300, private key path: undefined, private key pass is not provided, client store temporary credential: false, browser response timeout: 120000"}
{"level":"INFO","message":"[3:11:06.430 PM]: Connection[id: aa4ffe51-6502-4c7f-8423-23cf7f56e001] - connection object created successfully."}
{"level":"INFO","message":"[3:11:06.431 PM]: Connection[id: aa4ffe51-6502-4c7f-8423-23cf7f56e001] - async connecting. Associated Snowflake domain: GLOBAL"}
{"level":"INFO","message":"[3:11:06.432 PM]: Trying to initialize Easy Logging"}
{"level":"INFO","message":"[3:11:06.443 PM]: No client config detected."}
{"level":"INFO","message":"[3:11:06.444 PM]: No config file path found. Client config will not be used."}
{"level":"INFO","message":"[3:11:06.446 PM]: Easy Logging is disabled as no config has been found"}
{"level":"INFO","message":"[3:11:06.447 PM]: Connection[id: aa4ffe51-6502-4c7f-8423-23cf7f56e001] - authentication successful using: PROGRAMMATIC_ACCESS_TOKEN"}
{"level":"INFO","message":"[3:11:07.899 PM]: Connection[id: aa4ffe51-6502-4c7f-8423-23cf7f56e001] - connection established successfully after 1468.11 milliseconds"}
{"level":"INFO","message":"[12:25:40.677 PM]: Creating new connection object"}
{"level":"INFO","message":"[12:25:40.691 PM]: Creating Connection[id: f36f330b-3322-4bd3-a9f1-7c3519fa2860] with host: NJ39494.ap-southeast-2.snowflakecomputing.com, account: NJ39494, accessUrl: https://NJ39494.ap-southeast-2.snowflakecomputing.com, user: ARMADHANIHIRO, role: ACCOUNTADMIN, database: ECHO_DB, schema: CORE, warehouse: ECHO_WH, proxy was not configured, password is not provided, region: ap-southeast-2, authenticator: PROGRAMMATIC_ACCESS_TOKEN, ocsp mode: FAIL_OPEN, os: win32, os version: 10.0.26200"}
{"level":"INFO","message":"[12:25:40.692 PM]: Connection[id: f36f330b-3322-4bd3-a9f1-7c3519fa2860] additional details: passcode in password is provided, passcode is not provided, private key is not provided, application: ECHO, client name: snowflake-sdk, client version: 3.1.0, retry timeout: 300, private key path: undefined, private key pass is not provided, client store temporary credential: false, browser response timeout: 120000"}
{"level":"INFO","message":"[12:25:40.694 PM]: Connection[id: f36f330b-3322-4bd3-a9f1-7c3519fa2860] - connection object created successfully."}
{"level":"INFO","message":"[12:25:40.695 PM]: Connection[id: f36f330b-3322-4bd3-a9f1-7c3519fa2860] - async connecting. Associated Snowflake domain: GLOBAL"}
{"level":"INFO","message":"[12:25:40.696 PM]: Trying to initialize Easy Logging"}
{"level":"INFO","message":"[12:25:40.766 PM]: No client config detected."}
{"level":"INFO","message":"[12:25:40.769 PM]: No config file path found. Client config will not be used."}
{"level":"INFO","message":"[12:25:40.771 PM]: Easy Logging is disabled as no config has been found"}
{"level":"INFO","message":"[12:25:40.773 PM]: Connection[id: f36f330b-3322-4bd3-a9f1-7c3519fa2860] - authentication successful using: PROGRAMMATIC_ACCESS_TOKEN"}
{"level":"INFO","message":"[12:25:44.878 PM]: Connection[id: f36f330b-3322-4bd3-a9f1-7c3519fa2860] - connection established successfully after 4182.57 milliseconds"}
{"level":"INFO","message":"[12:25:47.231 PM]: Creating new connection object"}
{"level":"INFO","message":"[12:25:47.233 PM]: Creating Connection[id: dde880fb-b446-4133-8931-af1d29662c8e] with host: NJ39494.ap-southeast-2.snowflakecomputing.com, account: NJ39494, accessUrl: https://NJ39494.ap-southeast-2.snowflakecomputing.com, user: ARMADHANIHIRO, role: ACCOUNTADMIN, database: ECHO_DB, schema: CORE, warehouse: ECHO_WH, proxy was not configured, password is not provided, region: ap-southeast-2, authenticator: PROGRAMMATIC_ACCESS_TOKEN, ocsp mode: FAIL_OPEN, os: win32, os version: 10.0.26200"}
{"level":"INFO","message":"[12:25:47.234 PM]: Connection[id: dde880fb-b446-4133-8931-af1d29662c8e] additional details: passcode in password is provided, passcode is not provided, private key is not provided, application: ECHO, client name: snowflake-sdk, client version: 3.1.0, retry timeout: 300, private key path: undefined, private key pass is not provided, client store temporary credential: false, browser response timeout: 120000"}
{"level":"INFO","message":"[12:25:47.235 PM]: Connection[id: dde880fb-b446-4133-8931-af1d29662c8e] - connection object created successfully."}
{"level":"INFO","message":"[12:25:47.235 PM]: Connection[id: dde880fb-b446-4133-8931-af1d29662c8e] - async connecting. Associated Snowflake domain: GLOBAL"}
{"level":"INFO","message":"[12:25:47.236 PM]: Creating new connection object"}
{"level":"INFO","message":"[12:25:47.240 PM]: Creating Connection[id: aa1f1b48-8021-4087-9648-8141654cbb6e] with host: NJ39494.ap-southeast-2.snowflakecomputing.com, account: NJ39494, accessUrl: https://NJ39494.ap-southeast-2.snowflakecomputing.com, user: ARMADHANIHIRO, role: ACCOUNTADMIN, database: ECHO_DB, schema: CORE, warehouse: ECHO_WH, proxy was not configured, password is not provided, region: ap-southeast-2, authenticator: PROGRAMMATIC_ACCESS_TOKEN, ocsp mode: FAIL_OPEN, os: win32, os version: 10.0.26200"}
{"level":"INFO","message":"[12:25:47.241 PM]: Connection[id: aa1f1b48-8021-4087-9648-8141654cbb6e] additional details: passcode in password is provided, passcode is not provided, private key is not provided, application: ECHO, client name: snowflake-sdk, client version: 3.1.0, retry timeout: 300, private key path: undefined, private key pass is not provided, client store temporary credential: false, browser response timeout: 120000"}
{"level":"INFO","message":"[12:25:47.242 PM]: Connection[id: aa1f1b48-8021-4087-9648-8141654cbb6e] - connection object created successfully."}
{"level":"INFO","message":"[12:25:47.244 PM]: Connection[id: aa1f1b48-8021-4087-9648-8141654cbb6e] - async connecting. Associated Snowflake domain: GLOBAL"}
{"level":"INFO","message":"[12:25:47.245 PM]: Creating new connection object"}
{"level":"INFO","message":"[12:25:47.248 PM]: Creating Connection[id: 83b57c8b-f307-471c-91c1-7def8f2a831d] with host: NJ39494.ap-southeast-2.snowflakecomputing.com, account: NJ39494, accessUrl: https://NJ39494.ap-southeast-2.snowflakecomputing.com, user: ARMADHANIHIRO, role: ACCOUNTADMIN, database: ECHO_DB, schema: CORE, warehouse: ECHO_WH, proxy was not configured, password is not provided, region: ap-southeast-2, authenticator: PROGRAMMATIC_ACCESS_TOKEN, ocsp mode: FAIL_OPEN, os: win32, os version: 10.0.26200"}
{"level":"INFO","message":"[12:25:47.250 PM]: Connection[id: 83b57c8b-f307-471c-91c1-7def8f2a831d] additional details: passcode in password is provided, passcode is not provided, private key is not provided, application: ECHO, client name: snowflake-sdk, client version: 3.1.0, retry timeout: 300, private key path: undefined, private key pass is not provided, client store temporary credential: false, browser response timeout: 120000"}
{"level":"INFO","message":"[12:25:47.253 PM]: Connection[id: 83b57c8b-f307-471c-91c1-7def8f2a831d] - connection object created successfully."}
{"level":"INFO","message":"[12:25:47.255 PM]: Connection[id: 83b57c8b-f307-471c-91c1-7def8f2a831d] - async connecting. Associated Snowflake domain: GLOBAL"}
{"level":"INFO","message":"[12:25:47.257 PM]: Creating new connection object"}
{"level":"INFO","message":"[12:25:47.260 PM]: Creating Connection[id: 1b6045af-340c-41f6-ae41-57314c6a4105] with host: NJ39494.ap-southeast-2.snowflakecomputing.com, account: NJ39494, accessUrl: https://NJ39494.ap-southeast-2.snowflakecomputing.com, user: ARMADHANIHIRO, role: ACCOUNTADMIN, database: ECHO_DB, schema: CORE, warehouse: ECHO_WH, proxy was not configured, password is not provided, region: ap-southeast-2, authenticator: PROGRAMMATIC_ACCESS_TOKEN, ocsp mode: FAIL_OPEN, os: win32, os version: 10.0.26200"}
{"level":"INFO","message":"[12:25:47.263 PM]: Connection[id: 1b6045af-340c-41f6-ae41-57314c6a4105] additional details: passcode in password is provided, passcode is not provided, private key is not provided, application: ECHO, client name: snowflake-sdk, client version: 3.1.0, retry timeout: 300, private key path: undefined, private key pass is not provided, client store temporary credential: false, browser response timeout: 120000"}
{"level":"INFO","message":"[12:25:47.265 PM]: Connection[id: 1b6045af-340c-41f6-ae41-57314c6a4105] - connection object created successfully."}
{"level":"INFO","message":"[12:25:47.267 PM]: Connection[id: 1b6045af-340c-41f6-ae41-57314c6a4105] - async connecting. Associated Snowflake domain: GLOBAL"}
{"level":"INFO","message":"[12:25:47.269 PM]: Connection[id: dde880fb-b446-4133-8931-af1d29662c8e] - authentication successful using: PROGRAMMATIC_ACCESS_TOKEN"}
{"level":"INFO","message":"[12:25:47.271 PM]: Connection[id: aa1f1b48-8021-4087-9648-8141654cbb6e] - authentication successful using: PROGRAMMATIC_ACCESS_TOKEN"}
{"level":"INFO","message":"[12:25:47.272 PM]: Connection[id: 83b57c8b-f307-471c-91c1-7def8f2a831d] - authentication successful using: PROGRAMMATIC_ACCESS_TOKEN"}
{"level":"INFO","message":"[12:25:47.273 PM]: Connection[id: 1b6045af-340c-41f6-ae41-57314c6a4105] - authentication successful using: PROGRAMMATIC_ACCESS_TOKEN"}
{"level":"INFO","message":"[12:25:47.874 PM]: Connection[id: dde880fb-b446-4133-8931-af1d29662c8e] - connection established successfully after 638.38 milliseconds"}
{"level":"INFO","message":"[12:25:47.931 PM]: Connection[id: aa1f1b48-8021-4087-9648-8141654cbb6e] - connection established successfully after 687.76 milliseconds"}
{"level":"INFO","message":"[12:25:47.969 PM]: Connection[id: 1b6045af-340c-41f6-ae41-57314c6a4105] - connection established successfully after 702.26 milliseconds"}
{"level":"INFO","message":"[12:25:48.274 PM]: Connection[id: 83b57c8b-f307-471c-91c1-7def8f2a831d] - connection established successfully after 1018.94 milliseconds"}
{"level":"INFO","message":"[12:26:04.363 PM]: Creating new connection object"}
{"level":"INFO","message":"[12:26:04.365 PM]: Creating Connection[id: 0fc32b47-536c-48c9-89cd-e7a189848609] with host: NJ39494.ap-southeast-2.snowflakecomputing.com, account: NJ39494, accessUrl: https://NJ39494.ap-southeast-2.snowflakecomputing.com, user: ARMADHANIHIRO, role: ACCOUNTADMIN, database: ECHO_DB, schema: CORE, warehouse: ECHO_WH, proxy was not configured, password is not provided, region: ap-southeast-2, authenticator: PROGRAMMATIC_ACCESS_TOKEN, ocsp mode: FAIL_OPEN, os: win32, os version: 10.0.26200"}
{"level":"INFO","message":"[12:26:04.366 PM]: Connection[id: 0fc32b47-536c-48c9-89cd-e7a189848609] additional details: passcode in password is provided, passcode is not provided, private key is not provided, application: ECHO, client name: snowflake-sdk, client version: 3.1.0, retry timeout: 300, private key path: undefined, private key pass is not provided, client store temporary credential: false, browser response timeout: 120000"}
{"level":"INFO","message":"[12:26:04.366 PM]: Connection[id: 0fc32b47-536c-48c9-89cd-e7a189848609] - connection object created successfully."}
{"level":"INFO","message":"[12:26:04.367 PM]: Connection[id: 0fc32b47-536c-48c9-89cd-e7a189848609] - async connecting. Associated Snowflake domain: GLOBAL"}
{"level":"INFO","message":"[12:26:04.367 PM]: Creating new connection object"}
{"level":"INFO","message":"[12:26:04.369 PM]: Creating Connection[id: 12138f1f-742d-4f83-a20c-6dd311f4ed72] with host: NJ39494.ap-southeast-2.snowflakecomputing.com, account: NJ39494, accessUrl: https://NJ39494.ap-southeast-2.snowflakecomputing.com, user: ARMADHANIHIRO, role: ACCOUNTADMIN, database: ECHO_DB, schema: CORE, warehouse: ECHO_WH, proxy was not configured, password is not provided, region: ap-southeast-2, authenticator: PROGRAMMATIC_ACCESS_TOKEN, ocsp mode: FAIL_OPEN, os: win32, os version: 10.0.26200"}
{"level":"INFO","message":"[12:26:04.370 PM]: Connection[id: 12138f1f-742d-4f83-a20c-6dd311f4ed72] additional details: passcode in password is provided, passcode is not provided, private key is not provided, application: ECHO, client name: snowflake-sdk, client version: 3.1.0, retry timeout: 300, private key path: undefined, private key pass is not provided, client store temporary credential: false, browser response timeout: 120000"}
{"level":"INFO","message":"[12:26:04.371 PM]: Connection[id: 12138f1f-742d-4f83-a20c-6dd311f4ed72] - connection object created successfully."}
{"level":"INFO","message":"[12:26:04.371 PM]: Connection[id: 12138f1f-742d-4f83-a20c-6dd311f4ed72] - async connecting. Associated Snowflake domain: GLOBAL"}
{"level":"INFO","message":"[12:26:04.374 PM]: Creating new connection object"}
{"level":"INFO","message":"[12:26:04.376 PM]: Creating Connection[id: 0a8de6a4-63e7-498a-b529-014500ae9343] with host: NJ39494.ap-southeast-2.snowflakecomputing.com, account: NJ39494, accessUrl: https://NJ39494.ap-southeast-2.snowflakecomputing.com, user: ARMADHANIHIRO, role: ACCOUNTADMIN, database: ECHO_DB, schema: CORE, warehouse: ECHO_WH, proxy was not configured, password is not provided, region: ap-southeast-2, authenticator: PROGRAMMATIC_ACCESS_TOKEN, ocsp mode: FAIL_OPEN, os: win32, os version: 10.0.26200"}
{"level":"INFO","message":"[12:26:04.376 PM]: Connection[id: 0a8de6a4-63e7-498a-b529-014500ae9343] additional details: passcode in password is provided, passcode is not provided, private key is not provided, application: ECHO, client name: snowflake-sdk, client version: 3.1.0, retry timeout: 300, private key path: undefined, private key pass is not provided, client store temporary credential: false, browser response timeout: 120000"}
{"level":"INFO","message":"[12:26:04.378 PM]: Connection[id: 0a8de6a4-63e7-498a-b529-014500ae9343] - connection object created successfully."}
{"level":"INFO","message":"[12:26:04.379 PM]: Connection[id: 0a8de6a4-63e7-498a-b529-014500ae9343] - async connecting. Associated Snowflake domain: GLOBAL"}
{"level":"INFO","message":"[12:26:04.380 PM]: Creating new connection object"}
{"level":"INFO","message":"[12:26:04.382 PM]: Creating Connection[id: 634df6fa-0d8f-4cc9-9828-73d750a65bb1] with host: NJ39494.ap-southeast-2.snowflakecomputing.com, account: NJ39494, accessUrl: https://NJ39494.ap-southeast-2.snowflakecomputing.com, user: ARMADHANIHIRO, role: ACCOUNTADMIN, database: ECHO_DB, schema: CORE, warehouse: ECHO_WH, proxy was not configured, password is not provided, region: ap-southeast-2, authenticator: PROGRAMMATIC_ACCESS_TOKEN, ocsp mode: FAIL_OPEN, os: win32, os version: 10.0.26200"}
{"level":"INFO","message":"[12:26:04.383 PM]: Connection[id: 634df6fa-0d8f-4cc9-9828-73d750a65bb1] additional details: passcode in password is provided, passcode is not provided, private key is not provided, application: ECHO, client name: snowflake-sdk, client version: 3.1.0, retry timeout: 300, private key path: undefined, private key pass is not provided, client store temporary credential: false, browser response timeout: 120000"}
{"level":"INFO","message":"[12:26:04.385 PM]: Connection[id: 634df6fa-0d8f-4cc9-9828-73d750a65bb1] - connection object created successfully."}
{"level":"INFO","message":"[12:26:04.387 PM]: Connection[id: 634df6fa-0d8f-4cc9-9828-73d750a65bb1] - async connecting. Associated Snowflake domain: GLOBAL"}
{"level":"INFO","message":"[12:26:04.389 PM]: Connection[id: 0fc32b47-536c-48c9-89cd-e7a189848609] - authentication successful using: PROGRAMMATIC_ACCESS_TOKEN"}
{"level":"INFO","message":"[12:26:04.390 PM]: Connection[id: 12138f1f-742d-4f83-a20c-6dd311f4ed72] - authentication successful using: PROGRAMMATIC_ACCESS_TOKEN"}
{"level":"INFO","message":"[12:26:04.391 PM]: Connection[id: 0a8de6a4-63e7-498a-b529-014500ae9343] - authentication successful using: PROGRAMMATIC_ACCESS_TOKEN"}
{"level":"INFO","message":"[12:26:04.393 PM]: Connection[id: 634df6fa-0d8f-4cc9-9828-73d750a65bb1] - authentication successful using: PROGRAMMATIC_ACCESS_TOKEN"}
{"level":"INFO","message":"[12:26:05.021 PM]: Connection[id: 12138f1f-742d-4f83-a20c-6dd311f4ed72] - connection established successfully after 649.79 milliseconds"}
{"level":"INFO","message":"[12:26:05.047 PM]: Connection[id: 0a8de6a4-63e7-498a-b529-014500ae9343] - connection established successfully after 668.12 milliseconds"}
{"level":"INFO","message":"[12:26:05.109 PM]: Connection[id: 634df6fa-0d8f-4cc9-9828-73d750a65bb1] - connection established successfully after 722.02 milliseconds"}
{"level":"INFO","message":"[12:26:05.295 PM]: Connection[id: 0fc32b47-536c-48c9-89cd-e7a189848609] - connection established successfully after 928.23 milliseconds"}
{"level":"INFO","message":"[12:26:28.743 PM]: Creating new connection object"}
{"level":"INFO","message":"[12:26:28.745 PM]: Creating Connection[id: 641eb94d-63ef-450f-b411-81b441f1dc39] with host: NJ39494.ap-southeast-2.snowflakecomputing.com, account: NJ39494, accessUrl: https://NJ39494.ap-southeast-2.snowflakecomputing.com, user: ARMADHANIHIRO, role: ACCOUNTADMIN, database: ECHO_DB, schema: CORE, warehouse: ECHO_WH, proxy was not configured, password is not provided, region: ap-southeast-2, authenticator: PROGRAMMATIC_ACCESS_TOKEN, ocsp mode: FAIL_OPEN, os: win32, os version: 10.0.26200"}
{"level":"INFO","message":"[12:26:28.746 PM]: Connection[id: 641eb94d-63ef-450f-b411-81b441f1dc39] additional details: passcode in password is provided, passcode is not provided, private key is not provided, application: ECHO, client name: snowflake-sdk, client version: 3.1.0, retry timeout: 300, private key path: undefined, private key pass is not provided, client store temporary credential: false, browser response timeout: 120000"}
{"level":"INFO","message":"[12:26:28.746 PM]: Connection[id: 641eb94d-63ef-450f-b411-81b441f1dc39] - connection object created successfully."}
{"level":"INFO","message":"[12:26:28.747 PM]: Connection[id: 641eb94d-63ef-450f-b411-81b441f1dc39] - async connecting. Associated Snowflake domain: GLOBAL"}
{"level":"INFO","message":"[12:26:28.748 PM]: Creating new connection object"}
{"level":"INFO","message":"[12:26:28.749 PM]: Creating Connection[id: 8e80c284-e10e-471c-b111-673748754c29] with host: NJ39494.ap-southeast-2.snowflakecomputing.com, account: NJ39494, accessUrl: https://NJ39494.ap-southeast-2.snowflakecomputing.com, user: ARMADHANIHIRO, role: ACCOUNTADMIN, database: ECHO_DB, schema: CORE, warehouse: ECHO_WH, proxy was not configured, password is not provided, region: ap-southeast-2, authenticator: PROGRAMMATIC_ACCESS_TOKEN, ocsp mode: FAIL_OPEN, os: win32, os version: 10.0.26200"}
{"level":"INFO","message":"[12:26:28.750 PM]: Connection[id: 8e80c284-e10e-471c-b111-673748754c29] additional details: passcode in password is provided, passcode is not provided, private key is not provided, application: ECHO, client name: snowflake-sdk, client version: 3.1.0, retry timeout: 300, private key path: undefined, private key pass is not provided, client store temporary credential: false, browser response timeout: 120000"}
{"level":"INFO","message":"[12:26:28.750 PM]: Connection[id: 8e80c284-e10e-471c-b111-673748754c29] - connection object created successfully."}
{"level":"INFO","message":"[12:26:28.751 PM]: Connection[id: 8e80c284-e10e-471c-b111-673748754c29] - async connecting. Associated Snowflake domain: GLOBAL"}
{"level":"INFO","message":"[12:26:28.751 PM]: Creating new connection object"}
{"level":"INFO","message":"[12:26:28.752 PM]: Creating Connection[id: b03dd6d8-299e-4542-addd-290bf4973265] with host: NJ39494.ap-southeast-2.snowflakecomputing.com, account: NJ39494, accessUrl: https://NJ39494.ap-southeast-2.snowflakecomputing.com, user: ARMADHANIHIRO, role: ACCOUNTADMIN, database: ECHO_DB, schema: CORE, warehouse: ECHO_WH, proxy was not configured, password is not provided, region: ap-southeast-2, authenticator: PROGRAMMATIC_ACCESS_TOKEN, ocsp mode: FAIL_OPEN, os: win32, os version: 10.0.26200"}
{"level":"INFO","message":"[12:26:28.753 PM]: Connection[id: b03dd6d8-299e-4542-addd-290bf4973265] additional details: passcode in password is provided, passcode is not provided, private key is not provided, application: ECHO, client name: snowflake-sdk, client version: 3.1.0, retry timeout: 300, private key path: undefined, private key pass is not provided, client store temporary credential: false, browser response timeout: 120000"}
{"level":"INFO","message":"[12:26:28.753 PM]: Connection[id: b03dd6d8-299e-4542-addd-290bf4973265] - connection object created successfully."}
{"level":"INFO","message":"[12:26:28.754 PM]: Connection[id: b03dd6d8-299e-4542-addd-290bf4973265] - async connecting. Associated Snowflake domain: GLOBAL"}
{"level":"INFO","message":"[12:26:28.754 PM]: Creating new connection object"}
{"level":"INFO","message":"[12:26:28.755 PM]: Creating Connection[id: af734147-ee7d-4523-87ea-868158dd0a0d] with host: NJ39494.ap-southeast-2.snowflakecomputing.com, account: NJ39494, accessUrl: https://NJ39494.ap-southeast-2.snowflakecomputing.com, user: ARMADHANIHIRO, role: ACCOUNTADMIN, database: ECHO_DB, schema: CORE, warehouse: ECHO_WH, proxy was not configured, password is not provided, region: ap-southeast-2, authenticator: PROGRAMMATIC_ACCESS_TOKEN, ocsp mode: FAIL_OPEN, os: win32, os version: 10.0.26200"}
{"level":"INFO","message":"[12:26:28.756 PM]: Connection[id: af734147-ee7d-4523-87ea-868158dd0a0d] additional details: passcode in password is provided, passcode is not provided, private key is not provided, application: ECHO, client name: snowflake-sdk, client version: 3.1.0, retry timeout: 300, private key path: undefined, private key pass is not provided, client store temporary credential: false, browser response timeout: 120000"}
{"level":"INFO","message":"[12:26:28.756 PM]: Connection[id: af734147-ee7d-4523-87ea-868158dd0a0d] - connection object created successfully."}
{"level":"INFO","message":"[12:26:28.757 PM]: Connection[id: af734147-ee7d-4523-87ea-868158dd0a0d] - async connecting. Associated Snowflake domain: GLOBAL"}
{"level":"INFO","message":"[12:26:28.758 PM]: Connection[id: 641eb94d-63ef-450f-b411-81b441f1dc39] - authentication successful using: PROGRAMMATIC_ACCESS_TOKEN"}
{"level":"INFO","message":"[12:26:28.759 PM]: Connection[id: 8e80c284-e10e-471c-b111-673748754c29] - authentication successful using: PROGRAMMATIC_ACCESS_TOKEN"}
{"level":"INFO","message":"[12:26:28.759 PM]: Connection[id: b03dd6d8-299e-4542-addd-290bf4973265] - authentication successful using: PROGRAMMATIC_ACCESS_TOKEN"}
{"level":"INFO","message":"[12:26:28.760 PM]: Connection[id: af734147-ee7d-4523-87ea-868158dd0a0d] - authentication successful using: PROGRAMMATIC_ACCESS_TOKEN"}
{"level":"INFO","message":"[12:26:29.347 PM]: Connection[id: af734147-ee7d-4523-87ea-868158dd0a0d] - connection established successfully after 590.12 milliseconds"}
{"level":"INFO","message":"[12:26:29.366 PM]: Connection[id: b03dd6d8-299e-4542-addd-290bf4973265] - connection established successfully after 611.9 milliseconds"}
{"level":"INFO","message":"[12:26:29.413 PM]: Connection[id: 641eb94d-63ef-450f-b411-81b441f1dc39] - connection established successfully after 666.2 milliseconds"}
{"level":"INFO","message":"[12:26:29.506 PM]: Connection[id: 8e80c284-e10e-471c-b111-673748754c29] - connection established successfully after 755.88 milliseconds"}
{"level":"INFO","message":"[12:27:23.953 PM]: Creating new connection object"}
{"level":"INFO","message":"[12:27:23.956 PM]: Creating Connection[id: eb16daba-17a4-4292-ac24-72d1b85c30d9] with host: NJ39494.ap-southeast-2.snowflakecomputing.com, account: NJ39494, accessUrl: https://NJ39494.ap-southeast-2.snowflakecomputing.com, user: ARMADHANIHIRO, role: ACCOUNTADMIN, database: ECHO_DB, schema: CORE, warehouse: ECHO_WH, proxy was not configured, password is not provided, region: ap-southeast-2, authenticator: PROGRAMMATIC_ACCESS_TOKEN, ocsp mode: FAIL_OPEN, os: win32, os version: 10.0.26200"}
{"level":"INFO","message":"[12:27:23.957 PM]: Connection[id: eb16daba-17a4-4292-ac24-72d1b85c30d9] additional details: passcode in password is provided, passcode is not provided, private key is not provided, application: ECHO, client name: snowflake-sdk, client version: 3.1.0, retry timeout: 300, private key path: undefined, private key pass is not provided, client store temporary credential: false, browser response timeout: 120000"}
{"level":"INFO","message":"[12:27:23.958 PM]: Connection[id: eb16daba-17a4-4292-ac24-72d1b85c30d9] - connection object created successfully."}
{"level":"INFO","message":"[12:27:23.958 PM]: Connection[id: eb16daba-17a4-4292-ac24-72d1b85c30d9] - async connecting. Associated Snowflake domain: GLOBAL"}
{"level":"INFO","message":"[12:27:23.959 PM]: Creating new connection object"}
{"level":"INFO","message":"[12:27:23.960 PM]: Creating Connection[id: eec0e6af-66de-4538-a1b5-44bae546ef30] with host: NJ39494.ap-southeast-2.snowflakecomputing.com, account: NJ39494, accessUrl: https://NJ39494.ap-southeast-2.snowflakecomputing.com, user: ARMADHANIHIRO, role: ACCOUNTADMIN, database: ECHO_DB, schema: CORE, warehouse: ECHO_WH, proxy was not configured, password is not provided, region: ap-southeast-2, authenticator: PROGRAMMATIC_ACCESS_TOKEN, ocsp mode: FAIL_OPEN, os: win32, os version: 10.0.26200"}
{"level":"INFO","message":"[12:27:23.961 PM]: Connection[id: eec0e6af-66de-4538-a1b5-44bae546ef30] additional details: passcode in password is provided, passcode is not provided, private key is not provided, application: ECHO, client name: snowflake-sdk, client version: 3.1.0, retry timeout: 300, private key path: undefined, private key pass is not provided, client store temporary credential: false, browser response timeout: 120000"}
{"level":"INFO","message":"[12:27:23.962 PM]: Connection[id: eec0e6af-66de-4538-a1b5-44bae546ef30] - connection object created successfully."}
{"level":"INFO","message":"[12:27:23.963 PM]: Connection[id: eec0e6af-66de-4538-a1b5-44bae546ef30] - async connecting. Associated Snowflake domain: GLOBAL"}
{"level":"INFO","message":"[12:27:23.963 PM]: Creating new connection object"}
{"level":"INFO","message":"[12:27:23.964 PM]: Creating Connection[id: 0e8abfb9-458b-4070-b64c-15a3ab899767] with host: NJ39494.ap-southeast-2.snowflakecomputing.com, account: NJ39494, accessUrl: https://NJ39494.ap-southeast-2.snowflakecomputing.com, user: ARMADHANIHIRO, role: ACCOUNTADMIN, database: ECHO_DB, schema: CORE, warehouse: ECHO_WH, proxy was not configured, password is not provided, region: ap-southeast-2, authenticator: PROGRAMMATIC_ACCESS_TOKEN, ocsp mode: FAIL_OPEN, os: win32, os version: 10.0.26200"}
{"level":"INFO","message":"[12:27:23.965 PM]: Connection[id: 0e8abfb9-458b-4070-b64c-15a3ab899767] additional details: passcode in password is provided, passcode is not provided, private key is not provided, application: ECHO, client name: snowflake-sdk, client version: 3.1.0, retry timeout: 300, private key path: undefined, private key pass is not provided, client store temporary credential: false, browser response timeout: 120000"}
{"level":"INFO","message":"[12:27:23.966 PM]: Connection[id: 0e8abfb9-458b-4070-b64c-15a3ab899767] - connection object created successfully."}
{"level":"INFO","message":"[12:27:23.967 PM]: Connection[id: 0e8abfb9-458b-4070-b64c-15a3ab899767] - async connecting. Associated Snowflake domain: GLOBAL"}
{"level":"INFO","message":"[12:27:23.968 PM]: Creating new connection object"}
{"level":"INFO","message":"[12:27:23.970 PM]: Creating Connection[id: 75d2c76f-c763-4781-b828-86af694608a0] with host: NJ39494.ap-southeast-2.snowflakecomputing.com, account: NJ39494, accessUrl: https://NJ39494.ap-southeast-2.snowflakecomputing.com, user: ARMADHANIHIRO, role: ACCOUNTADMIN, database: ECHO_DB, schema: CORE, warehouse: ECHO_WH, proxy was not configured, password is not provided, region: ap-southeast-2, authenticator: PROGRAMMATIC_ACCESS_TOKEN, ocsp mode: FAIL_OPEN, os: win32, os version: 10.0.26200"}
{"level":"INFO","message":"[12:27:23.971 PM]: Connection[id: 75d2c76f-c763-4781-b828-86af694608a0] additional details: passcode in password is provided, passcode is not provided, private key is not provided, application: ECHO, client name: snowflake-sdk, client version: 3.1.0, retry timeout: 300, private key path: undefined, private key pass is not provided, client store temporary credential: false, browser response timeout: 120000"}
{"level":"INFO","message":"[12:27:23.971 PM]: Connection[id: 75d2c76f-c763-4781-b828-86af694608a0] - connection object created successfully."}
{"level":"INFO","message":"[12:27:23.973 PM]: Connection[id: 75d2c76f-c763-4781-b828-86af694608a0] - async connecting. Associated Snowflake domain: GLOBAL"}
{"level":"INFO","message":"[12:27:23.975 PM]: Connection[id: eb16daba-17a4-4292-ac24-72d1b85c30d9] - authentication successful using: PROGRAMMATIC_ACCESS_TOKEN"}
{"level":"INFO","message":"[12:27:23.976 PM]: Connection[id: eec0e6af-66de-4538-a1b5-44bae546ef30] - authentication successful using: PROGRAMMATIC_ACCESS_TOKEN"}
{"level":"INFO","message":"[12:27:23.978 PM]: Connection[id: 0e8abfb9-458b-4070-b64c-15a3ab899767] - authentication successful using: PROGRAMMATIC_ACCESS_TOKEN"}
{"level":"INFO","message":"[12:27:23.980 PM]: Connection[id: 75d2c76f-c763-4781-b828-86af694608a0] - authentication successful using: PROGRAMMATIC_ACCESS_TOKEN"}
{"level":"INFO","message":"[12:27:24.653 PM]: Connection[id: eec0e6af-66de-4538-a1b5-44bae546ef30] - connection established successfully after 690.28 milliseconds"}
{"level":"INFO","message":"[12:27:24.751 PM]: Connection[id: eb16daba-17a4-4292-ac24-72d1b85c30d9] - connection established successfully after 792.53 milliseconds"}
{"level":"INFO","message":"[12:27:24.785 PM]: Connection[id: 0e8abfb9-458b-4070-b64c-15a3ab899767] - connection established successfully after 818.4 milliseconds"}
{"level":"INFO","message":"[12:27:24.994 PM]: Connection[id: 75d2c76f-c763-4781-b828-86af694608a0] - connection established successfully after 1021.46 milliseconds"}
{"level":"INFO","message":"[12:28:28.738 PM]: Creating new connection object"}
{"level":"INFO","message":"[12:28:28.741 PM]: Creating Connection[id: 8d7a73b1-0131-4395-bd6c-946c433a1301] with host: NJ39494.ap-southeast-2.snowflakecomputing.com, account: NJ39494, accessUrl: https://NJ39494.ap-southeast-2.snowflakecomputing.com, user: ARMADHANIHIRO, role: ACCOUNTADMIN, database: ECHO_DB, schema: CORE, warehouse: ECHO_WH, proxy was not configured, password is not provided, region: ap-southeast-2, authenticator: PROGRAMMATIC_ACCESS_TOKEN, ocsp mode: FAIL_OPEN, os: win32, os version: 10.0.26200"}
{"level":"INFO","message":"[12:28:28.742 PM]: Connection[id: 8d7a73b1-0131-4395-bd6c-946c433a1301] additional details: passcode in password is provided, passcode is not provided, private key is not provided, application: ECHO, client name: snowflake-sdk, client version: 3.1.0, retry timeout: 300, private key path: undefined, private key pass is not provided, client store temporary credential: false, browser response timeout: 120000"}
{"level":"INFO","message":"[12:28:28.744 PM]: Connection[id: 8d7a73b1-0131-4395-bd6c-946c433a1301] - connection object created successfully."}
{"level":"INFO","message":"[12:28:28.746 PM]: Connection[id: 8d7a73b1-0131-4395-bd6c-946c433a1301] - async connecting. Associated Snowflake domain: GLOBAL"}
{"level":"INFO","message":"[12:28:28.749 PM]: Connection[id: 8d7a73b1-0131-4395-bd6c-946c433a1301] - authentication successful using: PROGRAMMATIC_ACCESS_TOKEN"}
{"level":"INFO","message":"[12:28:29.237 PM]: Connection[id: 8d7a73b1-0131-4395-bd6c-946c433a1301] - connection established successfully after 490.22 milliseconds"}
{"level":"INFO","message":"[12:29:13.140 PM]: Creating new connection object"}
{"level":"INFO","message":"[12:29:13.143 PM]: Creating Connection[id: 7109bfff-cb29-4cc3-ae0a-16d875039972] with host: NJ39494.ap-southeast-2.snowflakecomputing.com, account: NJ39494, accessUrl: https://NJ39494.ap-southeast-2.snowflakecomputing.com, user: ARMADHANIHIRO, role: ACCOUNTADMIN, database: ECHO_DB, schema: CORE, warehouse: ECHO_WH, proxy was not configured, password is not provided, region: ap-southeast-2, authenticator: PROGRAMMATIC_ACCESS_TOKEN, ocsp mode: FAIL_OPEN, os: win32, os version: 10.0.26200"}
{"level":"INFO","message":"[12:29:13.144 PM]: Connection[id: 7109bfff-cb29-4cc3-ae0a-16d875039972] additional details: passcode in password is provided, passcode is not provided, private key is not provided, application: ECHO, client name: snowflake-sdk, client version: 3.1.0, retry timeout: 300, private key path: undefined, private key pass is not provided, client store temporary credential: false, browser response timeout: 120000"}
{"level":"INFO","message":"[12:29:13.146 PM]: Connection[id: 7109bfff-cb29-4cc3-ae0a-16d875039972] - connection object created successfully."}
{"level":"INFO","message":"[12:29:13.147 PM]: Connection[id: 7109bfff-cb29-4cc3-ae0a-16d875039972] - async connecting. Associated Snowflake domain: GLOBAL"}
{"level":"INFO","message":"[12:29:13.148 PM]: Connection[id: 7109bfff-cb29-4cc3-ae0a-16d875039972] - authentication successful using: PROGRAMMATIC_ACCESS_TOKEN"}
{"level":"INFO","message":"[12:29:13.876 PM]: Connection[id: 7109bfff-cb29-4cc3-ae0a-16d875039972] - connection established successfully after 728.2 milliseconds"}
{"level":"INFO","message":"[12:54:50.883 PM]: Creating new connection object"}
{"level":"INFO","message":"[12:54:50.894 PM]: Creating Connection[id: e0599921-5e80-4977-bc6a-f22d0d120004] with host: NJ39494.ap-southeast-2.snowflakecomputing.com, account: NJ39494, accessUrl: https://NJ39494.ap-southeast-2.snowflakecomputing.com, user: ARMADHANIHIRO, role: ACCOUNTADMIN, database: ECHO_DB, schema: CORE, warehouse: ECHO_WH, proxy was not configured, password is not provided, region: ap-southeast-2, authenticator: PROGRAMMATIC_ACCESS_TOKEN, ocsp mode: FAIL_OPEN, os: win32, os version: 10.0.26200"}
{"level":"INFO","message":"[12:54:50.895 PM]: Connection[id: e0599921-5e80-4977-bc6a-f22d0d120004] additional details: passcode in password is provided, passcode is not provided, private key is not provided, application: ECHO, client name: snowflake-sdk, client version: 3.1.0, retry timeout: 300, private key path: undefined, private key pass is not provided, client store temporary credential: false, browser response timeout: 120000"}
{"level":"INFO","message":"[12:54:50.896 PM]: Connection[id: e0599921-5e80-4977-bc6a-f22d0d120004] - connection object created successfully."}
{"level":"INFO","message":"[12:54:50.898 PM]: Connection[id: e0599921-5e80-4977-bc6a-f22d0d120004] - async connecting. Associated Snowflake domain: GLOBAL"}
{"level":"INFO","message":"[12:54:50.900 PM]: Trying to initialize Easy Logging"}
{"level":"INFO","message":"[12:54:50.969 PM]: No client config detected."}
{"level":"INFO","message":"[12:54:50.970 PM]: No config file path found. Client config will not be used."}
{"level":"INFO","message":"[12:54:50.971 PM]: Easy Logging is disabled as no config has been found"}
{"level":"INFO","message":"[12:54:50.973 PM]: Connection[id: e0599921-5e80-4977-bc6a-f22d0d120004] - authentication successful using: PROGRAMMATIC_ACCESS_TOKEN"}
{"level":"INFO","message":"[12:54:52.899 PM]: Creating new connection object"}
{"level":"INFO","message":"[12:54:52.902 PM]: Creating Connection[id: bf931feb-0e1b-4040-85fb-44d91d60137b] with host: NJ39494.ap-southeast-2.snowflakecomputing.com, account: NJ39494, accessUrl: https://NJ39494.ap-southeast-2.snowflakecomputing.com, user: ARMADHANIHIRO, role: ACCOUNTADMIN, database: ECHO_DB, schema: CORE, warehouse: ECHO_WH, proxy was not configured, password is not provided, region: ap-southeast-2, authenticator: PROGRAMMATIC_ACCESS_TOKEN, ocsp mode: FAIL_OPEN, os: win32, os version: 10.0.26200"}
{"level":"INFO","message":"[12:54:52.903 PM]: Connection[id: bf931feb-0e1b-4040-85fb-44d91d60137b] additional details: passcode in password is provided, passcode is not provided, private key is not provided, application: ECHO, client name: snowflake-sdk, client version: 3.1.0, retry timeout: 300, private key path: undefined, private key pass is not provided, client store temporary credential: false, browser response timeout: 120000"}
{"level":"INFO","message":"[12:54:52.903 PM]: Connection[id: bf931feb-0e1b-4040-85fb-44d91d60137b] - connection object created successfully."}
{"level":"INFO","message":"[12:54:52.904 PM]: Connection[id: bf931feb-0e1b-4040-85fb-44d91d60137b] - async connecting. Associated Snowflake domain: GLOBAL"}
{"level":"INFO","message":"[12:54:52.905 PM]: Connection[id: bf931feb-0e1b-4040-85fb-44d91d60137b] - authentication successful using: PROGRAMMATIC_ACCESS_TOKEN"}
{"level":"INFO","message":"[12:54:54.837 PM]: Connection[id: e0599921-5e80-4977-bc6a-f22d0d120004] - connection established successfully after 3938.62 milliseconds"}
{"level":"INFO","message":"[12:54:54.860 PM]: Connection[id: bf931feb-0e1b-4040-85fb-44d91d60137b] - connection established successfully after 1956.31 milliseconds"}
{"level":"INFO","message":"[12:54:57.242 PM]: Creating new connection object"}
{"level":"INFO","message":"[12:54:57.247 PM]: Creating Connection[id: c150c446-4bf5-423f-9d09-85996a04699c] with host: NJ39494.ap-southeast-2.snowflakecomputing.com, account: NJ39494, accessUrl: https://NJ39494.ap-southeast-2.snowflakecomputing.com, user: ARMADHANIHIRO, role: ACCOUNTADMIN, database: ECHO_DB, schema: CORE, warehouse: ECHO_WH, proxy was not configured, password is not provided, region: ap-southeast-2, authenticator: PROGRAMMATIC_ACCESS_TOKEN, ocsp mode: FAIL_OPEN, os: win32, os version: 10.0.26200"}
{"level":"INFO","message":"[12:54:57.248 PM]: Connection[id: c150c446-4bf5-423f-9d09-85996a04699c] additional details: passcode in password is provided, passcode is not provided, private key is not provided, application: ECHO, client name: snowflake-sdk, client version: 3.1.0, retry timeout: 300, private key path: undefined, private key pass is not provided, client store temporary credential: false, browser response timeout: 120000"}
{"level":"INFO","message":"[12:54:57.249 PM]: Connection[id: c150c446-4bf5-423f-9d09-85996a04699c] - connection object created successfully."}
{"level":"INFO","message":"[12:54:57.250 PM]: Connection[id: c150c446-4bf5-423f-9d09-85996a04699c] - async connecting. Associated Snowflake domain: GLOBAL"}
{"level":"INFO","message":"[12:54:57.251 PM]: Creating new connection object"}
{"level":"INFO","message":"[12:54:57.255 PM]: Creating Connection[id: 51e3f6ff-d0d6-439e-a49e-19238b5f199a] with host: NJ39494.ap-southeast-2.snowflakecomputing.com, account: NJ39494, accessUrl: https://NJ39494.ap-southeast-2.snowflakecomputing.com, user: ARMADHANIHIRO, role: ACCOUNTADMIN, database: ECHO_DB, schema: CORE, warehouse: ECHO_WH, proxy was not configured, password is not provided, region: ap-southeast-2, authenticator: PROGRAMMATIC_ACCESS_TOKEN, ocsp mode: FAIL_OPEN, os: win32, os version: 10.0.26200"}
{"level":"INFO","message":"[12:54:57.256 PM]: Connection[id: 51e3f6ff-d0d6-439e-a49e-19238b5f199a] additional details: passcode in password is provided, passcode is not provided, private key is not provided, application: ECHO, client name: snowflake-sdk, client version: 3.1.0, retry timeout: 300, private key path: undefined, private key pass is not provided, client store temporary credential: false, browser response timeout: 120000"}
{"level":"INFO","message":"[12:54:57.257 PM]: Connection[id: 51e3f6ff-d0d6-439e-a49e-19238b5f199a] - connection object created successfully."}
{"level":"INFO","message":"[12:54:57.258 PM]: Connection[id: 51e3f6ff-d0d6-439e-a49e-19238b5f199a] - async connecting. Associated Snowflake domain: GLOBAL"}
{"level":"INFO","message":"[12:54:57.259 PM]: Creating new connection object"}
{"level":"INFO","message":"[12:54:57.261 PM]: Creating Connection[id: b6404938-6501-4caa-a06c-7b98f5feab09] with host: NJ39494.ap-southeast-2.snowflakecomputing.com, account: NJ39494, accessUrl: https://NJ39494.ap-southeast-2.snowflakecomputing.com, user: ARMADHANIHIRO, role: ACCOUNTADMIN, database: ECHO_DB, schema: CORE, warehouse: ECHO_WH, proxy was not configured, password is not provided, region: ap-southeast-2, authenticator: PROGRAMMATIC_ACCESS_TOKEN, ocsp mode: FAIL_OPEN, os: win32, os version: 10.0.26200"}
{"level":"INFO","message":"[12:54:57.263 PM]: Connection[id: b6404938-6501-4caa-a06c-7b98f5feab09] additional details: passcode in password is provided, passcode is not provided, private key is not provided, application: ECHO, client name: snowflake-sdk, client version: 3.1.0, retry timeout: 300, private key path: undefined, private key pass is not provided, client store temporary credential: false, browser response timeout: 120000"}
{"level":"INFO","message":"[12:54:57.265 PM]: Connection[id: b6404938-6501-4caa-a06c-7b98f5feab09] - connection object created successfully."}
{"level":"INFO","message":"[12:54:57.266 PM]: Connection[id: b6404938-6501-4caa-a06c-7b98f5feab09] - async connecting. Associated Snowflake domain: GLOBAL"}
{"level":"INFO","message":"[12:54:57.268 PM]: Creating new connection object"}
{"level":"INFO","message":"[12:54:57.271 PM]: Creating Connection[id: 50e83f6f-e5cb-4945-b4ab-4e86a6227081] with host: NJ39494.ap-southeast-2.snowflakecomputing.com, account: NJ39494, accessUrl: https://NJ39494.ap-southeast-2.snowflakecomputing.com, user: ARMADHANIHIRO, role: ACCOUNTADMIN, database: ECHO_DB, schema: CORE, warehouse: ECHO_WH, proxy was not configured, password is not provided, region: ap-southeast-2, authenticator: PROGRAMMATIC_ACCESS_TOKEN, ocsp mode: FAIL_OPEN, os: win32, os version: 10.0.26200"}
{"level":"INFO","message":"[12:54:57.272 PM]: Connection[id: 50e83f6f-e5cb-4945-b4ab-4e86a6227081] additional details: passcode in password is provided, passcode is not provided, private key is not provided, application: ECHO, client name: snowflake-sdk, client version: 3.1.0, retry timeout: 300, private key path: undefined, private key pass is not provided, client store temporary credential: false, browser response timeout: 120000"}
{"level":"INFO","message":"[12:54:57.273 PM]: Connection[id: 50e83f6f-e5cb-4945-b4ab-4e86a6227081] - connection object created successfully."}
{"level":"INFO","message":"[12:54:57.275 PM]: Connection[id: 50e83f6f-e5cb-4945-b4ab-4e86a6227081] - async connecting. Associated Snowflake domain: GLOBAL"}
{"level":"INFO","message":"[12:54:57.276 PM]: Connection[id: c150c446-4bf5-423f-9d09-85996a04699c] - authentication successful using: PROGRAMMATIC_ACCESS_TOKEN"}
{"level":"INFO","message":"[12:54:57.277 PM]: Connection[id: 51e3f6ff-d0d6-439e-a49e-19238b5f199a] - authentication successful using: PROGRAMMATIC_ACCESS_TOKEN"}
{"level":"INFO","message":"[12:54:57.278 PM]: Connection[id: b6404938-6501-4caa-a06c-7b98f5feab09] - authentication successful using: PROGRAMMATIC_ACCESS_TOKEN"}
{"level":"INFO","message":"[12:54:57.280 PM]: Connection[id: 50e83f6f-e5cb-4945-b4ab-4e86a6227081] - authentication successful using: PROGRAMMATIC_ACCESS_TOKEN"}
{"level":"INFO","message":"[12:54:57.868 PM]: Connection[id: 51e3f6ff-d0d6-439e-a49e-19238b5f199a] - connection established successfully after 609.92 milliseconds"}
{"level":"INFO","message":"[12:54:57.902 PM]: Connection[id: 50e83f6f-e5cb-4945-b4ab-4e86a6227081] - connection established successfully after 627.53 milliseconds"}
{"level":"INFO","message":"[12:54:57.953 PM]: Connection[id: c150c446-4bf5-423f-9d09-85996a04699c] - connection established successfully after 703.21 milliseconds"}
{"level":"INFO","message":"[12:54:58.026 PM]: Connection[id: b6404938-6501-4caa-a06c-7b98f5feab09] - connection established successfully after 759.44 milliseconds"}
{"level":"INFO","message":"[12:55:01.891 PM]: Creating new connection object"}
{"level":"INFO","message":"[12:55:01.897 PM]: Creating Connection[id: ef99016b-ccd2-4cf2-990a-6e091bf6e787] with host: NJ39494.ap-southeast-2.snowflakecomputing.com, account: NJ39494, accessUrl: https://NJ39494.ap-southeast-2.snowflakecomputing.com, user: ARMADHANIHIRO, role: ACCOUNTADMIN, database: ECHO_DB, schema: CORE, warehouse: ECHO_WH, proxy was not configured, password is not provided, region: ap-southeast-2, authenticator: PROGRAMMATIC_ACCESS_TOKEN, ocsp mode: FAIL_OPEN, os: win32, os version: 10.0.26200"}
{"level":"INFO","message":"[12:55:01.900 PM]: Connection[id: ef99016b-ccd2-4cf2-990a-6e091bf6e787] additional details: passcode in password is provided, passcode is not provided, private key is not provided, application: ECHO, client name: snowflake-sdk, client version: 3.1.0, retry timeout: 300, private key path: undefined, private key pass is not provided, client store temporary credential: false, browser response timeout: 120000"}
{"level":"INFO","message":"[12:55:01.904 PM]: Connection[id: ef99016b-ccd2-4cf2-990a-6e091bf6e787] - connection object created successfully."}
{"level":"INFO","message":"[12:55:01.905 PM]: Connection[id: ef99016b-ccd2-4cf2-990a-6e091bf6e787] - async connecting. Associated Snowflake domain: GLOBAL"}
{"level":"INFO","message":"[12:55:01.907 PM]: Creating new connection object"}
{"level":"INFO","message":"[12:55:01.909 PM]: Creating Connection[id: 7f78cf17-6141-4354-a349-57f0540c0628] with host: NJ39494.ap-southeast-2.snowflakecomputing.com, account: NJ39494, accessUrl: https://NJ39494.ap-southeast-2.snowflakecomputing.com, user: ARMADHANIHIRO, role: ACCOUNTADMIN, database: ECHO_DB, schema: CORE, warehouse: ECHO_WH, proxy was not configured, password is not provided, region: ap-southeast-2, authenticator: PROGRAMMATIC_ACCESS_TOKEN, ocsp mode: FAIL_OPEN, os: win32, os version: 10.0.26200"}
{"level":"INFO","message":"[12:55:01.911 PM]: Connection[id: 7f78cf17-6141-4354-a349-57f0540c0628] additional details: passcode in password is provided, passcode is not provided, private key is not provided, application: ECHO, client name: snowflake-sdk, client version: 3.1.0, retry timeout: 300, private key path: undefined, private key pass is not provided, client store temporary credential: false, browser response timeout: 120000"}
{"level":"INFO","message":"[12:55:01.911 PM]: Connection[id: 7f78cf17-6141-4354-a349-57f0540c0628] - connection object created successfully."}
{"level":"INFO","message":"[12:55:01.913 PM]: Connection[id: 7f78cf17-6141-4354-a349-57f0540c0628] - async connecting. Associated Snowflake domain: GLOBAL"}
{"level":"INFO","message":"[12:55:01.915 PM]: Creating new connection object"}
{"level":"INFO","message":"[12:55:01.918 PM]: Creating Connection[id: cc9d40d6-5aa0-43bc-ac10-3a0e3c3ec02f] with host: NJ39494.ap-southeast-2.snowflakecomputing.com, account: NJ39494, accessUrl: https://NJ39494.ap-southeast-2.snowflakecomputing.com, user: ARMADHANIHIRO, role: ACCOUNTADMIN, database: ECHO_DB, schema: CORE, warehouse: ECHO_WH, proxy was not configured, password is not provided, region: ap-southeast-2, authenticator: PROGRAMMATIC_ACCESS_TOKEN, ocsp mode: FAIL_OPEN, os: win32, os version: 10.0.26200"}
{"level":"INFO","message":"[12:55:01.919 PM]: Connection[id: cc9d40d6-5aa0-43bc-ac10-3a0e3c3ec02f] additional details: passcode in password is provided, passcode is not provided, private key is not provided, application: ECHO, client name: snowflake-sdk, client version: 3.1.0, retry timeout: 300, private key path: undefined, private key pass is not provided, client store temporary credential: false, browser response timeout: 120000"}
{"level":"INFO","message":"[12:55:01.920 PM]: Connection[id: cc9d40d6-5aa0-43bc-ac10-3a0e3c3ec02f] - connection object created successfully."}
{"level":"INFO","message":"[12:55:01.921 PM]: Connection[id: cc9d40d6-5aa0-43bc-ac10-3a0e3c3ec02f] - async connecting. Associated Snowflake domain: GLOBAL"}
{"level":"INFO","message":"[12:55:01.922 PM]: Creating new connection object"}
{"level":"INFO","message":"[12:55:01.924 PM]: Creating Connection[id: 2b9f78ba-fb29-4b91-9cd3-6dcd7f2aa3fa] with host: NJ39494.ap-southeast-2.snowflakecomputing.com, account: NJ39494, accessUrl: https://NJ39494.ap-southeast-2.snowflakecomputing.com, user: ARMADHANIHIRO, role: ACCOUNTADMIN, database: ECHO_DB, schema: CORE, warehouse: ECHO_WH, proxy was not configured, password is not provided, region: ap-southeast-2, authenticator: PROGRAMMATIC_ACCESS_TOKEN, ocsp mode: FAIL_OPEN, os: win32, os version: 10.0.26200"}
{"level":"INFO","message":"[12:55:01.924 PM]: Connection[id: 2b9f78ba-fb29-4b91-9cd3-6dcd7f2aa3fa] additional details: passcode in password is provided, passcode is not provided, private key is not provided, application: ECHO, client name: snowflake-sdk, client version: 3.1.0, retry timeout: 300, private key path: undefined, private key pass is not provided, client store temporary credential: false, browser response timeout: 120000"}
{"level":"INFO","message":"[12:55:01.925 PM]: Connection[id: 2b9f78ba-fb29-4b91-9cd3-6dcd7f2aa3fa] - connection object created successfully."}
{"level":"INFO","message":"[12:55:01.927 PM]: Connection[id: 2b9f78ba-fb29-4b91-9cd3-6dcd7f2aa3fa] - async connecting. Associated Snowflake domain: GLOBAL"}
{"level":"INFO","message":"[12:55:01.928 PM]: Connection[id: ef99016b-ccd2-4cf2-990a-6e091bf6e787] - authentication successful using: PROGRAMMATIC_ACCESS_TOKEN"}
{"level":"INFO","message":"[12:55:01.930 PM]: Connection[id: 7f78cf17-6141-4354-a349-57f0540c0628] - authentication successful using: PROGRAMMATIC_ACCESS_TOKEN"}
{"level":"INFO","message":"[12:55:01.932 PM]: Connection[id: cc9d40d6-5aa0-43bc-ac10-3a0e3c3ec02f] - authentication successful using: PROGRAMMATIC_ACCESS_TOKEN"}
{"level":"INFO","message":"[12:55:01.935 PM]: Connection[id: 2b9f78ba-fb29-4b91-9cd3-6dcd7f2aa3fa] - authentication successful using: PROGRAMMATIC_ACCESS_TOKEN"}
{"level":"INFO","message":"[12:55:02.448 PM]: Connection[id: 2b9f78ba-fb29-4b91-9cd3-6dcd7f2aa3fa] - connection established successfully after 521.61 milliseconds"}
{"level":"INFO","message":"[12:55:02.468 PM]: Connection[id: 7f78cf17-6141-4354-a349-57f0540c0628] - connection established successfully after 555.21 milliseconds"}
{"level":"INFO","message":"[12:55:02.530 PM]: Connection[id: ef99016b-ccd2-4cf2-990a-6e091bf6e787] - connection established successfully after 624.72 milliseconds"}
{"level":"INFO","message":"[12:55:02.770 PM]: Connection[id: cc9d40d6-5aa0-43bc-ac10-3a0e3c3ec02f] - connection established successfully after 849.24 milliseconds"}
{"level":"INFO","message":"[12:55:06.391 PM]: Creating new connection object"}
{"level":"INFO","message":"[12:55:06.394 PM]: Creating Connection[id: b03ea70a-93b2-4806-ad3b-83d88e08997c] with host: NJ39494.ap-southeast-2.snowflakecomputing.com, account: NJ39494, accessUrl: https://NJ39494.ap-southeast-2.snowflakecomputing.com, user: ARMADHANIHIRO, role: ACCOUNTADMIN, database: ECHO_DB, schema: CORE, warehouse: ECHO_WH, proxy was not configured, password is not provided, region: ap-southeast-2, authenticator: PROGRAMMATIC_ACCESS_TOKEN, ocsp mode: FAIL_OPEN, os: win32, os version: 10.0.26200"}
{"level":"INFO","message":"[12:55:06.394 PM]: Connection[id: b03ea70a-93b2-4806-ad3b-83d88e08997c] additional details: passcode in password is provided, passcode is not provided, private key is not provided, application: ECHO, client name: snowflake-sdk, client version: 3.1.0, retry timeout: 300, private key path: undefined, private key pass is not provided, client store temporary credential: false, browser response timeout: 120000"}
{"level":"INFO","message":"[12:55:06.396 PM]: Connection[id: b03ea70a-93b2-4806-ad3b-83d88e08997c] - connection object created successfully."}
{"level":"INFO","message":"[12:55:06.396 PM]: Connection[id: b03ea70a-93b2-4806-ad3b-83d88e08997c] - async connecting. Associated Snowflake domain: GLOBAL"}
{"level":"INFO","message":"[12:55:06.397 PM]: Creating new connection object"}
{"level":"INFO","message":"[12:55:06.398 PM]: Creating Connection[id: ce38db32-ee4d-4bbc-badc-b65f8ef4fa41] with host: NJ39494.ap-southeast-2.snowflakecomputing.com, account: NJ39494, accessUrl: https://NJ39494.ap-southeast-2.snowflakecomputing.com, user: ARMADHANIHIRO, role: ACCOUNTADMIN, database: ECHO_DB, schema: CORE, warehouse: ECHO_WH, proxy was not configured, password is not provided, region: ap-southeast-2, authenticator: PROGRAMMATIC_ACCESS_TOKEN, ocsp mode: FAIL_OPEN, os: win32, os version: 10.0.26200"}
{"level":"INFO","message":"[12:55:06.399 PM]: Connection[id: ce38db32-ee4d-4bbc-badc-b65f8ef4fa41] additional details: passcode in password is provided, passcode is not provided, private key is not provided, application: ECHO, client name: snowflake-sdk, client version: 3.1.0, retry timeout: 300, private key path: undefined, private key pass is not provided, client store temporary credential: false, browser response timeout: 120000"}
{"level":"INFO","message":"[12:55:06.399 PM]: Connection[id: ce38db32-ee4d-4bbc-badc-b65f8ef4fa41] - connection object created successfully."}
{"level":"INFO","message":"[12:55:06.400 PM]: Connection[id: ce38db32-ee4d-4bbc-badc-b65f8ef4fa41] - async connecting. Associated Snowflake domain: GLOBAL"}
{"level":"INFO","message":"[12:55:06.400 PM]: Creating new connection object"}
{"level":"INFO","message":"[12:55:06.401 PM]: Creating Connection[id: 959be9d3-9dcc-4f16-9f39-4a72c9a7416f] with host: NJ39494.ap-southeast-2.snowflakecomputing.com, account: NJ39494, accessUrl: https://NJ39494.ap-southeast-2.snowflakecomputing.com, user: ARMADHANIHIRO, role: ACCOUNTADMIN, database: ECHO_DB, schema: CORE, warehouse: ECHO_WH, proxy was not configured, password is not provided, region: ap-southeast-2, authenticator: PROGRAMMATIC_ACCESS_TOKEN, ocsp mode: FAIL_OPEN, os: win32, os version: 10.0.26200"}
{"level":"INFO","message":"[12:55:06.402 PM]: Connection[id: 959be9d3-9dcc-4f16-9f39-4a72c9a7416f] additional details: passcode in password is provided, passcode is not provided, private key is not provided, application: ECHO, client name: snowflake-sdk, client version: 3.1.0, retry timeout: 300, private key path: undefined, private key pass is not provided, client store temporary credential: false, browser response timeout: 120000"}
{"level":"INFO","message":"[12:55:06.403 PM]: Connection[id: 959be9d3-9dcc-4f16-9f39-4a72c9a7416f] - connection object created successfully."}
{"level":"INFO","message":"[12:55:06.404 PM]: Connection[id: 959be9d3-9dcc-4f16-9f39-4a72c9a7416f] - async connecting. Associated Snowflake domain: GLOBAL"}
{"level":"INFO","message":"[12:55:06.406 PM]: Creating new connection object"}
{"level":"INFO","message":"[12:55:06.407 PM]: Creating Connection[id: bd978f9a-38f0-4f56-858e-faf3b8783a1b] with host: NJ39494.ap-southeast-2.snowflakecomputing.com, account: NJ39494, accessUrl: https://NJ39494.ap-southeast-2.snowflakecomputing.com, user: ARMADHANIHIRO, role: ACCOUNTADMIN, database: ECHO_DB, schema: CORE, warehouse: ECHO_WH, proxy was not configured, password is not provided, region: ap-southeast-2, authenticator: PROGRAMMATIC_ACCESS_TOKEN, ocsp mode: FAIL_OPEN, os: win32, os version: 10.0.26200"}
{"level":"INFO","message":"[12:55:06.408 PM]: Connection[id: bd978f9a-38f0-4f56-858e-faf3b8783a1b] additional details: passcode in password is provided, passcode is not provided, private key is not provided, application: ECHO, client name: snowflake-sdk, client version: 3.1.0, retry timeout: 300, private key path: undefined, private key pass is not provided, client store temporary credential: false, browser response timeout: 120000"}
{"level":"INFO","message":"[12:55:06.409 PM]: Connection[id: bd978f9a-38f0-4f56-858e-faf3b8783a1b] - connection object created successfully."}
{"level":"INFO","message":"[12:55:06.410 PM]: Connection[id: bd978f9a-38f0-4f56-858e-faf3b8783a1b] - async connecting. Associated Snowflake domain: GLOBAL"}
{"level":"INFO","message":"[12:55:06.412 PM]: Connection[id: b03ea70a-93b2-4806-ad3b-83d88e08997c] - authentication successful using: PROGRAMMATIC_ACCESS_TOKEN"}
{"level":"INFO","message":"[12:55:06.413 PM]: Connection[id: ce38db32-ee4d-4bbc-badc-b65f8ef4fa41] - authentication successful using: PROGRAMMATIC_ACCESS_TOKEN"}
{"level":"INFO","message":"[12:55:06.414 PM]: Connection[id: 959be9d3-9dcc-4f16-9f39-4a72c9a7416f] - authentication successful using: PROGRAMMATIC_ACCESS_TOKEN"}
{"level":"INFO","message":"[12:55:06.415 PM]: Connection[id: bd978f9a-38f0-4f56-858e-faf3b8783a1b] - authentication successful using: PROGRAMMATIC_ACCESS_TOKEN"}
{"level":"INFO","message":"[12:55:06.972 PM]: Connection[id: ce38db32-ee4d-4bbc-badc-b65f8ef4fa41] - connection established successfully after 572.55 milliseconds"}
{"level":"INFO","message":"[12:55:06.991 PM]: Connection[id: b03ea70a-93b2-4806-ad3b-83d88e08997c] - connection established successfully after 594.93 milliseconds"}
{"level":"INFO","message":"[12:55:07.051 PM]: Connection[id: 959be9d3-9dcc-4f16-9f39-4a72c9a7416f] - connection established successfully after 646.32 milliseconds"}
{"level":"INFO","message":"[12:55:07.138 PM]: Connection[id: bd978f9a-38f0-4f56-858e-faf3b8783a1b] - connection established successfully after 728.26 milliseconds"}
{"level":"INFO","message":"[12:55:14.567 PM]: Creating new connection object"}
{"level":"INFO","message":"[12:55:14.569 PM]: Creating Connection[id: 597b4a03-66b6-4020-bdb9-c261bd6953c1] with host: NJ39494.ap-southeast-2.snowflakecomputing.com, account: NJ39494, accessUrl: https://NJ39494.ap-southeast-2.snowflakecomputing.com, user: ARMADHANIHIRO, role: ACCOUNTADMIN, database: ECHO_DB, schema: CORE, warehouse: ECHO_WH, proxy was not configured, password is not provided, region: ap-southeast-2, authenticator: PROGRAMMATIC_ACCESS_TOKEN, ocsp mode: FAIL_OPEN, os: win32, os version: 10.0.26200"}
{"level":"INFO","message":"[12:55:14.570 PM]: Connection[id: 597b4a03-66b6-4020-bdb9-c261bd6953c1] additional details: passcode in password is provided, passcode is not provided, private key is not provided, application: ECHO, client name: snowflake-sdk, client version: 3.1.0, retry timeout: 300, private key path: undefined, private key pass is not provided, client store temporary credential: false, browser response timeout: 120000"}
{"level":"INFO","message":"[12:55:14.571 PM]: Connection[id: 597b4a03-66b6-4020-bdb9-c261bd6953c1] - connection object created successfully."}
{"level":"INFO","message":"[12:55:14.571 PM]: Connection[id: 597b4a03-66b6-4020-bdb9-c261bd6953c1] - async connecting. Associated Snowflake domain: GLOBAL"}
{"level":"INFO","message":"[12:55:14.572 PM]: Creating new connection object"}
{"level":"INFO","message":"[12:55:14.573 PM]: Creating Connection[id: 8e7bdefe-047b-427d-b57f-c88d4e928bdf] with host: NJ39494.ap-southeast-2.snowflakecomputing.com, account: NJ39494, accessUrl: https://NJ39494.ap-southeast-2.snowflakecomputing.com, user: ARMADHANIHIRO, role: ACCOUNTADMIN, database: ECHO_DB, schema: CORE, warehouse: ECHO_WH, proxy was not configured, password is not provided, region: ap-southeast-2, authenticator: PROGRAMMATIC_ACCESS_TOKEN, ocsp mode: FAIL_OPEN, os: win32, os version: 10.0.26200"}
{"level":"INFO","message":"[12:55:14.573 PM]: Connection[id: 8e7bdefe-047b-427d-b57f-c88d4e928bdf] additional details: passcode in password is provided, passcode is not provided, private key is not provided, application: ECHO, client name: snowflake-sdk, client version: 3.1.0, retry timeout: 300, private key path: undefined, private key pass is not provided, client store temporary credential: false, browser response timeout: 120000"}
{"level":"INFO","message":"[12:55:14.574 PM]: Connection[id: 8e7bdefe-047b-427d-b57f-c88d4e928bdf] - connection object created successfully."}
{"level":"INFO","message":"[12:55:14.574 PM]: Connection[id: 8e7bdefe-047b-427d-b57f-c88d4e928bdf] - async connecting. Associated Snowflake domain: GLOBAL"}
{"level":"INFO","message":"[12:55:14.575 PM]: Creating new connection object"}
{"level":"INFO","message":"[12:55:14.576 PM]: Creating Connection[id: bec2f2a0-5e27-4892-ad37-5b306fa39284] with host: NJ39494.ap-southeast-2.snowflakecomputing.com, account: NJ39494, accessUrl: https://NJ39494.ap-southeast-2.snowflakecomputing.com, user: ARMADHANIHIRO, role: ACCOUNTADMIN, database: ECHO_DB, schema: CORE, warehouse: ECHO_WH, proxy was not configured, password is not provided, region: ap-southeast-2, authenticator: PROGRAMMATIC_ACCESS_TOKEN, ocsp mode: FAIL_OPEN, os: win32, os version: 10.0.26200"}
{"level":"INFO","message":"[12:55:14.577 PM]: Connection[id: bec2f2a0-5e27-4892-ad37-5b306fa39284] additional details: passcode in password is provided, passcode is not provided, private key is not provided, application: ECHO, client name: snowflake-sdk, client version: 3.1.0, retry timeout: 300, private key path: undefined, private key pass is not provided, client store temporary credential: false, browser response timeout: 120000"}
{"level":"INFO","message":"[12:55:14.579 PM]: Connection[id: bec2f2a0-5e27-4892-ad37-5b306fa39284] - connection object created successfully."}
{"level":"INFO","message":"[12:55:14.580 PM]: Connection[id: bec2f2a0-5e27-4892-ad37-5b306fa39284] - async connecting. Associated Snowflake domain: GLOBAL"}
{"level":"INFO","message":"[12:55:14.581 PM]: Creating new connection object"}
{"level":"INFO","message":"[12:55:14.583 PM]: Creating Connection[id: bea44ff4-1284-4385-8417-80a772bfe9ce] with host: NJ39494.ap-southeast-2.snowflakecomputing.com, account: NJ39494, accessUrl: https://NJ39494.ap-southeast-2.snowflakecomputing.com, user: ARMADHANIHIRO, role: ACCOUNTADMIN, database: ECHO_DB, schema: CORE, warehouse: ECHO_WH, proxy was not configured, password is not provided, region: ap-southeast-2, authenticator: PROGRAMMATIC_ACCESS_TOKEN, ocsp mode: FAIL_OPEN, os: win32, os version: 10.0.26200"}
{"level":"INFO","message":"[12:55:14.584 PM]: Connection[id: bea44ff4-1284-4385-8417-80a772bfe9ce] additional details: passcode in password is provided, passcode is not provided, private key is not provided, application: ECHO, client name: snowflake-sdk, client version: 3.1.0, retry timeout: 300, private key path: undefined, private key pass is not provided, client store temporary credential: false, browser response timeout: 120000"}
{"level":"INFO","message":"[12:55:14.585 PM]: Connection[id: bea44ff4-1284-4385-8417-80a772bfe9ce] - connection object created successfully."}
{"level":"INFO","message":"[12:55:14.585 PM]: Connection[id: bea44ff4-1284-4385-8417-80a772bfe9ce] - async connecting. Associated Snowflake domain: GLOBAL"}
{"level":"INFO","message":"[12:55:14.586 PM]: Connection[id: 597b4a03-66b6-4020-bdb9-c261bd6953c1] - authentication successful using: PROGRAMMATIC_ACCESS_TOKEN"}
{"level":"INFO","message":"[12:55:14.587 PM]: Connection[id: 8e7bdefe-047b-427d-b57f-c88d4e928bdf] - authentication successful using: PROGRAMMATIC_ACCESS_TOKEN"}
{"level":"INFO","message":"[12:55:14.587 PM]: Connection[id: bec2f2a0-5e27-4892-ad37-5b306fa39284] - authentication successful using: PROGRAMMATIC_ACCESS_TOKEN"}
{"level":"INFO","message":"[12:55:14.588 PM]: Connection[id: bea44ff4-1284-4385-8417-80a772bfe9ce] - authentication successful using: PROGRAMMATIC_ACCESS_TOKEN"}
{"level":"INFO","message":"[12:55:15.156 PM]: Connection[id: 8e7bdefe-047b-427d-b57f-c88d4e928bdf] - connection established successfully after 581.75 milliseconds"}
{"level":"INFO","message":"[12:55:15.224 PM]: Connection[id: bec2f2a0-5e27-4892-ad37-5b306fa39284] - connection established successfully after 643.94 milliseconds"}
{"level":"INFO","message":"[12:55:15.260 PM]: Connection[id: 597b4a03-66b6-4020-bdb9-c261bd6953c1] - connection established successfully after 688.61 milliseconds"}
{"level":"INFO","message":"[12:55:15.326 PM]: Connection[id: bea44ff4-1284-4385-8417-80a772bfe9ce] - connection established successfully after 740.79 milliseconds"}
{"level":"INFO","message":"[12:56:04.639 PM]: Creating new connection object"}
{"level":"INFO","message":"[12:56:04.642 PM]: Creating Connection[id: dae23578-be63-46d3-a9d7-6317733afaba] with host: NJ39494.ap-southeast-2.snowflakecomputing.com, account: NJ39494, accessUrl: https://NJ39494.ap-southeast-2.snowflakecomputing.com, user: ARMADHANIHIRO, role: ACCOUNTADMIN, database: ECHO_DB, schema: CORE, warehouse: ECHO_WH, proxy was not configured, password is not provided, region: ap-southeast-2, authenticator: PROGRAMMATIC_ACCESS_TOKEN, ocsp mode: FAIL_OPEN, os: win32, os version: 10.0.26200"}
{"level":"INFO","message":"[12:56:04.643 PM]: Connection[id: dae23578-be63-46d3-a9d7-6317733afaba] additional details: passcode in password is provided, passcode is not provided, private key is not provided, application: ECHO, client name: snowflake-sdk, client version: 3.1.0, retry timeout: 300, private key path: undefined, private key pass is not provided, client store temporary credential: false, browser response timeout: 120000"}
{"level":"INFO","message":"[12:56:04.644 PM]: Connection[id: dae23578-be63-46d3-a9d7-6317733afaba] - connection object created successfully."}
{"level":"INFO","message":"[12:56:04.645 PM]: Connection[id: dae23578-be63-46d3-a9d7-6317733afaba] - async connecting. Associated Snowflake domain: GLOBAL"}
{"level":"INFO","message":"[12:56:04.645 PM]: Creating new connection object"}
{"level":"INFO","message":"[12:56:04.647 PM]: Creating Connection[id: 8a584251-e00c-451d-a6f3-a0bfe8341c2a] with host: NJ39494.ap-southeast-2.snowflakecomputing.com, account: NJ39494, accessUrl: https://NJ39494.ap-southeast-2.snowflakecomputing.com, user: ARMADHANIHIRO, role: ACCOUNTADMIN, database: ECHO_DB, schema: CORE, warehouse: ECHO_WH, proxy was not configured, password is not provided, region: ap-southeast-2, authenticator: PROGRAMMATIC_ACCESS_TOKEN, ocsp mode: FAIL_OPEN, os: win32, os version: 10.0.26200"}
{"level":"INFO","message":"[12:56:04.648 PM]: Connection[id: 8a584251-e00c-451d-a6f3-a0bfe8341c2a] additional details: passcode in password is provided, passcode is not provided, private key is not provided, application: ECHO, client name: snowflake-sdk, client version: 3.1.0, retry timeout: 300, private key path: undefined, private key pass is not provided, client store temporary credential: false, browser response timeout: 120000"}
{"level":"INFO","message":"[12:56:04.648 PM]: Connection[id: 8a584251-e00c-451d-a6f3-a0bfe8341c2a] - connection object created successfully."}
{"level":"INFO","message":"[12:56:04.649 PM]: Connection[id: 8a584251-e00c-451d-a6f3-a0bfe8341c2a] - async connecting. Associated Snowflake domain: GLOBAL"}
{"level":"INFO","message":"[12:56:04.649 PM]: Creating new connection object"}
{"level":"INFO","message":"[12:56:04.650 PM]: Creating Connection[id: 233d0b05-8911-4dd3-93c0-749dfa597ed6] with host: NJ39494.ap-southeast-2.snowflakecomputing.com, account: NJ39494, accessUrl: https://NJ39494.ap-southeast-2.snowflakecomputing.com, user: ARMADHANIHIRO, role: ACCOUNTADMIN, database: ECHO_DB, schema: CORE, warehouse: ECHO_WH, proxy was not configured, password is not provided, region: ap-southeast-2, authenticator: PROGRAMMATIC_ACCESS_TOKEN, ocsp mode: FAIL_OPEN, os: win32, os version: 10.0.26200"}
{"level":"INFO","message":"[12:56:04.651 PM]: Connection[id: 233d0b05-8911-4dd3-93c0-749dfa597ed6] additional details: passcode in password is provided, passcode is not provided, private key is not provided, application: ECHO, client name: snowflake-sdk, client version: 3.1.0, retry timeout: 300, private key path: undefined, private key pass is not provided, client store temporary credential: false, browser response timeout: 120000"}
{"level":"INFO","message":"[12:56:04.651 PM]: Connection[id: 233d0b05-8911-4dd3-93c0-749dfa597ed6] - connection object created successfully."}
{"level":"INFO","message":"[12:56:04.652 PM]: Connection[id: 233d0b05-8911-4dd3-93c0-749dfa597ed6] - async connecting. Associated Snowflake domain: GLOBAL"}
{"level":"INFO","message":"[12:56:04.652 PM]: Creating new connection object"}
{"level":"INFO","message":"[12:56:04.654 PM]: Creating Connection[id: d456e87c-f516-4e28-8587-ff213c727e9f] with host: NJ39494.ap-southeast-2.snowflakecomputing.com, account: NJ39494, accessUrl: https://NJ39494.ap-southeast-2.snowflakecomputing.com, user: ARMADHANIHIRO, role: ACCOUNTADMIN, database: ECHO_DB, schema: CORE, warehouse: ECHO_WH, proxy was not configured, password is not provided, region: ap-southeast-2, authenticator: PROGRAMMATIC_ACCESS_TOKEN, ocsp mode: FAIL_OPEN, os: win32, os version: 10.0.26200"}
{"level":"INFO","message":"[12:56:04.654 PM]: Connection[id: d456e87c-f516-4e28-8587-ff213c727e9f] additional details: passcode in password is provided, passcode is not provided, private key is not provided, application: ECHO, client name: snowflake-sdk, client version: 3.1.0, retry timeout: 300, private key path: undefined, private key pass is not provided, client store temporary credential: false, browser response timeout: 120000"}
{"level":"INFO","message":"[12:56:04.655 PM]: Connection[id: d456e87c-f516-4e28-8587-ff213c727e9f] - connection object created successfully."}
{"level":"INFO","message":"[12:56:04.655 PM]: Connection[id: d456e87c-f516-4e28-8587-ff213c727e9f] - async connecting. Associated Snowflake domain: GLOBAL"}
{"level":"INFO","message":"[12:56:04.655 PM]: Connection[id: dae23578-be63-46d3-a9d7-6317733afaba] - authentication successful using: PROGRAMMATIC_ACCESS_TOKEN"}
{"level":"INFO","message":"[12:56:04.656 PM]: Connection[id: 8a584251-e00c-451d-a6f3-a0bfe8341c2a] - authentication successful using: PROGRAMMATIC_ACCESS_TOKEN"}
{"level":"INFO","message":"[12:56:04.657 PM]: Connection[id: 233d0b05-8911-4dd3-93c0-749dfa597ed6] - authentication successful using: PROGRAMMATIC_ACCESS_TOKEN"}
{"level":"INFO","message":"[12:56:04.657 PM]: Connection[id: d456e87c-f516-4e28-8587-ff213c727e9f] - authentication successful using: PROGRAMMATIC_ACCESS_TOKEN"}
{"level":"INFO","message":"[12:56:05.462 PM]: Connection[id: 233d0b05-8911-4dd3-93c0-749dfa597ed6] - connection established successfully after 809.93 milliseconds"}
{"level":"INFO","message":"[12:56:05.494 PM]: Connection[id: d456e87c-f516-4e28-8587-ff213c727e9f] - connection established successfully after 838.94 milliseconds"}
{"level":"INFO","message":"[12:56:05.533 PM]: Connection[id: dae23578-be63-46d3-a9d7-6317733afaba] - connection established successfully after 888.46 milliseconds"}
{"level":"INFO","message":"[12:56:05.851 PM]: Connection[id: 8a584251-e00c-451d-a6f3-a0bfe8341c2a] - connection established successfully after 1201.93 milliseconds"}
{"level":"INFO","message":"[1:01:04.183 PM]: Creating new connection object"}
{"level":"INFO","message":"[1:01:04.184 PM]: Creating Connection[id: a5c325a0-e2bf-475c-841c-c90ba8315b41] with host: NJ39494.ap-southeast-2.snowflakecomputing.com, account: NJ39494, accessUrl: https://NJ39494.ap-southeast-2.snowflakecomputing.com, user: ARMADHANIHIRO, role: ACCOUNTADMIN, database: ECHO_DB, schema: CORE, warehouse: ECHO_WH, proxy was not configured, password is not provided, region: ap-southeast-2, authenticator: PROGRAMMATIC_ACCESS_TOKEN, ocsp mode: FAIL_OPEN, os: win32, os version: 10.0.26200"}
{"level":"INFO","message":"[1:01:04.185 PM]: Connection[id: a5c325a0-e2bf-475c-841c-c90ba8315b41] additional details: passcode in password is provided, passcode is not provided, private key is not provided, application: ECHO, client name: snowflake-sdk, client version: 3.1.0, retry timeout: 300, private key path: undefined, private key pass is not provided, client store temporary credential: false, browser response timeout: 120000"}
{"level":"INFO","message":"[1:01:04.185 PM]: Connection[id: a5c325a0-e2bf-475c-841c-c90ba8315b41] - connection object created successfully."}
{"level":"INFO","message":"[1:01:04.185 PM]: Connection[id: a5c325a0-e2bf-475c-841c-c90ba8315b41] - async connecting. Associated Snowflake domain: GLOBAL"}
{"level":"INFO","message":"[1:01:04.185 PM]: Trying to initialize Easy Logging"}
{"level":"INFO","message":"[1:01:04.194 PM]: No client config detected."}
{"level":"INFO","message":"[1:01:04.195 PM]: No config file path found. Client config will not be used."}
{"level":"INFO","message":"[1:01:04.196 PM]: Easy Logging is disabled as no config has been found"}
{"level":"INFO","message":"[1:01:04.197 PM]: Connection[id: a5c325a0-e2bf-475c-841c-c90ba8315b41] - authentication successful using: PROGRAMMATIC_ACCESS_TOKEN"}
{"level":"INFO","message":"[1:01:07.047 PM]: Connection[id: a5c325a0-e2bf-475c-841c-c90ba8315b41] - connection established successfully after 2861.68 milliseconds"}
{"level":"INFO","message":"[1:01:07.678 PM]: Creating new connection object"}
{"level":"INFO","message":"[1:01:07.680 PM]: Creating Connection[id: d94b9cb4-98e1-45a8-9187-1a162b5f489d] with host: NJ39494.ap-southeast-2.snowflakecomputing.com, account: NJ39494, accessUrl: https://NJ39494.ap-southeast-2.snowflakecomputing.com, user: ARMADHANIHIRO, role: ACCOUNTADMIN, database: ECHO_DB, schema: CORE, warehouse: ECHO_WH, proxy was not configured, password is not provided, region: ap-southeast-2, authenticator: PROGRAMMATIC_ACCESS_TOKEN, ocsp mode: FAIL_OPEN, os: win32, os version: 10.0.26200"}
{"level":"INFO","message":"[1:01:07.681 PM]: Connection[id: d94b9cb4-98e1-45a8-9187-1a162b5f489d] additional details: passcode in password is provided, passcode is not provided, private key is not provided, application: ECHO, client name: snowflake-sdk, client version: 3.1.0, retry timeout: 300, private key path: undefined, private key pass is not provided, client store temporary credential: false, browser response timeout: 120000"}
{"level":"INFO","message":"[1:01:07.681 PM]: Connection[id: d94b9cb4-98e1-45a8-9187-1a162b5f489d] - connection object created successfully."}
{"level":"INFO","message":"[1:01:07.682 PM]: Connection[id: d94b9cb4-98e1-45a8-9187-1a162b5f489d] - async connecting. Associated Snowflake domain: GLOBAL"}
{"level":"INFO","message":"[1:01:07.683 PM]: Creating new connection object"}
{"level":"INFO","message":"[1:01:07.685 PM]: Creating Connection[id: 150c1837-dce7-42b9-bce8-b058df940f05] with host: NJ39494.ap-southeast-2.snowflakecomputing.com, account: NJ39494, accessUrl: https://NJ39494.ap-southeast-2.snowflakecomputing.com, user: ARMADHANIHIRO, role: ACCOUNTADMIN, database: ECHO_DB, schema: CORE, warehouse: ECHO_WH, proxy was not configured, password is not provided, region: ap-southeast-2, authenticator: PROGRAMMATIC_ACCESS_TOKEN, ocsp mode: FAIL_OPEN, os: win32, os version: 10.0.26200"}
{"level":"INFO","message":"[1:01:07.687 PM]: Connection[id: 150c1837-dce7-42b9-bce8-b058df940f05] additional details: passcode in password is provided, passcode is not provided, private key is not provided, application: ECHO, client name: snowflake-sdk, client version: 3.1.0, retry timeout: 300, private key path: undefined, private key pass is not provided, client store temporary credential: false, browser response timeout: 120000"}
{"level":"INFO","message":"[1:01:07.688 PM]: Connection[id: 150c1837-dce7-42b9-bce8-b058df940f05] - connection object created successfully."}
{"level":"INFO","message":"[1:01:07.689 PM]: Connection[id: 150c1837-dce7-42b9-bce8-b058df940f05] - async connecting. Associated Snowflake domain: GLOBAL"}
{"level":"INFO","message":"[1:01:07.690 PM]: Creating new connection object"}
{"level":"INFO","message":"[1:01:07.692 PM]: Creating Connection[id: 45821194-f157-40e1-93b1-2bc577d457d7] with host: NJ39494.ap-southeast-2.snowflakecomputing.com, account: NJ39494, accessUrl: https://NJ39494.ap-southeast-2.snowflakecomputing.com, user: ARMADHANIHIRO, role: ACCOUNTADMIN, database: ECHO_DB, schema: CORE, warehouse: ECHO_WH, proxy was not configured, password is not provided, region: ap-southeast-2, authenticator: PROGRAMMATIC_ACCESS_TOKEN, ocsp mode: FAIL_OPEN, os: win32, os version: 10.0.26200"}
{"level":"INFO","message":"[1:01:07.693 PM]: Connection[id: 45821194-f157-40e1-93b1-2bc577d457d7] additional details: passcode in password is provided, passcode is not provided, private key is not provided, application: ECHO, client name: snowflake-sdk, client version: 3.1.0, retry timeout: 300, private key path: undefined, private key pass is not provided, client store temporary credential: false, browser response timeout: 120000"}
{"level":"INFO","message":"[1:01:07.694 PM]: Connection[id: 45821194-f157-40e1-93b1-2bc577d457d7] - connection object created successfully."}
{"level":"INFO","message":"[1:01:07.696 PM]: Connection[id: 45821194-f157-40e1-93b1-2bc577d457d7] - async connecting. Associated Snowflake domain: GLOBAL"}
{"level":"INFO","message":"[1:01:07.697 PM]: Creating new connection object"}
{"level":"INFO","message":"[1:01:07.699 PM]: Creating Connection[id: 00bf6b32-871d-47e2-92f0-8b1421192b70] with host: NJ39494.ap-southeast-2.snowflakecomputing.com, account: NJ39494, accessUrl: https://NJ39494.ap-southeast-2.snowflakecomputing.com, user: ARMADHANIHIRO, role: ACCOUNTADMIN, database: ECHO_DB, schema: CORE, warehouse: ECHO_WH, proxy was not configured, password is not provided, region: ap-southeast-2, authenticator: PROGRAMMATIC_ACCESS_TOKEN, ocsp mode: FAIL_OPEN, os: win32, os version: 10.0.26200"}
{"level":"INFO","message":"[1:01:07.699 PM]: Connection[id: 00bf6b32-871d-47e2-92f0-8b1421192b70] additional details: passcode in password is provided, passcode is not provided, private key is not provided, application: ECHO, client name: snowflake-sdk, client version: 3.1.0, retry timeout: 300, private key path: undefined, private key pass is not provided, client store temporary credential: false, browser response timeout: 120000"}
{"level":"INFO","message":"[1:01:07.700 PM]: Connection[id: 00bf6b32-871d-47e2-92f0-8b1421192b70] - connection object created successfully."}
{"level":"INFO","message":"[1:01:07.702 PM]: Connection[id: 00bf6b32-871d-47e2-92f0-8b1421192b70] - async connecting. Associated Snowflake domain: GLOBAL"}
{"level":"INFO","message":"[1:01:07.704 PM]: Connection[id: d94b9cb4-98e1-45a8-9187-1a162b5f489d] - authentication successful using: PROGRAMMATIC_ACCESS_TOKEN"}
{"level":"INFO","message":"[1:01:07.705 PM]: Connection[id: 150c1837-dce7-42b9-bce8-b058df940f05] - authentication successful using: PROGRAMMATIC_ACCESS_TOKEN"}
{"level":"INFO","message":"[1:01:07.706 PM]: Connection[id: 45821194-f157-40e1-93b1-2bc577d457d7] - authentication successful using: PROGRAMMATIC_ACCESS_TOKEN"}
{"level":"INFO","message":"[1:01:07.707 PM]: Connection[id: 00bf6b32-871d-47e2-92f0-8b1421192b70] - authentication successful using: PROGRAMMATIC_ACCESS_TOKEN"}
{"level":"INFO","message":"[1:01:08.229 PM]: Connection[id: 00bf6b32-871d-47e2-92f0-8b1421192b70] - connection established successfully after 526.54 milliseconds"}
{"level":"INFO","message":"[1:01:08.248 PM]: Connection[id: d94b9cb4-98e1-45a8-9187-1a162b5f489d] - connection established successfully after 565.85 milliseconds"}
{"level":"INFO","message":"[1:01:08.311 PM]: Connection[id: 45821194-f157-40e1-93b1-2bc577d457d7] - connection established successfully after 614.84 milliseconds"}
{"level":"INFO","message":"[1:01:08.397 PM]: Connection[id: 150c1837-dce7-42b9-bce8-b058df940f05] - connection established successfully after 708.18 milliseconds"}
{"level":"INFO","message":"[1:03:33.880 PM]: Creating new connection object"}
{"level":"INFO","message":"[1:03:33.881 PM]: Creating Connection[id: 36ea1ae6-cf00-4099-b929-6a6cb0c4b228] with host: NJ39494.ap-southeast-2.snowflakecomputing.com, account: NJ39494, accessUrl: https://NJ39494.ap-southeast-2.snowflakecomputing.com, user: ARMADHANIHIRO, role: ACCOUNTADMIN, database: ECHO_DB, schema: CORE, warehouse: ECHO_WH, proxy was not configured, password is not provided, region: ap-southeast-2, authenticator: PROGRAMMATIC_ACCESS_TOKEN, ocsp mode: FAIL_OPEN, os: win32, os version: 10.0.26200"}
{"level":"INFO","message":"[1:03:33.882 PM]: Connection[id: 36ea1ae6-cf00-4099-b929-6a6cb0c4b228] additional details: passcode in password is provided, passcode is not provided, private key is not provided, application: ECHO, client name: snowflake-sdk, client version: 3.1.0, retry timeout: 300, private key path: undefined, private key pass is not provided, client store temporary credential: false, browser response timeout: 120000"}
{"level":"INFO","message":"[1:03:33.882 PM]: Connection[id: 36ea1ae6-cf00-4099-b929-6a6cb0c4b228] - connection object created successfully."}
{"level":"INFO","message":"[1:03:33.882 PM]: Connection[id: 36ea1ae6-cf00-4099-b929-6a6cb0c4b228] - async connecting. Associated Snowflake domain: GLOBAL"}
{"level":"INFO","message":"[1:03:33.882 PM]: Connection[id: 36ea1ae6-cf00-4099-b929-6a6cb0c4b228] - authentication successful using: PROGRAMMATIC_ACCESS_TOKEN"}
{"level":"INFO","message":"[1:03:34.592 PM]: Creating new connection object"}
{"level":"INFO","message":"[1:03:34.594 PM]: Creating Connection[id: d1531d43-cacc-4e37-a3b1-c72f2eacd53f] with host: NJ39494.ap-southeast-2.snowflakecomputing.com, account: NJ39494, accessUrl: https://NJ39494.ap-southeast-2.snowflakecomputing.com, user: ARMADHANIHIRO, role: ACCOUNTADMIN, database: ECHO_DB, schema: CORE, warehouse: ECHO_WH, proxy was not configured, password is not provided, region: ap-southeast-2, authenticator: PROGRAMMATIC_ACCESS_TOKEN, ocsp mode: FAIL_OPEN, os: win32, os version: 10.0.26200"}
{"level":"INFO","message":"[1:03:34.594 PM]: Connection[id: d1531d43-cacc-4e37-a3b1-c72f2eacd53f] additional details: passcode in password is provided, passcode is not provided, private key is not provided, application: ECHO, client name: snowflake-sdk, client version: 3.1.0, retry timeout: 300, private key path: undefined, private key pass is not provided, client store temporary credential: false, browser response timeout: 120000"}
{"level":"INFO","message":"[1:03:34.594 PM]: Connection[id: d1531d43-cacc-4e37-a3b1-c72f2eacd53f] - connection object created successfully."}
{"level":"INFO","message":"[1:03:34.595 PM]: Connection[id: d1531d43-cacc-4e37-a3b1-c72f2eacd53f] - async connecting. Associated Snowflake domain: GLOBAL"}
{"level":"INFO","message":"[1:03:34.596 PM]: Connection[id: d1531d43-cacc-4e37-a3b1-c72f2eacd53f] - authentication successful using: PROGRAMMATIC_ACCESS_TOKEN"}
{"level":"INFO","message":"[1:03:34.790 PM]: Connection[id: 36ea1ae6-cf00-4099-b929-6a6cb0c4b228] - connection established successfully after 910.67 milliseconds"}
{"level":"INFO","message":"[1:03:34.990 PM]: Connection[id: d1531d43-cacc-4e37-a3b1-c72f2eacd53f] - connection established successfully after 395.18 milliseconds"}
{"level":"INFO","message":"[1:03:35.671 PM]: Creating new connection object"}
{"level":"INFO","message":"[1:03:35.673 PM]: Creating Connection[id: 24cc038d-4ba3-4502-9f5f-2c8ed1054f9d] with host: NJ39494.ap-southeast-2.snowflakecomputing.com, account: NJ39494, accessUrl: https://NJ39494.ap-southeast-2.snowflakecomputing.com, user: ARMADHANIHIRO, role: ACCOUNTADMIN, database: ECHO_DB, schema: CORE, warehouse: ECHO_WH, proxy was not configured, password is not provided, region: ap-southeast-2, authenticator: PROGRAMMATIC_ACCESS_TOKEN, ocsp mode: FAIL_OPEN, os: win32, os version: 10.0.26200"}
{"level":"INFO","message":"[1:03:35.674 PM]: Connection[id: 24cc038d-4ba3-4502-9f5f-2c8ed1054f9d] additional details: passcode in password is provided, passcode is not provided, private key is not provided, application: ECHO, client name: snowflake-sdk, client version: 3.1.0, retry timeout: 300, private key path: undefined, private key pass is not provided, client store temporary credential: false, browser response timeout: 120000"}
{"level":"INFO","message":"[1:03:35.674 PM]: Connection[id: 24cc038d-4ba3-4502-9f5f-2c8ed1054f9d] - connection object created successfully."}
{"level":"INFO","message":"[1:03:35.675 PM]: Connection[id: 24cc038d-4ba3-4502-9f5f-2c8ed1054f9d] - async connecting. Associated Snowflake domain: GLOBAL"}
{"level":"INFO","message":"[1:03:35.675 PM]: Creating new connection object"}
{"level":"INFO","message":"[1:03:35.676 PM]: Creating Connection[id: 396e28c8-78cd-4da2-b94e-07ad08e64f85] with host: NJ39494.ap-southeast-2.snowflakecomputing.com, account: NJ39494, accessUrl: https://NJ39494.ap-southeast-2.snowflakecomputing.com, user: ARMADHANIHIRO, role: ACCOUNTADMIN, database: ECHO_DB, schema: CORE, warehouse: ECHO_WH, proxy was not configured, password is not provided, region: ap-southeast-2, authenticator: PROGRAMMATIC_ACCESS_TOKEN, ocsp mode: FAIL_OPEN, os: win32, os version: 10.0.26200"}
{"level":"INFO","message":"[1:03:35.677 PM]: Connection[id: 396e28c8-78cd-4da2-b94e-07ad08e64f85] additional details: passcode in password is provided, passcode is not provided, private key is not provided, application: ECHO, client name: snowflake-sdk, client version: 3.1.0, retry timeout: 300, private key path: undefined, private key pass is not provided, client store temporary credential: false, browser response timeout: 120000"}
{"level":"INFO","message":"[1:03:35.677 PM]: Connection[id: 396e28c8-78cd-4da2-b94e-07ad08e64f85] - connection object created successfully."}
{"level":"INFO","message":"[1:03:35.678 PM]: Connection[id: 396e28c8-78cd-4da2-b94e-07ad08e64f85] - async connecting. Associated Snowflake domain: GLOBAL"}
{"level":"INFO","message":"[1:03:35.679 PM]: Creating new connection object"}
{"level":"INFO","message":"[1:03:35.679 PM]: Creating Connection[id: ab440c21-63be-4861-9809-5f00a3589793] with host: NJ39494.ap-southeast-2.snowflakecomputing.com, account: NJ39494, accessUrl: https://NJ39494.ap-southeast-2.snowflakecomputing.com, user: ARMADHANIHIRO, role: ACCOUNTADMIN, database: ECHO_DB, schema: CORE, warehouse: ECHO_WH, proxy was not configured, password is not provided, region: ap-southeast-2, authenticator: PROGRAMMATIC_ACCESS_TOKEN, ocsp mode: FAIL_OPEN, os: win32, os version: 10.0.26200"}
{"level":"INFO","message":"[1:03:35.680 PM]: Connection[id: ab440c21-63be-4861-9809-5f00a3589793] additional details: passcode in password is provided, passcode is not provided, private key is not provided, application: ECHO, client name: snowflake-sdk, client version: 3.1.0, retry timeout: 300, private key path: undefined, private key pass is not provided, client store temporary credential: false, browser response timeout: 120000"}
{"level":"INFO","message":"[1:03:35.680 PM]: Connection[id: ab440c21-63be-4861-9809-5f00a3589793] - connection object created successfully."}
{"level":"INFO","message":"[1:03:35.681 PM]: Connection[id: ab440c21-63be-4861-9809-5f00a3589793] - async connecting. Associated Snowflake domain: GLOBAL"}
{"level":"INFO","message":"[1:03:35.682 PM]: Creating new connection object"}
{"level":"INFO","message":"[1:03:35.682 PM]: Creating Connection[id: ccf36e14-ce9a-4239-a3f1-ec47a62d658e] with host: NJ39494.ap-southeast-2.snowflakecomputing.com, account: NJ39494, accessUrl: https://NJ39494.ap-southeast-2.snowflakecomputing.com, user: ARMADHANIHIRO, role: ACCOUNTADMIN, database: ECHO_DB, schema: CORE, warehouse: ECHO_WH, proxy was not configured, password is not provided, region: ap-southeast-2, authenticator: PROGRAMMATIC_ACCESS_TOKEN, ocsp mode: FAIL_OPEN, os: win32, os version: 10.0.26200"}
{"level":"INFO","message":"[1:03:35.683 PM]: Connection[id: ccf36e14-ce9a-4239-a3f1-ec47a62d658e] additional details: passcode in password is provided, passcode is not provided, private key is not provided, application: ECHO, client name: snowflake-sdk, client version: 3.1.0, retry timeout: 300, private key path: undefined, private key pass is not provided, client store temporary credential: false, browser response timeout: 120000"}
{"level":"INFO","message":"[1:03:35.683 PM]: Connection[id: ccf36e14-ce9a-4239-a3f1-ec47a62d658e] - connection object created successfully."}
{"level":"INFO","message":"[1:03:35.683 PM]: Connection[id: ccf36e14-ce9a-4239-a3f1-ec47a62d658e] - async connecting. Associated Snowflake domain: GLOBAL"}
{"level":"INFO","message":"[1:03:35.684 PM]: Connection[id: 24cc038d-4ba3-4502-9f5f-2c8ed1054f9d] - authentication successful using: PROGRAMMATIC_ACCESS_TOKEN"}
{"level":"INFO","message":"[1:03:35.684 PM]: Connection[id: 396e28c8-78cd-4da2-b94e-07ad08e64f85] - authentication successful using: PROGRAMMATIC_ACCESS_TOKEN"}
{"level":"INFO","message":"[1:03:35.684 PM]: Connection[id: ab440c21-63be-4861-9809-5f00a3589793] - authentication successful using: PROGRAMMATIC_ACCESS_TOKEN"}
{"level":"INFO","message":"[1:03:35.684 PM]: Connection[id: ccf36e14-ce9a-4239-a3f1-ec47a62d658e] - authentication successful using: PROGRAMMATIC_ACCESS_TOKEN"}
{"level":"INFO","message":"[1:03:36.150 PM]: Connection[id: ccf36e14-ce9a-4239-a3f1-ec47a62d658e] - connection established successfully after 466.44 milliseconds"}
{"level":"INFO","message":"[1:03:36.221 PM]: Connection[id: 24cc038d-4ba3-4502-9f5f-2c8ed1054f9d] - connection established successfully after 546.68 milliseconds"}
{"level":"INFO","message":"[1:03:36.263 PM]: Connection[id: ab440c21-63be-4861-9809-5f00a3589793] - connection established successfully after 581.42 milliseconds"}
{"level":"INFO","message":"[1:03:36.378 PM]: Connection[id: 396e28c8-78cd-4da2-b94e-07ad08e64f85] - connection established successfully after 699.67 milliseconds"}
{"level":"INFO","message":"[1:10:01.633 PM]: Creating new connection object"}
{"level":"INFO","message":"[1:10:01.635 PM]: Creating Connection[id: 0ffde24f-829d-48da-821f-a1f01ef3ff97] with host: NJ39494.ap-southeast-2.snowflakecomputing.com, account: NJ39494, accessUrl: https://NJ39494.ap-southeast-2.snowflakecomputing.com, user: ARMADHANIHIRO, role: ACCOUNTADMIN, database: ECHO_DB, schema: CORE, warehouse: ECHO_WH, proxy was not configured, password is not provided, region: ap-southeast-2, authenticator: PROGRAMMATIC_ACCESS_TOKEN, ocsp mode: FAIL_OPEN, os: win32, os version: 10.0.26200"}
{"level":"INFO","message":"[1:10:01.636 PM]: Connection[id: 0ffde24f-829d-48da-821f-a1f01ef3ff97] additional details: passcode in password is provided, passcode is not provided, private key is not provided, application: ECHO, client name: snowflake-sdk, client version: 3.1.0, retry timeout: 300, private key path: undefined, private key pass is not provided, client store temporary credential: false, browser response timeout: 120000"}
{"level":"INFO","message":"[1:10:01.637 PM]: Connection[id: 0ffde24f-829d-48da-821f-a1f01ef3ff97] - connection object created successfully."}
{"level":"INFO","message":"[1:10:01.637 PM]: Connection[id: 0ffde24f-829d-48da-821f-a1f01ef3ff97] - async connecting. Associated Snowflake domain: GLOBAL"}
{"level":"INFO","message":"[1:10:01.638 PM]: Connection[id: 0ffde24f-829d-48da-821f-a1f01ef3ff97] - authentication successful using: PROGRAMMATIC_ACCESS_TOKEN"}
{"level":"INFO","message":"[1:10:03.367 PM]: Connection[id: 0ffde24f-829d-48da-821f-a1f01ef3ff97] - connection established successfully after 1729.92 milliseconds"}
{"level":"INFO","message":"[1:10:04.008 PM]: Creating new connection object"}
{"level":"INFO","message":"[1:10:04.011 PM]: Creating Connection[id: 06a97667-b6f7-442c-b9a3-33224b4446fb] with host: NJ39494.ap-southeast-2.snowflakecomputing.com, account: NJ39494, accessUrl: https://NJ39494.ap-southeast-2.snowflakecomputing.com, user: ARMADHANIHIRO, role: ACCOUNTADMIN, database: ECHO_DB, schema: CORE, warehouse: ECHO_WH, proxy was not configured, password is not provided, region: ap-southeast-2, authenticator: PROGRAMMATIC_ACCESS_TOKEN, ocsp mode: FAIL_OPEN, os: win32, os version: 10.0.26200"}
{"level":"INFO","message":"[1:10:04.013 PM]: Connection[id: 06a97667-b6f7-442c-b9a3-33224b4446fb] additional details: passcode in password is provided, passcode is not provided, private key is not provided, application: ECHO, client name: snowflake-sdk, client version: 3.1.0, retry timeout: 300, private key path: undefined, private key pass is not provided, client store temporary credential: false, browser response timeout: 120000"}
{"level":"INFO","message":"[1:10:04.013 PM]: Connection[id: 06a97667-b6f7-442c-b9a3-33224b4446fb] - connection object created successfully."}
{"level":"INFO","message":"[1:10:04.014 PM]: Connection[id: 06a97667-b6f7-442c-b9a3-33224b4446fb] - async connecting. Associated Snowflake domain: GLOBAL"}
{"level":"INFO","message":"[1:10:04.015 PM]: Creating new connection object"}
{"level":"INFO","message":"[1:10:04.016 PM]: Creating Connection[id: 547d4c7a-596d-4278-b147-b8aefceb9834] with host: NJ39494.ap-southeast-2.snowflakecomputing.com, account: NJ39494, accessUrl: https://NJ39494.ap-southeast-2.snowflakecomputing.com, user: ARMADHANIHIRO, role: ACCOUNTADMIN, database: ECHO_DB, schema: CORE, warehouse: ECHO_WH, proxy was not configured, password is not provided, region: ap-southeast-2, authenticator: PROGRAMMATIC_ACCESS_TOKEN, ocsp mode: FAIL_OPEN, os: win32, os version: 10.0.26200"}
{"level":"INFO","message":"[1:10:04.017 PM]: Connection[id: 547d4c7a-596d-4278-b147-b8aefceb9834] additional details: passcode in password is provided, passcode is not provided, private key is not provided, application: ECHO, client name: snowflake-sdk, client version: 3.1.0, retry timeout: 300, private key path: undefined, private key pass is not provided, client store temporary credential: false, browser response timeout: 120000"}
{"level":"INFO","message":"[1:10:04.017 PM]: Connection[id: 547d4c7a-596d-4278-b147-b8aefceb9834] - connection object created successfully."}
{"level":"INFO","message":"[1:10:04.017 PM]: Connection[id: 547d4c7a-596d-4278-b147-b8aefceb9834] - async connecting. Associated Snowflake domain: GLOBAL"}
{"level":"INFO","message":"[1:10:04.018 PM]: Creating new connection object"}
{"level":"INFO","message":"[1:10:04.019 PM]: Creating Connection[id: 8999606a-5ada-431a-9c0f-af9f69bfb5ca] with host: NJ39494.ap-southeast-2.snowflakecomputing.com, account: NJ39494, accessUrl: https://NJ39494.ap-southeast-2.snowflakecomputing.com, user: ARMADHANIHIRO, role: ACCOUNTADMIN, database: ECHO_DB, schema: CORE, warehouse: ECHO_WH, proxy was not configured, password is not provided, region: ap-southeast-2, authenticator: PROGRAMMATIC_ACCESS_TOKEN, ocsp mode: FAIL_OPEN, os: win32, os version: 10.0.26200"}
{"level":"INFO","message":"[1:10:04.019 PM]: Connection[id: 8999606a-5ada-431a-9c0f-af9f69bfb5ca] additional details: passcode in password is provided, passcode is not provided, private key is not provided, application: ECHO, client name: snowflake-sdk, client version: 3.1.0, retry timeout: 300, private key path: undefined, private key pass is not provided, client store temporary credential: false, browser response timeout: 120000"}
{"level":"INFO","message":"[1:10:04.019 PM]: Connection[id: 8999606a-5ada-431a-9c0f-af9f69bfb5ca] - connection object created successfully."}
{"level":"INFO","message":"[1:10:04.019 PM]: Connection[id: 8999606a-5ada-431a-9c0f-af9f69bfb5ca] - async connecting. Associated Snowflake domain: GLOBAL"}
{"level":"INFO","message":"[1:10:04.020 PM]: Creating new connection object"}
{"level":"INFO","message":"[1:10:04.020 PM]: Creating Connection[id: d79ad867-9b6f-4d86-8ddf-5b6027d606de] with host: NJ39494.ap-southeast-2.snowflakecomputing.com, account: NJ39494, accessUrl: https://NJ39494.ap-southeast-2.snowflakecomputing.com, user: ARMADHANIHIRO, role: ACCOUNTADMIN, database: ECHO_DB, schema: CORE, warehouse: ECHO_WH, proxy was not configured, password is not provided, region: ap-southeast-2, authenticator: PROGRAMMATIC_ACCESS_TOKEN, ocsp mode: FAIL_OPEN, os: win32, os version: 10.0.26200"}
{"level":"INFO","message":"[1:10:04.021 PM]: Connection[id: d79ad867-9b6f-4d86-8ddf-5b6027d606de] additional details: passcode in password is provided, passcode is not provided, private key is not provided, application: ECHO, client name: snowflake-sdk, client version: 3.1.0, retry timeout: 300, private key path: undefined, private key pass is not provided, client store temporary credential: false, browser response timeout: 120000"}
{"level":"INFO","message":"[1:10:04.021 PM]: Connection[id: d79ad867-9b6f-4d86-8ddf-5b6027d606de] - connection object created successfully."}
{"level":"INFO","message":"[1:10:04.022 PM]: Connection[id: d79ad867-9b6f-4d86-8ddf-5b6027d606de] - async connecting. Associated Snowflake domain: GLOBAL"}
{"level":"INFO","message":"[1:10:04.022 PM]: Connection[id: 06a97667-b6f7-442c-b9a3-33224b4446fb] - authentication successful using: PROGRAMMATIC_ACCESS_TOKEN"}
{"level":"INFO","message":"[1:10:04.023 PM]: Connection[id: 547d4c7a-596d-4278-b147-b8aefceb9834] - authentication successful using: PROGRAMMATIC_ACCESS_TOKEN"}
{"level":"INFO","message":"[1:10:04.024 PM]: Connection[id: 8999606a-5ada-431a-9c0f-af9f69bfb5ca] - authentication successful using: PROGRAMMATIC_ACCESS_TOKEN"}
{"level":"INFO","message":"[1:10:04.024 PM]: Connection[id: d79ad867-9b6f-4d86-8ddf-5b6027d606de] - authentication successful using: PROGRAMMATIC_ACCESS_TOKEN"}
{"level":"INFO","message":"[1:10:04.711 PM]: Connection[id: 8999606a-5ada-431a-9c0f-af9f69bfb5ca] - connection established successfully after 691.26 milliseconds"}
{"level":"INFO","message":"[1:10:04.738 PM]: Connection[id: d79ad867-9b6f-4d86-8ddf-5b6027d606de] - connection established successfully after 716.43 milliseconds"}
{"level":"INFO","message":"[1:10:04.767 PM]: Connection[id: 06a97667-b6f7-442c-b9a3-33224b4446fb] - connection established successfully after 752.4 milliseconds"}
{"level":"INFO","message":"[1:10:04.883 PM]: Connection[id: 547d4c7a-596d-4278-b147-b8aefceb9834] - connection established successfully after 865.7 milliseconds"}
{"level":"INFO","message":"[1:10:10.174 PM]: Creating new connection object"}
{"level":"INFO","message":"[1:10:10.176 PM]: Creating Connection[id: 71cb6dc8-dce9-4744-91b1-342bae7c9315] with host: NJ39494.ap-southeast-2.snowflakecomputing.com, account: NJ39494, accessUrl: https://NJ39494.ap-southeast-2.snowflakecomputing.com, user: ARMADHANIHIRO, role: ACCOUNTADMIN, database: ECHO_DB, schema: CORE, warehouse: ECHO_WH, proxy was not configured, password is not provided, region: ap-southeast-2, authenticator: PROGRAMMATIC_ACCESS_TOKEN, ocsp mode: FAIL_OPEN, os: win32, os version: 10.0.26200"}
{"level":"INFO","message":"[1:10:10.179 PM]: Connection[id: 71cb6dc8-dce9-4744-91b1-342bae7c9315] additional details: passcode in password is provided, passcode is not provided, private key is not provided, application: ECHO, client name: snowflake-sdk, client version: 3.1.0, retry timeout: 300, private key path: undefined, private key pass is not provided, client store temporary credential: false, browser response timeout: 120000"}
{"level":"INFO","message":"[1:10:10.180 PM]: Connection[id: 71cb6dc8-dce9-4744-91b1-342bae7c9315] - connection object created successfully."}
{"level":"INFO","message":"[1:10:10.182 PM]: Connection[id: 71cb6dc8-dce9-4744-91b1-342bae7c9315] - async connecting. Associated Snowflake domain: GLOBAL"}
{"level":"INFO","message":"[1:10:10.186 PM]: Creating new connection object"}
{"level":"INFO","message":"[1:10:10.188 PM]: Creating Connection[id: a018db52-ff01-4d16-8d4a-e165593b4394] with host: NJ39494.ap-southeast-2.snowflakecomputing.com, account: NJ39494, accessUrl: https://NJ39494.ap-southeast-2.snowflakecomputing.com, user: ARMADHANIHIRO, role: ACCOUNTADMIN, database: ECHO_DB, schema: CORE, warehouse: ECHO_WH, proxy was not configured, password is not provided, region: ap-southeast-2, authenticator: PROGRAMMATIC_ACCESS_TOKEN, ocsp mode: FAIL_OPEN, os: win32, os version: 10.0.26200"}
{"level":"INFO","message":"[1:10:10.191 PM]: Connection[id: a018db52-ff01-4d16-8d4a-e165593b4394] additional details: passcode in password is provided, passcode is not provided, private key is not provided, application: ECHO, client name: snowflake-sdk, client version: 3.1.0, retry timeout: 300, private key path: undefined, private key pass is not provided, client store temporary credential: false, browser response timeout: 120000"}
{"level":"INFO","message":"[1:10:10.193 PM]: Connection[id: a018db52-ff01-4d16-8d4a-e165593b4394] - connection object created successfully."}
{"level":"INFO","message":"[1:10:10.193 PM]: Connection[id: a018db52-ff01-4d16-8d4a-e165593b4394] - async connecting. Associated Snowflake domain: GLOBAL"}
{"level":"INFO","message":"[1:10:10.194 PM]: Creating new connection object"}
{"level":"INFO","message":"[1:10:10.196 PM]: Creating Connection[id: 2c0849d8-a7d0-4034-ab0c-23467ba30477] with host: NJ39494.ap-southeast-2.snowflakecomputing.com, account: NJ39494, accessUrl: https://NJ39494.ap-southeast-2.snowflakecomputing.com, user: ARMADHANIHIRO, role: ACCOUNTADMIN, database: ECHO_DB, schema: CORE, warehouse: ECHO_WH, proxy was not configured, password is not provided, region: ap-southeast-2, authenticator: PROGRAMMATIC_ACCESS_TOKEN, ocsp mode: FAIL_OPEN, os: win32, os version: 10.0.26200"}
{"level":"INFO","message":"[1:10:10.198 PM]: Connection[id: 2c0849d8-a7d0-4034-ab0c-23467ba30477] additional details: passcode in password is provided, passcode is not provided, private key is not provided, application: ECHO, client name: snowflake-sdk, client version: 3.1.0, retry timeout: 300, private key path: undefined, private key pass is not provided, client store temporary credential: false, browser response timeout: 120000"}
{"level":"INFO","message":"[1:10:10.199 PM]: Connection[id: 2c0849d8-a7d0-4034-ab0c-23467ba30477] - connection object created successfully."}
{"level":"INFO","message":"[1:10:10.200 PM]: Connection[id: 2c0849d8-a7d0-4034-ab0c-23467ba30477] - async connecting. Associated Snowflake domain: GLOBAL"}
{"level":"INFO","message":"[1:10:10.201 PM]: Creating new connection object"}
{"level":"INFO","message":"[1:10:10.202 PM]: Creating Connection[id: 7237ec8d-545e-4a1a-bd42-730854951b2c] with host: NJ39494.ap-southeast-2.snowflakecomputing.com, account: NJ39494, accessUrl: https://NJ39494.ap-southeast-2.snowflakecomputing.com, user: ARMADHANIHIRO, role: ACCOUNTADMIN, database: ECHO_DB, schema: CORE, warehouse: ECHO_WH, proxy was not configured, password is not provided, region: ap-southeast-2, authenticator: PROGRAMMATIC_ACCESS_TOKEN, ocsp mode: FAIL_OPEN, os: win32, os version: 10.0.26200"}
{"level":"INFO","message":"[1:10:10.203 PM]: Connection[id: 7237ec8d-545e-4a1a-bd42-730854951b2c] additional details: passcode in password is provided, passcode is not provided, private key is not provided, application: ECHO, client name: snowflake-sdk, client version: 3.1.0, retry timeout: 300, private key path: undefined, private key pass is not provided, client store temporary credential: false, browser response timeout: 120000"}
{"level":"INFO","message":"[1:10:10.204 PM]: Connection[id: 7237ec8d-545e-4a1a-bd42-730854951b2c] - connection object created successfully."}
{"level":"INFO","message":"[1:10:10.205 PM]: Connection[id: 7237ec8d-545e-4a1a-bd42-730854951b2c] - async connecting. Associated Snowflake domain: GLOBAL"}
{"level":"INFO","message":"[1:10:10.207 PM]: Connection[id: 71cb6dc8-dce9-4744-91b1-342bae7c9315] - authentication successful using: PROGRAMMATIC_ACCESS_TOKEN"}
{"level":"INFO","message":"[1:10:10.209 PM]: Connection[id: a018db52-ff01-4d16-8d4a-e165593b4394] - authentication successful using: PROGRAMMATIC_ACCESS_TOKEN"}
{"level":"INFO","message":"[1:10:10.212 PM]: Connection[id: 2c0849d8-a7d0-4034-ab0c-23467ba30477] - authentication successful using: PROGRAMMATIC_ACCESS_TOKEN"}
{"level":"INFO","message":"[1:10:10.216 PM]: Connection[id: 7237ec8d-545e-4a1a-bd42-730854951b2c] - authentication successful using: PROGRAMMATIC_ACCESS_TOKEN"}
{"level":"INFO","message":"[1:10:10.752 PM]: Connection[id: a018db52-ff01-4d16-8d4a-e165593b4394] - connection established successfully after 559.09 milliseconds"}
{"level":"INFO","message":"[1:10:10.774 PM]: Connection[id: 2c0849d8-a7d0-4034-ab0c-23467ba30477] - connection established successfully after 574.47 milliseconds"}
{"level":"INFO","message":"[1:10:10.851 PM]: Connection[id: 71cb6dc8-dce9-4744-91b1-342bae7c9315] - connection established successfully after 669.18 milliseconds"}
{"level":"INFO","message":"[1:10:11.074 PM]: Connection[id: 7237ec8d-545e-4a1a-bd42-730854951b2c] - connection established successfully after 868.59 milliseconds"}
{"level":"INFO","message":"[1:10:14.997 PM]: Creating new connection object"}
{"level":"INFO","message":"[1:10:14.999 PM]: Creating Connection[id: 9855b984-a795-467b-8c57-8ba481ee0c1a] with host: NJ39494.ap-southeast-2.snowflakecomputing.com, account: NJ39494, accessUrl: https://NJ39494.ap-southeast-2.snowflakecomputing.com, user: ARMADHANIHIRO, role: ACCOUNTADMIN, database: ECHO_DB, schema: CORE, warehouse: ECHO_WH, proxy was not configured, password is not provided, region: ap-southeast-2, authenticator: PROGRAMMATIC_ACCESS_TOKEN, ocsp mode: FAIL_OPEN, os: win32, os version: 10.0.26200"}
{"level":"INFO","message":"[1:10:15.000 PM]: Connection[id: 9855b984-a795-467b-8c57-8ba481ee0c1a] additional details: passcode in password is provided, passcode is not provided, private key is not provided, application: ECHO, client name: snowflake-sdk, client version: 3.1.0, retry timeout: 300, private key path: undefined, private key pass is not provided, client store temporary credential: false, browser response timeout: 120000"}
{"level":"INFO","message":"[1:10:15.000 PM]: Connection[id: 9855b984-a795-467b-8c57-8ba481ee0c1a] - connection object created successfully."}
{"level":"INFO","message":"[1:10:15.001 PM]: Connection[id: 9855b984-a795-467b-8c57-8ba481ee0c1a] - async connecting. Associated Snowflake domain: GLOBAL"}
{"level":"INFO","message":"[1:10:15.002 PM]: Creating new connection object"}
{"level":"INFO","message":"[1:10:15.003 PM]: Creating Connection[id: cb6e8c63-ea56-4344-bcef-cd94f2005cdc] with host: NJ39494.ap-southeast-2.snowflakecomputing.com, account: NJ39494, accessUrl: https://NJ39494.ap-southeast-2.snowflakecomputing.com, user: ARMADHANIHIRO, role: ACCOUNTADMIN, database: ECHO_DB, schema: CORE, warehouse: ECHO_WH, proxy was not configured, password is not provided, region: ap-southeast-2, authenticator: PROGRAMMATIC_ACCESS_TOKEN, ocsp mode: FAIL_OPEN, os: win32, os version: 10.0.26200"}
{"level":"INFO","message":"[1:10:15.003 PM]: Connection[id: cb6e8c63-ea56-4344-bcef-cd94f2005cdc] additional details: passcode in password is provided, passcode is not provided, private key is not provided, application: ECHO, client name: snowflake-sdk, client version: 3.1.0, retry timeout: 300, private key path: undefined, private key pass is not provided, client store temporary credential: false, browser response timeout: 120000"}
{"level":"INFO","message":"[1:10:15.003 PM]: Connection[id: cb6e8c63-ea56-4344-bcef-cd94f2005cdc] - connection object created successfully."}
{"level":"INFO","message":"[1:10:15.003 PM]: Connection[id: cb6e8c63-ea56-4344-bcef-cd94f2005cdc] - async connecting. Associated Snowflake domain: GLOBAL"}
{"level":"INFO","message":"[1:10:15.004 PM]: Creating new connection object"}
{"level":"INFO","message":"[1:10:15.005 PM]: Creating Connection[id: 4e335a98-d2bc-48da-a487-7d2b5782c742] with host: NJ39494.ap-southeast-2.snowflakecomputing.com, account: NJ39494, accessUrl: https://NJ39494.ap-southeast-2.snowflakecomputing.com, user: ARMADHANIHIRO, role: ACCOUNTADMIN, database: ECHO_DB, schema: CORE, warehouse: ECHO_WH, proxy was not configured, password is not provided, region: ap-southeast-2, authenticator: PROGRAMMATIC_ACCESS_TOKEN, ocsp mode: FAIL_OPEN, os: win32, os version: 10.0.26200"}
{"level":"INFO","message":"[1:10:15.006 PM]: Connection[id: 4e335a98-d2bc-48da-a487-7d2b5782c742] additional details: passcode in password is provided, passcode is not provided, private key is not provided, application: ECHO, client name: snowflake-sdk, client version: 3.1.0, retry timeout: 300, private key path: undefined, private key pass is not provided, client store temporary credential: false, browser response timeout: 120000"}
{"level":"INFO","message":"[1:10:15.006 PM]: Connection[id: 4e335a98-d2bc-48da-a487-7d2b5782c742] - connection object created successfully."}
{"level":"INFO","message":"[1:10:15.007 PM]: Connection[id: 4e335a98-d2bc-48da-a487-7d2b5782c742] - async connecting. Associated Snowflake domain: GLOBAL"}
{"level":"INFO","message":"[1:10:15.007 PM]: Creating new connection object"}
{"level":"INFO","message":"[1:10:15.008 PM]: Creating Connection[id: df4c366c-3436-4602-abea-bc5cb75b16a5] with host: NJ39494.ap-southeast-2.snowflakecomputing.com, account: NJ39494, accessUrl: https://NJ39494.ap-southeast-2.snowflakecomputing.com, user: ARMADHANIHIRO, role: ACCOUNTADMIN, database: ECHO_DB, schema: CORE, warehouse: ECHO_WH, proxy was not configured, password is not provided, region: ap-southeast-2, authenticator: PROGRAMMATIC_ACCESS_TOKEN, ocsp mode: FAIL_OPEN, os: win32, os version: 10.0.26200"}
{"level":"INFO","message":"[1:10:15.009 PM]: Connection[id: df4c366c-3436-4602-abea-bc5cb75b16a5] additional details: passcode in password is provided, passcode is not provided, private key is not provided, application: ECHO, client name: snowflake-sdk, client version: 3.1.0, retry timeout: 300, private key path: undefined, private key pass is not provided, client store temporary credential: false, browser response timeout: 120000"}
{"level":"INFO","message":"[1:10:15.009 PM]: Connection[id: df4c366c-3436-4602-abea-bc5cb75b16a5] - connection object created successfully."}
{"level":"INFO","message":"[1:10:15.010 PM]: Connection[id: df4c366c-3436-4602-abea-bc5cb75b16a5] - async connecting. Associated Snowflake domain: GLOBAL"}
{"level":"INFO","message":"[1:10:15.011 PM]: Connection[id: 9855b984-a795-467b-8c57-8ba481ee0c1a] - authentication successful using: PROGRAMMATIC_ACCESS_TOKEN"}
{"level":"INFO","message":"[1:10:15.011 PM]: Connection[id: cb6e8c63-ea56-4344-bcef-cd94f2005cdc] - authentication successful using: PROGRAMMATIC_ACCESS_TOKEN"}
{"level":"INFO","message":"[1:10:15.013 PM]: Connection[id: 4e335a98-d2bc-48da-a487-7d2b5782c742] - authentication successful using: PROGRAMMATIC_ACCESS_TOKEN"}
{"level":"INFO","message":"[1:10:15.013 PM]: Connection[id: df4c366c-3436-4602-abea-bc5cb75b16a5] - authentication successful using: PROGRAMMATIC_ACCESS_TOKEN"}
{"level":"INFO","message":"[1:10:15.544 PM]: Connection[id: 9855b984-a795-467b-8c57-8ba481ee0c1a] - connection established successfully after 543.11 milliseconds"}
{"level":"INFO","message":"[1:10:15.568 PM]: Connection[id: cb6e8c63-ea56-4344-bcef-cd94f2005cdc] - connection established successfully after 564.07 milliseconds"}
{"level":"INFO","message":"[1:10:15.610 PM]: Connection[id: df4c366c-3436-4602-abea-bc5cb75b16a5] - connection established successfully after 599.88 milliseconds"}
{"level":"INFO","message":"[1:10:15.706 PM]: Connection[id: 4e335a98-d2bc-48da-a487-7d2b5782c742] - connection established successfully after 699.27 milliseconds"}
{"level":"INFO","message":"[1:10:18.986 PM]: Creating new connection object"}
{"level":"INFO","message":"[1:10:18.988 PM]: Creating Connection[id: 06bc9344-c6be-419f-af0f-0a85b2f8b336] with host: NJ39494.ap-southeast-2.snowflakecomputing.com, account: NJ39494, accessUrl: https://NJ39494.ap-southeast-2.snowflakecomputing.com, user: ARMADHANIHIRO, role: ACCOUNTADMIN, database: ECHO_DB, schema: CORE, warehouse: ECHO_WH, proxy was not configured, password is not provided, region: ap-southeast-2, authenticator: PROGRAMMATIC_ACCESS_TOKEN, ocsp mode: FAIL_OPEN, os: win32, os version: 10.0.26200"}
{"level":"INFO","message":"[1:10:18.988 PM]: Connection[id: 06bc9344-c6be-419f-af0f-0a85b2f8b336] additional details: passcode in password is provided, passcode is not provided, private key is not provided, application: ECHO, client name: snowflake-sdk, client version: 3.1.0, retry timeout: 300, private key path: undefined, private key pass is not provided, client store temporary credential: false, browser response timeout: 120000"}
{"level":"INFO","message":"[1:10:18.989 PM]: Connection[id: 06bc9344-c6be-419f-af0f-0a85b2f8b336] - connection object created successfully."}
{"level":"INFO","message":"[1:10:18.990 PM]: Connection[id: 06bc9344-c6be-419f-af0f-0a85b2f8b336] - async connecting. Associated Snowflake domain: GLOBAL"}
{"level":"INFO","message":"[1:10:18.991 PM]: Creating new connection object"}
{"level":"INFO","message":"[1:10:18.993 PM]: Creating Connection[id: 467342ee-020f-49c9-91a1-bf41233ee4e7] with host: NJ39494.ap-southeast-2.snowflakecomputing.com, account: NJ39494, accessUrl: https://NJ39494.ap-southeast-2.snowflakecomputing.com, user: ARMADHANIHIRO, role: ACCOUNTADMIN, database: ECHO_DB, schema: CORE, warehouse: ECHO_WH, proxy was not configured, password is not provided, region: ap-southeast-2, authenticator: PROGRAMMATIC_ACCESS_TOKEN, ocsp mode: FAIL_OPEN, os: win32, os version: 10.0.26200"}
{"level":"INFO","message":"[1:10:18.995 PM]: Connection[id: 467342ee-020f-49c9-91a1-bf41233ee4e7] additional details: passcode in password is provided, passcode is not provided, private key is not provided, application: ECHO, client name: snowflake-sdk, client version: 3.1.0, retry timeout: 300, private key path: undefined, private key pass is not provided, client store temporary credential: false, browser response timeout: 120000"}
{"level":"INFO","message":"[1:10:18.996 PM]: Connection[id: 467342ee-020f-49c9-91a1-bf41233ee4e7] - connection object created successfully."}
{"level":"INFO","message":"[1:10:18.996 PM]: Connection[id: 467342ee-020f-49c9-91a1-bf41233ee4e7] - async connecting. Associated Snowflake domain: GLOBAL"}
{"level":"INFO","message":"[1:10:18.997 PM]: Creating new connection object"}
{"level":"INFO","message":"[1:10:18.999 PM]: Creating Connection[id: 89857ab7-bf16-4f50-a0af-af0c85fa129a] with host: NJ39494.ap-southeast-2.snowflakecomputing.com, account: NJ39494, accessUrl: https://NJ39494.ap-southeast-2.snowflakecomputing.com, user: ARMADHANIHIRO, role: ACCOUNTADMIN, database: ECHO_DB, schema: CORE, warehouse: ECHO_WH, proxy was not configured, password is not provided, region: ap-southeast-2, authenticator: PROGRAMMATIC_ACCESS_TOKEN, ocsp mode: FAIL_OPEN, os: win32, os version: 10.0.26200"}
{"level":"INFO","message":"[1:10:19.001 PM]: Connection[id: 89857ab7-bf16-4f50-a0af-af0c85fa129a] additional details: passcode in password is provided, passcode is not provided, private key is not provided, application: ECHO, client name: snowflake-sdk, client version: 3.1.0, retry timeout: 300, private key path: undefined, private key pass is not provided, client store temporary credential: false, browser response timeout: 120000"}
{"level":"INFO","message":"[1:10:19.001 PM]: Connection[id: 89857ab7-bf16-4f50-a0af-af0c85fa129a] - connection object created successfully."}
{"level":"INFO","message":"[1:10:19.002 PM]: Connection[id: 89857ab7-bf16-4f50-a0af-af0c85fa129a] - async connecting. Associated Snowflake domain: GLOBAL"}
{"level":"INFO","message":"[1:10:19.003 PM]: Creating new connection object"}
{"level":"INFO","message":"[1:10:19.005 PM]: Creating Connection[id: 0eb631a5-1972-482f-b678-2c4f498f8c96] with host: NJ39494.ap-southeast-2.snowflakecomputing.com, account: NJ39494, accessUrl: https://NJ39494.ap-southeast-2.snowflakecomputing.com, user: ARMADHANIHIRO, role: ACCOUNTADMIN, database: ECHO_DB, schema: CORE, warehouse: ECHO_WH, proxy was not configured, password is not provided, region: ap-southeast-2, authenticator: PROGRAMMATIC_ACCESS_TOKEN, ocsp mode: FAIL_OPEN, os: win32, os version: 10.0.26200"}
{"level":"INFO","message":"[1:10:19.006 PM]: Connection[id: 0eb631a5-1972-482f-b678-2c4f498f8c96] additional details: passcode in password is provided, passcode is not provided, private key is not provided, application: ECHO, client name: snowflake-sdk, client version: 3.1.0, retry timeout: 300, private key path: undefined, private key pass is not provided, client store temporary credential: false, browser response timeout: 120000"}
{"level":"INFO","message":"[1:10:19.008 PM]: Connection[id: 0eb631a5-1972-482f-b678-2c4f498f8c96] - connection object created successfully."}
{"level":"INFO","message":"[1:10:19.009 PM]: Connection[id: 0eb631a5-1972-482f-b678-2c4f498f8c96] - async connecting. Associated Snowflake domain: GLOBAL"}
{"level":"INFO","message":"[1:10:19.010 PM]: Connection[id: 06bc9344-c6be-419f-af0f-0a85b2f8b336] - authentication successful using: PROGRAMMATIC_ACCESS_TOKEN"}
{"level":"INFO","message":"[1:10:19.011 PM]: Connection[id: 467342ee-020f-49c9-91a1-bf41233ee4e7] - authentication successful using: PROGRAMMATIC_ACCESS_TOKEN"}
{"level":"INFO","message":"[1:10:19.013 PM]: Connection[id: 89857ab7-bf16-4f50-a0af-af0c85fa129a] - authentication successful using: PROGRAMMATIC_ACCESS_TOKEN"}
{"level":"INFO","message":"[1:10:19.014 PM]: Connection[id: 0eb631a5-1972-482f-b678-2c4f498f8c96] - authentication successful using: PROGRAMMATIC_ACCESS_TOKEN"}
{"level":"INFO","message":"[1:10:19.548 PM]: Connection[id: 06bc9344-c6be-419f-af0f-0a85b2f8b336] - connection established successfully after 558.27 milliseconds"}
{"level":"INFO","message":"[1:10:19.564 PM]: Connection[id: 467342ee-020f-49c9-91a1-bf41233ee4e7] - connection established successfully after 567.57 milliseconds"}
{"level":"INFO","message":"[1:10:19.641 PM]: Connection[id: 89857ab7-bf16-4f50-a0af-af0c85fa129a] - connection established successfully after 638.71 milliseconds"}
{"level":"INFO","message":"[1:10:19.722 PM]: Connection[id: 0eb631a5-1972-482f-b678-2c4f498f8c96] - connection established successfully after 713.14 milliseconds"}
{"level":"INFO","message":"[1:10:26.394 PM]: Creating new connection object"}
{"level":"INFO","message":"[1:10:26.396 PM]: Creating Connection[id: b3660092-c1dc-44e2-8a2f-3af371363198] with host: NJ39494.ap-southeast-2.snowflakecomputing.com, account: NJ39494, accessUrl: https://NJ39494.ap-southeast-2.snowflakecomputing.com, user: ARMADHANIHIRO, role: ACCOUNTADMIN, database: ECHO_DB, schema: CORE, warehouse: ECHO_WH, proxy was not configured, password is not provided, region: ap-southeast-2, authenticator: PROGRAMMATIC_ACCESS_TOKEN, ocsp mode: FAIL_OPEN, os: win32, os version: 10.0.26200"}
{"level":"INFO","message":"[1:10:26.397 PM]: Connection[id: b3660092-c1dc-44e2-8a2f-3af371363198] additional details: passcode in password is provided, passcode is not provided, private key is not provided, application: ECHO, client name: snowflake-sdk, client version: 3.1.0, retry timeout: 300, private key path: undefined, private key pass is not provided, client store temporary credential: false, browser response timeout: 120000"}
{"level":"INFO","message":"[1:10:26.397 PM]: Connection[id: b3660092-c1dc-44e2-8a2f-3af371363198] - connection object created successfully."}
{"level":"INFO","message":"[1:10:26.398 PM]: Connection[id: b3660092-c1dc-44e2-8a2f-3af371363198] - async connecting. Associated Snowflake domain: GLOBAL"}
{"level":"INFO","message":"[1:10:26.398 PM]: Creating new connection object"}
{"level":"INFO","message":"[1:10:26.399 PM]: Creating Connection[id: 696f67ca-377b-4a96-bb4e-efe5bb3bfee8] with host: NJ39494.ap-southeast-2.snowflakecomputing.com, account: NJ39494, accessUrl: https://NJ39494.ap-southeast-2.snowflakecomputing.com, user: ARMADHANIHIRO, role: ACCOUNTADMIN, database: ECHO_DB, schema: CORE, warehouse: ECHO_WH, proxy was not configured, password is not provided, region: ap-southeast-2, authenticator: PROGRAMMATIC_ACCESS_TOKEN, ocsp mode: FAIL_OPEN, os: win32, os version: 10.0.26200"}
{"level":"INFO","message":"[1:10:26.400 PM]: Connection[id: 696f67ca-377b-4a96-bb4e-efe5bb3bfee8] additional details: passcode in password is provided, passcode is not provided, private key is not provided, application: ECHO, client name: snowflake-sdk, client version: 3.1.0, retry timeout: 300, private key path: undefined, private key pass is not provided, client store temporary credential: false, browser response timeout: 120000"}
{"level":"INFO","message":"[1:10:26.400 PM]: Connection[id: 696f67ca-377b-4a96-bb4e-efe5bb3bfee8] - connection object created successfully."}
{"level":"INFO","message":"[1:10:26.401 PM]: Connection[id: 696f67ca-377b-4a96-bb4e-efe5bb3bfee8] - async connecting. Associated Snowflake domain: GLOBAL"}
{"level":"INFO","message":"[1:10:26.402 PM]: Creating new connection object"}
{"level":"INFO","message":"[1:10:26.403 PM]: Creating Connection[id: 3ddddcb3-7737-428a-8e74-3e8a864aece5] with host: NJ39494.ap-southeast-2.snowflakecomputing.com, account: NJ39494, accessUrl: https://NJ39494.ap-southeast-2.snowflakecomputing.com, user: ARMADHANIHIRO, role: ACCOUNTADMIN, database: ECHO_DB, schema: CORE, warehouse: ECHO_WH, proxy was not configured, password is not provided, region: ap-southeast-2, authenticator: PROGRAMMATIC_ACCESS_TOKEN, ocsp mode: FAIL_OPEN, os: win32, os version: 10.0.26200"}
{"level":"INFO","message":"[1:10:26.404 PM]: Connection[id: 3ddddcb3-7737-428a-8e74-3e8a864aece5] additional details: passcode in password is provided, passcode is not provided, private key is not provided, application: ECHO, client name: snowflake-sdk, client version: 3.1.0, retry timeout: 300, private key path: undefined, private key pass is not provided, client store temporary credential: false, browser response timeout: 120000"}
{"level":"INFO","message":"[1:10:26.404 PM]: Connection[id: 3ddddcb3-7737-428a-8e74-3e8a864aece5] - connection object created successfully."}
{"level":"INFO","message":"[1:10:26.405 PM]: Connection[id: 3ddddcb3-7737-428a-8e74-3e8a864aece5] - async connecting. Associated Snowflake domain: GLOBAL"}
{"level":"INFO","message":"[1:10:26.405 PM]: Creating new connection object"}
{"level":"INFO","message":"[1:10:26.406 PM]: Creating Connection[id: d5f5dc7e-8306-4bd9-a0d4-bb91f9a9622e] with host: NJ39494.ap-southeast-2.snowflakecomputing.com, account: NJ39494, accessUrl: https://NJ39494.ap-southeast-2.snowflakecomputing.com, user: ARMADHANIHIRO, role: ACCOUNTADMIN, database: ECHO_DB, schema: CORE, warehouse: ECHO_WH, proxy was not configured, password is not provided, region: ap-southeast-2, authenticator: PROGRAMMATIC_ACCESS_TOKEN, ocsp mode: FAIL_OPEN, os: win32, os version: 10.0.26200"}
{"level":"INFO","message":"[1:10:26.407 PM]: Connection[id: d5f5dc7e-8306-4bd9-a0d4-bb91f9a9622e] additional details: passcode in password is provided, passcode is not provided, private key is not provided, application: ECHO, client name: snowflake-sdk, client version: 3.1.0, retry timeout: 300, private key path: undefined, private key pass is not provided, client store temporary credential: false, browser response timeout: 120000"}
{"level":"INFO","message":"[1:10:26.408 PM]: Connection[id: d5f5dc7e-8306-4bd9-a0d4-bb91f9a9622e] - connection object created successfully."}
{"level":"INFO","message":"[1:10:26.409 PM]: Connection[id: d5f5dc7e-8306-4bd9-a0d4-bb91f9a9622e] - async connecting. Associated Snowflake domain: GLOBAL"}
{"level":"INFO","message":"[1:10:26.410 PM]: Connection[id: b3660092-c1dc-44e2-8a2f-3af371363198] - authentication successful using: PROGRAMMATIC_ACCESS_TOKEN"}
{"level":"INFO","message":"[1:10:26.410 PM]: Connection[id: 696f67ca-377b-4a96-bb4e-efe5bb3bfee8] - authentication successful using: PROGRAMMATIC_ACCESS_TOKEN"}
{"level":"INFO","message":"[1:10:26.411 PM]: Connection[id: 3ddddcb3-7737-428a-8e74-3e8a864aece5] - authentication successful using: PROGRAMMATIC_ACCESS_TOKEN"}
{"level":"INFO","message":"[1:10:26.411 PM]: Connection[id: d5f5dc7e-8306-4bd9-a0d4-bb91f9a9622e] - authentication successful using: PROGRAMMATIC_ACCESS_TOKEN"}
{"level":"INFO","message":"[1:10:27.080 PM]: Connection[id: 3ddddcb3-7737-428a-8e74-3e8a864aece5] - connection established successfully after 675.68 milliseconds"}
{"level":"INFO","message":"[1:10:27.103 PM]: Connection[id: b3660092-c1dc-44e2-8a2f-3af371363198] - connection established successfully after 705.43 milliseconds"}
{"level":"INFO","message":"[1:10:27.134 PM]: Connection[id: 696f67ca-377b-4a96-bb4e-efe5bb3bfee8] - connection established successfully after 732.6 milliseconds"}
{"level":"INFO","message":"[1:10:27.254 PM]: Connection[id: d5f5dc7e-8306-4bd9-a0d4-bb91f9a9622e] - connection established successfully after 844.92 milliseconds"}
{"level":"INFO","message":"[1:15:39.002 PM]: Creating new connection object"}
{"level":"INFO","message":"[1:15:39.017 PM]: Creating Connection[id: fde5f222-88cd-4491-a442-cf4d8dd01b84] with host: NJ39494.ap-southeast-2.snowflakecomputing.com, account: NJ39494, accessUrl: https://NJ39494.ap-southeast-2.snowflakecomputing.com, user: ARMADHANIHIRO, role: ACCOUNTADMIN, database: ECHO_DB, schema: CORE, warehouse: ECHO_WH, proxy was not configured, password is not provided, region: ap-southeast-2, authenticator: PROGRAMMATIC_ACCESS_TOKEN, ocsp mode: FAIL_OPEN, os: win32, os version: 10.0.26200"}
{"level":"INFO","message":"[1:15:39.019 PM]: Connection[id: fde5f222-88cd-4491-a442-cf4d8dd01b84] additional details: passcode in password is provided, passcode is not provided, private key is not provided, application: ECHO, client name: snowflake-sdk, client version: 3.1.0, retry timeout: 300, private key path: undefined, private key pass is not provided, client store temporary credential: false, browser response timeout: 120000"}
{"level":"INFO","message":"[1:15:39.021 PM]: Connection[id: fde5f222-88cd-4491-a442-cf4d8dd01b84] - connection object created successfully."}
{"level":"INFO","message":"[1:15:39.022 PM]: Connection[id: fde5f222-88cd-4491-a442-cf4d8dd01b84] - async connecting. Associated Snowflake domain: GLOBAL"}
{"level":"INFO","message":"[1:15:39.024 PM]: Trying to initialize Easy Logging"}
{"level":"INFO","message":"[1:15:39.062 PM]: No client config detected."}
{"level":"INFO","message":"[1:15:39.063 PM]: No config file path found. Client config will not be used."}
{"level":"INFO","message":"[1:15:39.063 PM]: Easy Logging is disabled as no config has been found"}
{"level":"INFO","message":"[1:15:39.065 PM]: Connection[id: fde5f222-88cd-4491-a442-cf4d8dd01b84] - authentication successful using: PROGRAMMATIC_ACCESS_TOKEN"}
{"level":"INFO","message":"[1:15:42.435 PM]: Connection[id: fde5f222-88cd-4491-a442-cf4d8dd01b84] - connection established successfully after 3412.9 milliseconds"}
{"level":"INFO","message":"[1:15:44.382 PM]: Creating new connection object"}
{"level":"INFO","message":"[1:15:44.384 PM]: Creating Connection[id: c1ab99b5-8fb3-4d79-aefc-d53896032d8a] with host: NJ39494.ap-southeast-2.snowflakecomputing.com, account: NJ39494, accessUrl: https://NJ39494.ap-southeast-2.snowflakecomputing.com, user: ARMADHANIHIRO, role: ACCOUNTADMIN, database: ECHO_DB, schema: CORE, warehouse: ECHO_WH, proxy was not configured, password is not provided, region: ap-southeast-2, authenticator: PROGRAMMATIC_ACCESS_TOKEN, ocsp mode: FAIL_OPEN, os: win32, os version: 10.0.26200"}
{"level":"INFO","message":"[1:15:44.384 PM]: Connection[id: c1ab99b5-8fb3-4d79-aefc-d53896032d8a] additional details: passcode in password is provided, passcode is not provided, private key is not provided, application: ECHO, client name: snowflake-sdk, client version: 3.1.0, retry timeout: 300, private key path: undefined, private key pass is not provided, client store temporary credential: false, browser response timeout: 120000"}
{"level":"INFO","message":"[1:15:44.385 PM]: Connection[id: c1ab99b5-8fb3-4d79-aefc-d53896032d8a] - connection object created successfully."}
{"level":"INFO","message":"[1:15:44.385 PM]: Connection[id: c1ab99b5-8fb3-4d79-aefc-d53896032d8a] - async connecting. Associated Snowflake domain: GLOBAL"}
{"level":"INFO","message":"[1:15:44.387 PM]: Creating new connection object"}
{"level":"INFO","message":"[1:15:44.390 PM]: Creating Connection[id: ce965eb7-dab2-4d14-aecc-cb1459d5ed02] with host: NJ39494.ap-southeast-2.snowflakecomputing.com, account: NJ39494, accessUrl: https://NJ39494.ap-southeast-2.snowflakecomputing.com, user: ARMADHANIHIRO, role: ACCOUNTADMIN, database: ECHO_DB, schema: CORE, warehouse: ECHO_WH, proxy was not configured, password is not provided, region: ap-southeast-2, authenticator: PROGRAMMATIC_ACCESS_TOKEN, ocsp mode: FAIL_OPEN, os: win32, os version: 10.0.26200"}
{"level":"INFO","message":"[1:15:44.390 PM]: Connection[id: ce965eb7-dab2-4d14-aecc-cb1459d5ed02] additional details: passcode in password is provided, passcode is not provided, private key is not provided, application: ECHO, client name: snowflake-sdk, client version: 3.1.0, retry timeout: 300, private key path: undefined, private key pass is not provided, client store temporary credential: false, browser response timeout: 120000"}
{"level":"INFO","message":"[1:15:44.391 PM]: Connection[id: ce965eb7-dab2-4d14-aecc-cb1459d5ed02] - connection object created successfully."}
{"level":"INFO","message":"[1:15:44.391 PM]: Connection[id: ce965eb7-dab2-4d14-aecc-cb1459d5ed02] - async connecting. Associated Snowflake domain: GLOBAL"}
{"level":"INFO","message":"[1:15:44.392 PM]: Creating new connection object"}
{"level":"INFO","message":"[1:15:44.394 PM]: Creating Connection[id: f25659a9-f100-4ac6-b109-cb0bf419b6fc] with host: NJ39494.ap-southeast-2.snowflakecomputing.com, account: NJ39494, accessUrl: https://NJ39494.ap-southeast-2.snowflakecomputing.com, user: ARMADHANIHIRO, role: ACCOUNTADMIN, database: ECHO_DB, schema: CORE, warehouse: ECHO_WH, proxy was not configured, password is not provided, region: ap-southeast-2, authenticator: PROGRAMMATIC_ACCESS_TOKEN, ocsp mode: FAIL_OPEN, os: win32, os version: 10.0.26200"}
{"level":"INFO","message":"[1:15:44.396 PM]: Connection[id: f25659a9-f100-4ac6-b109-cb0bf419b6fc] additional details: passcode in password is provided, passcode is not provided, private key is not provided, application: ECHO, client name: snowflake-sdk, client version: 3.1.0, retry timeout: 300, private key path: undefined, private key pass is not provided, client store temporary credential: false, browser response timeout: 120000"}
{"level":"INFO","message":"[1:15:44.398 PM]: Connection[id: f25659a9-f100-4ac6-b109-cb0bf419b6fc] - connection object created successfully."}
{"level":"INFO","message":"[1:15:44.399 PM]: Connection[id: f25659a9-f100-4ac6-b109-cb0bf419b6fc] - async connecting. Associated Snowflake domain: GLOBAL"}
{"level":"INFO","message":"[1:15:44.399 PM]: Creating new connection object"}
{"level":"INFO","message":"[1:15:44.401 PM]: Creating Connection[id: ebca5902-42f8-4981-94c3-474321fabe7a] with host: NJ39494.ap-southeast-2.snowflakecomputing.com, account: NJ39494, accessUrl: https://NJ39494.ap-southeast-2.snowflakecomputing.com, user: ARMADHANIHIRO, role: ACCOUNTADMIN, database: ECHO_DB, schema: CORE, warehouse: ECHO_WH, proxy was not configured, password is not provided, region: ap-southeast-2, authenticator: PROGRAMMATIC_ACCESS_TOKEN, ocsp mode: FAIL_OPEN, os: win32, os version: 10.0.26200"}
{"level":"INFO","message":"[1:15:44.402 PM]: Connection[id: ebca5902-42f8-4981-94c3-474321fabe7a] additional details: passcode in password is provided, passcode is not provided, private key is not provided, application: ECHO, client name: snowflake-sdk, client version: 3.1.0, retry timeout: 300, private key path: undefined, private key pass is not provided, client store temporary credential: false, browser response timeout: 120000"}
{"level":"INFO","message":"[1:15:44.402 PM]: Connection[id: ebca5902-42f8-4981-94c3-474321fabe7a] - connection object created successfully."}
{"level":"INFO","message":"[1:15:44.403 PM]: Connection[id: ebca5902-42f8-4981-94c3-474321fabe7a] - async connecting. Associated Snowflake domain: GLOBAL"}
{"level":"INFO","message":"[1:15:44.405 PM]: Connection[id: c1ab99b5-8fb3-4d79-aefc-d53896032d8a] - authentication successful using: PROGRAMMATIC_ACCESS_TOKEN"}
{"level":"INFO","message":"[1:15:44.406 PM]: Connection[id: ce965eb7-dab2-4d14-aecc-cb1459d5ed02] - authentication successful using: PROGRAMMATIC_ACCESS_TOKEN"}
{"level":"INFO","message":"[1:15:44.407 PM]: Connection[id: f25659a9-f100-4ac6-b109-cb0bf419b6fc] - authentication successful using: PROGRAMMATIC_ACCESS_TOKEN"}
{"level":"INFO","message":"[1:15:44.409 PM]: Connection[id: ebca5902-42f8-4981-94c3-474321fabe7a] - authentication successful using: PROGRAMMATIC_ACCESS_TOKEN"}
{"level":"INFO","message":"[1:15:45.082 PM]: Connection[id: ebca5902-42f8-4981-94c3-474321fabe7a] - connection established successfully after 678.53 milliseconds"}
{"level":"INFO","message":"[1:15:45.099 PM]: Connection[id: f25659a9-f100-4ac6-b109-cb0bf419b6fc] - connection established successfully after 700.17 milliseconds"}
{"level":"INFO","message":"[1:15:45.115 PM]: Connection[id: c1ab99b5-8fb3-4d79-aefc-d53896032d8a] - connection established successfully after 729.65 milliseconds"}
{"level":"INFO","message":"[1:15:45.589 PM]: Connection[id: ce965eb7-dab2-4d14-aecc-cb1459d5ed02] - connection established successfully after 1197.52 milliseconds"}
{"level":"INFO","message":"[1:15:51.285 PM]: Creating new connection object"}
{"level":"INFO","message":"[1:15:51.287 PM]: Creating Connection[id: 3e02c99b-e756-4306-80db-66a0f7242a54] with host: NJ39494.ap-southeast-2.snowflakecomputing.com, account: NJ39494, accessUrl: https://NJ39494.ap-southeast-2.snowflakecomputing.com, user: ARMADHANIHIRO, role: ACCOUNTADMIN, database: ECHO_DB, schema: CORE, warehouse: ECHO_WH, proxy was not configured, password is not provided, region: ap-southeast-2, authenticator: PROGRAMMATIC_ACCESS_TOKEN, ocsp mode: FAIL_OPEN, os: win32, os version: 10.0.26200"}
{"level":"INFO","message":"[1:15:51.288 PM]: Connection[id: 3e02c99b-e756-4306-80db-66a0f7242a54] additional details: passcode in password is provided, passcode is not provided, private key is not provided, application: ECHO, client name: snowflake-sdk, client version: 3.1.0, retry timeout: 300, private key path: undefined, private key pass is not provided, client store temporary credential: false, browser response timeout: 120000"}
{"level":"INFO","message":"[1:15:51.289 PM]: Connection[id: 3e02c99b-e756-4306-80db-66a0f7242a54] - connection object created successfully."}
{"level":"INFO","message":"[1:15:51.289 PM]: Connection[id: 3e02c99b-e756-4306-80db-66a0f7242a54] - async connecting. Associated Snowflake domain: GLOBAL"}
{"level":"INFO","message":"[1:15:51.290 PM]: Creating new connection object"}
{"level":"INFO","message":"[1:15:51.291 PM]: Creating Connection[id: b6cbd55d-cabc-4856-a019-51d2a90a5a71] with host: NJ39494.ap-southeast-2.snowflakecomputing.com, account: NJ39494, accessUrl: https://NJ39494.ap-southeast-2.snowflakecomputing.com, user: ARMADHANIHIRO, role: ACCOUNTADMIN, database: ECHO_DB, schema: CORE, warehouse: ECHO_WH, proxy was not configured, password is not provided, region: ap-southeast-2, authenticator: PROGRAMMATIC_ACCESS_TOKEN, ocsp mode: FAIL_OPEN, os: win32, os version: 10.0.26200"}
{"level":"INFO","message":"[1:15:51.292 PM]: Connection[id: b6cbd55d-cabc-4856-a019-51d2a90a5a71] additional details: passcode in password is provided, passcode is not provided, private key is not provided, application: ECHO, client name: snowflake-sdk, client version: 3.1.0, retry timeout: 300, private key path: undefined, private key pass is not provided, client store temporary credential: false, browser response timeout: 120000"}
{"level":"INFO","message":"[1:15:51.293 PM]: Connection[id: b6cbd55d-cabc-4856-a019-51d2a90a5a71] - connection object created successfully."}
{"level":"INFO","message":"[1:15:51.293 PM]: Connection[id: b6cbd55d-cabc-4856-a019-51d2a90a5a71] - async connecting. Associated Snowflake domain: GLOBAL"}
{"level":"INFO","message":"[1:15:51.294 PM]: Creating new connection object"}
{"level":"INFO","message":"[1:15:51.295 PM]: Creating Connection[id: 5c8761c8-3228-41e1-9ebd-16d0cdb937b7] with host: NJ39494.ap-southeast-2.snowflakecomputing.com, account: NJ39494, accessUrl: https://NJ39494.ap-southeast-2.snowflakecomputing.com, user: ARMADHANIHIRO, role: ACCOUNTADMIN, database: ECHO_DB, schema: CORE, warehouse: ECHO_WH, proxy was not configured, password is not provided, region: ap-southeast-2, authenticator: PROGRAMMATIC_ACCESS_TOKEN, ocsp mode: FAIL_OPEN, os: win32, os version: 10.0.26200"}
{"level":"INFO","message":"[1:15:51.295 PM]: Connection[id: 5c8761c8-3228-41e1-9ebd-16d0cdb937b7] additional details: passcode in password is provided, passcode is not provided, private key is not provided, application: ECHO, client name: snowflake-sdk, client version: 3.1.0, retry timeout: 300, private key path: undefined, private key pass is not provided, client store temporary credential: false, browser response timeout: 120000"}
{"level":"INFO","message":"[1:15:51.296 PM]: Connection[id: 5c8761c8-3228-41e1-9ebd-16d0cdb937b7] - connection object created successfully."}
{"level":"INFO","message":"[1:15:51.297 PM]: Connection[id: 5c8761c8-3228-41e1-9ebd-16d0cdb937b7] - async connecting. Associated Snowflake domain: GLOBAL"}
{"level":"INFO","message":"[1:15:51.297 PM]: Creating new connection object"}
{"level":"INFO","message":"[1:15:51.299 PM]: Creating Connection[id: 2fe07d3d-2252-4004-837c-12cdeb1139eb] with host: NJ39494.ap-southeast-2.snowflakecomputing.com, account: NJ39494, accessUrl: https://NJ39494.ap-southeast-2.snowflakecomputing.com, user: ARMADHANIHIRO, role: ACCOUNTADMIN, database: ECHO_DB, schema: CORE, warehouse: ECHO_WH, proxy was not configured, password is not provided, region: ap-southeast-2, authenticator: PROGRAMMATIC_ACCESS_TOKEN, ocsp mode: FAIL_OPEN, os: win32, os version: 10.0.26200"}
{"level":"INFO","message":"[1:15:51.300 PM]: Connection[id: 2fe07d3d-2252-4004-837c-12cdeb1139eb] additional details: passcode in password is provided, passcode is not provided, private key is not provided, application: ECHO, client name: snowflake-sdk, client version: 3.1.0, retry timeout: 300, private key path: undefined, private key pass is not provided, client store temporary credential: false, browser response timeout: 120000"}
{"level":"INFO","message":"[1:15:51.301 PM]: Connection[id: 2fe07d3d-2252-4004-837c-12cdeb1139eb] - connection object created successfully."}
{"level":"INFO","message":"[1:15:51.302 PM]: Connection[id: 2fe07d3d-2252-4004-837c-12cdeb1139eb] - async connecting. Associated Snowflake domain: GLOBAL"}
{"level":"INFO","message":"[1:15:51.303 PM]: Connection[id: 3e02c99b-e756-4306-80db-66a0f7242a54] - authentication successful using: PROGRAMMATIC_ACCESS_TOKEN"}
{"level":"INFO","message":"[1:15:51.304 PM]: Connection[id: b6cbd55d-cabc-4856-a019-51d2a90a5a71] - authentication successful using: PROGRAMMATIC_ACCESS_TOKEN"}
{"level":"INFO","message":"[1:15:51.305 PM]: Connection[id: 5c8761c8-3228-41e1-9ebd-16d0cdb937b7] - authentication successful using: PROGRAMMATIC_ACCESS_TOKEN"}
{"level":"INFO","message":"[1:15:51.307 PM]: Connection[id: 2fe07d3d-2252-4004-837c-12cdeb1139eb] - authentication successful using: PROGRAMMATIC_ACCESS_TOKEN"}
{"level":"INFO","message":"[1:15:51.821 PM]: Connection[id: 2fe07d3d-2252-4004-837c-12cdeb1139eb] - connection established successfully after 519.2 milliseconds"}
{"level":"INFO","message":"[1:15:51.848 PM]: Connection[id: 3e02c99b-e756-4306-80db-66a0f7242a54] - connection established successfully after 558.26 milliseconds"}
{"level":"INFO","message":"[1:15:51.919 PM]: Connection[id: b6cbd55d-cabc-4856-a019-51d2a90a5a71] - connection established successfully after 625.75 milliseconds"}
{"level":"INFO","message":"[1:15:51.994 PM]: Connection[id: 5c8761c8-3228-41e1-9ebd-16d0cdb937b7] - connection established successfully after 697.73 milliseconds"}
{"level":"INFO","message":"[1:16:00.196 PM]: Creating new connection object"}
{"level":"INFO","message":"[1:16:00.198 PM]: Creating Connection[id: 1283dc83-5ee9-4b73-8ede-ba1d6d466f12] with host: NJ39494.ap-southeast-2.snowflakecomputing.com, account: NJ39494, accessUrl: https://NJ39494.ap-southeast-2.snowflakecomputing.com, user: ARMADHANIHIRO, role: ACCOUNTADMIN, database: ECHO_DB, schema: CORE, warehouse: ECHO_WH, proxy was not configured, password is not provided, region: ap-southeast-2, authenticator: PROGRAMMATIC_ACCESS_TOKEN, ocsp mode: FAIL_OPEN, os: win32, os version: 10.0.26200"}
{"level":"INFO","message":"[1:16:00.199 PM]: Connection[id: 1283dc83-5ee9-4b73-8ede-ba1d6d466f12] additional details: passcode in password is provided, passcode is not provided, private key is not provided, application: ECHO, client name: snowflake-sdk, client version: 3.1.0, retry timeout: 300, private key path: undefined, private key pass is not provided, client store temporary credential: false, browser response timeout: 120000"}
{"level":"INFO","message":"[1:16:00.200 PM]: Connection[id: 1283dc83-5ee9-4b73-8ede-ba1d6d466f12] - connection object created successfully."}
{"level":"INFO","message":"[1:16:00.201 PM]: Connection[id: 1283dc83-5ee9-4b73-8ede-ba1d6d466f12] - async connecting. Associated Snowflake domain: GLOBAL"}
{"level":"INFO","message":"[1:16:00.202 PM]: Creating new connection object"}
{"level":"INFO","message":"[1:16:00.204 PM]: Creating Connection[id: d23d43f3-1dfd-49a4-b412-75bfd38190b9] with host: NJ39494.ap-southeast-2.snowflakecomputing.com, account: NJ39494, accessUrl: https://NJ39494.ap-southeast-2.snowflakecomputing.com, user: ARMADHANIHIRO, role: ACCOUNTADMIN, database: ECHO_DB, schema: CORE, warehouse: ECHO_WH, proxy was not configured, password is not provided, region: ap-southeast-2, authenticator: PROGRAMMATIC_ACCESS_TOKEN, ocsp mode: FAIL_OPEN, os: win32, os version: 10.0.26200"}
{"level":"INFO","message":"[1:16:00.205 PM]: Connection[id: d23d43f3-1dfd-49a4-b412-75bfd38190b9] additional details: passcode in password is provided, passcode is not provided, private key is not provided, application: ECHO, client name: snowflake-sdk, client version: 3.1.0, retry timeout: 300, private key path: undefined, private key pass is not provided, client store temporary credential: false, browser response timeout: 120000"}
{"level":"INFO","message":"[1:16:00.205 PM]: Connection[id: d23d43f3-1dfd-49a4-b412-75bfd38190b9] - connection object created successfully."}
{"level":"INFO","message":"[1:16:00.206 PM]: Connection[id: d23d43f3-1dfd-49a4-b412-75bfd38190b9] - async connecting. Associated Snowflake domain: GLOBAL"}
{"level":"INFO","message":"[1:16:00.206 PM]: Creating new connection object"}
{"level":"INFO","message":"[1:16:00.207 PM]: Creating Connection[id: be1bf165-e548-44a0-94ff-563d44d8bdec] with host: NJ39494.ap-southeast-2.snowflakecomputing.com, account: NJ39494, accessUrl: https://NJ39494.ap-southeast-2.snowflakecomputing.com, user: ARMADHANIHIRO, role: ACCOUNTADMIN, database: ECHO_DB, schema: CORE, warehouse: ECHO_WH, proxy was not configured, password is not provided, region: ap-southeast-2, authenticator: PROGRAMMATIC_ACCESS_TOKEN, ocsp mode: FAIL_OPEN, os: win32, os version: 10.0.26200"}
{"level":"INFO","message":"[1:16:00.208 PM]: Connection[id: be1bf165-e548-44a0-94ff-563d44d8bdec] additional details: passcode in password is provided, passcode is not provided, private key is not provided, application: ECHO, client name: snowflake-sdk, client version: 3.1.0, retry timeout: 300, private key path: undefined, private key pass is not provided, client store temporary credential: false, browser response timeout: 120000"}
{"level":"INFO","message":"[1:16:00.209 PM]: Connection[id: be1bf165-e548-44a0-94ff-563d44d8bdec] - connection object created successfully."}
{"level":"INFO","message":"[1:16:00.210 PM]: Connection[id: be1bf165-e548-44a0-94ff-563d44d8bdec] - async connecting. Associated Snowflake domain: GLOBAL"}
{"level":"INFO","message":"[1:16:00.211 PM]: Creating new connection object"}
{"level":"INFO","message":"[1:16:00.212 PM]: Creating Connection[id: ef18646c-4988-47a0-bf4a-55d988a9b015] with host: NJ39494.ap-southeast-2.snowflakecomputing.com, account: NJ39494, accessUrl: https://NJ39494.ap-southeast-2.snowflakecomputing.com, user: ARMADHANIHIRO, role: ACCOUNTADMIN, database: ECHO_DB, schema: CORE, warehouse: ECHO_WH, proxy was not configured, password is not provided, region: ap-southeast-2, authenticator: PROGRAMMATIC_ACCESS_TOKEN, ocsp mode: FAIL_OPEN, os: win32, os version: 10.0.26200"}
{"level":"INFO","message":"[1:16:00.213 PM]: Connection[id: ef18646c-4988-47a0-bf4a-55d988a9b015] additional details: passcode in password is provided, passcode is not provided, private key is not provided, application: ECHO, client name: snowflake-sdk, client version: 3.1.0, retry timeout: 300, private key path: undefined, private key pass is not provided, client store temporary credential: false, browser response timeout: 120000"}
{"level":"INFO","message":"[1:16:00.214 PM]: Connection[id: ef18646c-4988-47a0-bf4a-55d988a9b015] - connection object created successfully."}
{"level":"INFO","message":"[1:16:00.215 PM]: Connection[id: ef18646c-4988-47a0-bf4a-55d988a9b015] - async connecting. Associated Snowflake domain: GLOBAL"}
{"level":"INFO","message":"[1:16:00.216 PM]: Connection[id: 1283dc83-5ee9-4b73-8ede-ba1d6d466f12] - authentication successful using: PROGRAMMATIC_ACCESS_TOKEN"}
{"level":"INFO","message":"[1:16:00.217 PM]: Connection[id: d23d43f3-1dfd-49a4-b412-75bfd38190b9] - authentication successful using: PROGRAMMATIC_ACCESS_TOKEN"}
{"level":"INFO","message":"[1:16:00.217 PM]: Connection[id: be1bf165-e548-44a0-94ff-563d44d8bdec] - authentication successful using: PROGRAMMATIC_ACCESS_TOKEN"}
{"level":"INFO","message":"[1:16:00.218 PM]: Connection[id: ef18646c-4988-47a0-bf4a-55d988a9b015] - authentication successful using: PROGRAMMATIC_ACCESS_TOKEN"}
{"level":"INFO","message":"[1:16:00.906 PM]: Connection[id: 1283dc83-5ee9-4b73-8ede-ba1d6d466f12] - connection established successfully after 704.91 milliseconds"}
{"level":"INFO","message":"[1:16:00.949 PM]: Connection[id: d23d43f3-1dfd-49a4-b412-75bfd38190b9] - connection established successfully after 743.13 milliseconds"}
{"level":"INFO","message":"[1:16:01.020 PM]: Connection[id: ef18646c-4988-47a0-bf4a-55d988a9b015] - connection established successfully after 805.14 milliseconds"}
{"level":"INFO","message":"[1:16:01.146 PM]: Connection[id: be1bf165-e548-44a0-94ff-563d44d8bdec] - connection established successfully after 935.47 milliseconds"}
{"level":"INFO","message":"[1:16:27.020 PM]: Creating new connection object"}
{"level":"INFO","message":"[1:16:27.025 PM]: Creating Connection[id: 7909577a-839f-49ca-ac61-060fd27c6d40] with host: NJ39494.ap-southeast-2.snowflakecomputing.com, account: NJ39494, accessUrl: https://NJ39494.ap-southeast-2.snowflakecomputing.com, user: ARMADHANIHIRO, role: ACCOUNTADMIN, database: ECHO_DB, schema: CORE, warehouse: ECHO_WH, proxy was not configured, password is not provided, region: ap-southeast-2, authenticator: PROGRAMMATIC_ACCESS_TOKEN, ocsp mode: FAIL_OPEN, os: win32, os version: 10.0.26200"}
{"level":"INFO","message":"[1:16:27.026 PM]: Connection[id: 7909577a-839f-49ca-ac61-060fd27c6d40] additional details: passcode in password is provided, passcode is not provided, private key is not provided, application: ECHO, client name: snowflake-sdk, client version: 3.1.0, retry timeout: 300, private key path: undefined, private key pass is not provided, client store temporary credential: false, browser response timeout: 120000"}
{"level":"INFO","message":"[1:16:27.026 PM]: Connection[id: 7909577a-839f-49ca-ac61-060fd27c6d40] - connection object created successfully."}
{"level":"INFO","message":"[1:16:27.027 PM]: Connection[id: 7909577a-839f-49ca-ac61-060fd27c6d40] - async connecting. Associated Snowflake domain: GLOBAL"}
{"level":"INFO","message":"[1:16:27.028 PM]: Connection[id: 7909577a-839f-49ca-ac61-060fd27c6d40] - authentication successful using: PROGRAMMATIC_ACCESS_TOKEN"}
{"level":"INFO","message":"[1:16:27.475 PM]: Connection[id: 7909577a-839f-49ca-ac61-060fd27c6d40] - connection established successfully after 448.45 milliseconds"}
